Test Suite 'All tests' started at 2026-09-28 21:42:52.826.
Test Suite 'MortimerHostPackageTests.xctest' started at 2026-09-28 21:42:52.826.
Test Suite 'AdaptiveInterfaceClosureC2Tests' started at 2026-09-28 21:42:52.826.
Test Case '-[MortimerHostTests.AdaptiveInterfaceClosureC2Tests testCompactRailPinsClockAboveAgentActivity]' started.
Test Case '-[MortimerHostTests.AdaptiveInterfaceClosureC2Tests testCompactRailPinsClockAboveAgentActivity]' passed (0.374 seconds).
Test Case '-[MortimerHostTests.AdaptiveInterfaceClosureC2Tests testCompactRailRendersAgentActivityAffordance]' started.
Test Case '-[MortimerHostTests.AdaptiveInterfaceClosureC2Tests testCompactRailRendersAgentActivityAffordance]' passed (0.313 seconds).
Test Case '-[MortimerHostTests.AdaptiveInterfaceClosureC2Tests testEnvelopeUsesTheTunedAttackAndRelease]' started.
Test Case '-[MortimerHostTests.AdaptiveInterfaceClosureC2Tests testEnvelopeUsesTheTunedAttackAndRelease]' passed (0.000 seconds).
Test Case '-[MortimerHostTests.AdaptiveInterfaceClosureC2Tests testLargeWaveOnlyWhenReturnedToConversationAndReturnKeepsTheActiveResult]' started.
Test Case '-[MortimerHostTests.AdaptiveInterfaceClosureC2Tests testLargeWaveOnlyWhenReturnedToConversationAndReturnKeepsTheActiveResult]' passed (0.001 seconds).
Test Case '-[MortimerHostTests.AdaptiveInterfaceClosureC2Tests testOverlapLabelIsDerivedAndRendered]' started.
Test Case '-[MortimerHostTests.AdaptiveInterfaceClosureC2Tests testOverlapLabelIsDerivedAndRendered]' passed (0.428 seconds).
Test Case '-[MortimerHostTests.AdaptiveInterfaceClosureC2Tests testProductionPinLimitOfTwentyRefusesTheTwentyFirstWithoutEviction]' started.
Test Case '-[MortimerHostTests.AdaptiveInterfaceClosureC2Tests testProductionPinLimitOfTwentyRefusesTheTwentyFirstWithoutEviction]' passed (0.001 seconds).
Test Case '-[MortimerHostTests.AdaptiveInterfaceClosureC2Tests testTransitionIsSuppressedUnderReduceMotion]' started.
Test Case '-[MortimerHostTests.AdaptiveInterfaceClosureC2Tests testTransitionIsSuppressedUnderReduceMotion]' passed (0.000 seconds).
Test Case '-[MortimerHostTests.AdaptiveInterfaceClosureC2Tests testTuningConstantsMatchInterfacePlanSection7]' started.
Test Case '-[MortimerHostTests.AdaptiveInterfaceClosureC2Tests testTuningConstantsMatchInterfacePlanSection7]' passed (0.000 seconds).
Test Case '-[MortimerHostTests.AdaptiveInterfaceClosureC2Tests testWindowSurfaceResultsShareTheWorkspaceIdentity]' started.
Test Case '-[MortimerHostTests.AdaptiveInterfaceClosureC2Tests testWindowSurfaceResultsShareTheWorkspaceIdentity]' passed (0.000 seconds).
Test Suite 'AdaptiveInterfaceClosureC2Tests' passed at 2026-09-28 21:42:53.945.
	 Executed 9 tests, with 0 failures (0 unexpected) in 1.118 (1.119) seconds
Test Suite 'AdaptiveLayoutMetricsTests' started at 2026-09-28 21:42:53.945.
Test Case '-[MortimerHostTests.AdaptiveLayoutMetricsTests testComparisonThresholdPreservesBothReadablePanes]' started.
Test Case '-[MortimerHostTests.AdaptiveLayoutMetricsTests testComparisonThresholdPreservesBothReadablePanes]' passed (0.000 seconds).
Test Case '-[MortimerHostTests.AdaptiveLayoutMetricsTests testDrawerLeavesReadableResultsAtAllSupportedWindowSizes]' started.
Test Case '-[MortimerHostTests.AdaptiveLayoutMetricsTests testDrawerLeavesReadableResultsAtAllSupportedWindowSizes]' passed (0.000 seconds).
Test Case '-[MortimerHostTests.AdaptiveLayoutMetricsTests testRailThresholdIncludesResultPaddingAndDivider]' started.
Test Case '-[MortimerHostTests.AdaptiveLayoutMetricsTests testRailThresholdIncludesResultPaddingAndDivider]' passed (0.000 seconds).
Test Case '-[MortimerHostTests.AdaptiveLayoutMetricsTests testTemporaryConstraintDoesNotChangeSavedWidth]' started.
Test Case '-[MortimerHostTests.AdaptiveLayoutMetricsTests testTemporaryConstraintDoesNotChangeSavedWidth]' passed (0.000 seconds).
Test Suite 'AdaptiveLayoutMetricsTests' passed at 2026-09-28 21:42:53.946.
	 Executed 4 tests, with 0 failures (0 unexpected) in 0.001 (0.001) seconds
Test Suite 'AgentRunStoreTests' started at 2026-09-28 21:42:53.946.
Test Case '-[MortimerHostTests.AgentRunStoreTests testActivityFallsBackToLiveRun]' started.
Test Case '-[MortimerHostTests.AgentRunStoreTests testActivityFallsBackToLiveRun]' passed (0.000 seconds).
Test Case '-[MortimerHostTests.AgentRunStoreTests testActivityMatchedByRunId]' started.
Test Case '-[MortimerHostTests.AgentRunStoreTests testActivityMatchedByRunId]' passed (0.000 seconds).
Test Case '-[MortimerHostTests.AgentRunStoreTests testDoneSetsOkAndDetail]' started.
Test Case '-[MortimerHostTests.AgentRunStoreTests testDoneSetsOkAndDetail]' passed (0.000 seconds).
Test Case '-[MortimerHostTests.AgentRunStoreTests testNonSelfEditReplaces]' started.
Test Case '-[MortimerHostTests.AgentRunStoreTests testNonSelfEditReplaces]' passed (0.000 seconds).
Test Case '-[MortimerHostTests.AgentRunStoreTests testPlannerModelSticks]' started.
Test Case '-[MortimerHostTests.AgentRunStoreTests testPlannerModelSticks]' passed (0.000 seconds).
Test Case '-[MortimerHostTests.AgentRunStoreTests testSelfEditRunsAppendAndCap]' started.
Test Case '-[MortimerHostTests.AgentRunStoreTests testSelfEditRunsAppendAndCap]' passed (0.002 seconds).
Test Case '-[MortimerHostTests.AgentRunStoreTests testWorkingInsertsRun]' started.
Test Case '-[MortimerHostTests.AgentRunStoreTests testWorkingInsertsRun]' passed (0.000 seconds).
Test Suite 'AgentRunStoreTests' passed at 2026-09-28 21:42:53.949.
	 Executed 7 tests, with 0 failures (0 unexpected) in 0.003 (0.003) seconds
Test Suite 'AttachmentNormalizerTests' started at 2026-09-28 21:42:53.949.
Test Case '-[MortimerHostTests.AttachmentNormalizerTests testImageTypeAndQuotaAreEnforced]' started.
Test Case '-[MortimerHostTests.AttachmentNormalizerTests testImageTypeAndQuotaAreEnforced]' passed (0.003 seconds).
Test Case '-[MortimerHostTests.AttachmentNormalizerTests testTextIsNormalizedAndBounded]' started.
Test Case '-[MortimerHostTests.AttachmentNormalizerTests testTextIsNormalizedAndBounded]' passed (0.001 seconds).
Test Suite 'AttachmentNormalizerTests' passed at 2026-09-28 21:42:53.952.
	 Executed 2 tests, with 0 failures (0 unexpected) in 0.003 (0.003) seconds
Test Suite 'AttachmentStoreTests' started at 2026-09-28 21:42:53.952.
Test Case '-[MortimerHostTests.AttachmentStoreTests testClearInvalidatesLateProviderCompletions]' started.
Test Case '-[MortimerHostTests.AttachmentStoreTests testClearInvalidatesLateProviderCompletions]' passed (0.000 seconds).
Test Case '-[MortimerHostTests.AttachmentStoreTests testSpokenConsentIsAcceptedOnlyForTheVisibleOffer]' started.
Test Case '-[MortimerHostTests.AttachmentStoreTests testSpokenConsentIsAcceptedOnlyForTheVisibleOffer]' passed (0.000 seconds).
Test Case '-[MortimerHostTests.AttachmentStoreTests testStagingApprovalRemovalAndClearAreBoundedAndEphemeral]' started.
Test Case '-[MortimerHostTests.AttachmentStoreTests testStagingApprovalRemovalAndClearAreBoundedAndEphemeral]' passed (0.000 seconds).
Test Case '-[MortimerHostTests.AttachmentStoreTests testVoiceOfferIsVisibleUntilExplicitApprovalOrCancellation]' started.
Test Case '-[MortimerHostTests.AttachmentStoreTests testVoiceOfferIsVisibleUntilExplicitApprovalOrCancellation]' passed (0.000 seconds).
Test Suite 'AttachmentStoreTests' passed at 2026-09-28 21:42:53.953.
	 Executed 4 tests, with 0 failures (0 unexpected) in 0.000 (0.001) seconds
Test Suite 'AudioMeterLatencyReportTests' started at 2026-09-28 21:42:53.953.
Test Case '-[MortimerHostTests.AudioMeterLatencyReportTests testAChannelWithNoObservationsCannotPass]' started.
Test Case '-[MortimerHostTests.AudioMeterLatencyReportTests testAChannelWithNoObservationsCannotPass]' passed (0.000 seconds).
Test Case '-[MortimerHostTests.AudioMeterLatencyReportTests testAnArrivalP95OverTheGateFails]' started.
Test Case '-[MortimerHostTests.AudioMeterLatencyReportTests testAnArrivalP95OverTheGateFails]' passed (0.000 seconds).
Test Case '-[MortimerHostTests.AudioMeterLatencyReportTests testAPassingSessionRecordsTheNumbersAndTheVerdict]' started.
Test Case '-[MortimerHostTests.AudioMeterLatencyReportTests testAPassingSessionRecordsTheNumbersAndTheVerdict]' passed (0.000 seconds).
Test Case '-[MortimerHostTests.AudioMeterLatencyReportTests testAQuietBotDoesNotFailTheGate]' started.
Test Case '-[MortimerHostTests.AudioMeterLatencyReportTests testAQuietBotDoesNotFailTheGate]' passed (0.000 seconds).
Test Case '-[MortimerHostTests.AudioMeterLatencyReportTests testCoverageDescribesActivityAcrossTheSixtySecondWindow]' started.
Test Case '-[MortimerHostTests.AudioMeterLatencyReportTests testCoverageDescribesActivityAcrossTheSixtySecondWindow]' passed (0.000 seconds).
Test Case '-[MortimerHostTests.AudioMeterLatencyReportTests testHeldSnapshotsCannotTurnAShortSampleIntoAPass]' started.
Test Case '-[MortimerHostTests.AudioMeterLatencyReportTests testHeldSnapshotsCannotTurnAShortSampleIntoAPass]' passed (0.000 seconds).
Test Case '-[MortimerHostTests.AudioMeterLatencyReportTests testNoObservationsIsRecordedAsNoDataRatherThanZero]' started.
Test Case '-[MortimerHostTests.AudioMeterLatencyReportTests testNoObservationsIsRecordedAsNoDataRatherThanZero]' passed (0.000 seconds).
Test Case '-[MortimerHostTests.AudioMeterLatencyReportTests testTheReportLandsInTheAcceptanceDirectoryWhenRunFromTheWorkingCopy]' started.
Test Case '-[MortimerHostTests.AudioMeterLatencyReportTests testTheReportLandsInTheAcceptanceDirectoryWhenRunFromTheWorkingCopy]' passed (0.001 seconds).
Test Suite 'AudioMeterLatencyReportTests' passed at 2026-09-28 21:42:53.956.
	 Executed 8 tests, with 0 failures (0 unexpected) in 0.003 (0.003) seconds
Test Suite 'CompactConversationTests' started at 2026-09-28 21:42:53.956.
Test Case '-[MortimerHostTests.CompactConversationTests testSavedCompactPreferenceChangesNativeConversationPresentation]' started.
Test Case '-[MortimerHostTests.CompactConversationTests testSavedCompactPreferenceChangesNativeConversationPresentation]' passed (2.040 seconds).
Test Suite 'CompactConversationTests' passed at 2026-09-28 21:42:55.996.
	 Executed 1 test, with 0 failures (0 unexpected) in 2.040 (2.040) seconds
Test Suite 'ConsoleActionCoordinatorTests' started at 2026-09-28 21:42:55.996.
Test Case '-[MortimerHostTests.ConsoleActionCoordinatorTests testAtlasGroupingAndOrderingAreDeterministic]' started.
Test Case '-[MortimerHostTests.ConsoleActionCoordinatorTests testAtlasGroupingAndOrderingAreDeterministic]' passed (0.002 seconds).
Test Case '-[MortimerHostTests.ConsoleActionCoordinatorTests testDynamicContentPanelUsesStableIdentityAndDoesNotDuplicate]' started.
Test Case '-[MortimerHostTests.ConsoleActionCoordinatorTests testDynamicContentPanelUsesStableIdentityAndDoesNotDuplicate]' passed (0.001 seconds).
Test Case '-[MortimerHostTests.ConsoleActionCoordinatorTests testExtendedResultAtlasPanelAndSidecarActionsUseSharedState]' started.
Test Case '-[MortimerHostTests.ConsoleActionCoordinatorTests testExtendedResultAtlasPanelAndSidecarActionsUseSharedState]' passed (0.000 seconds).
Test Case '-[MortimerHostTests.ConsoleActionCoordinatorTests testGraphActionsRejectUnknownIdentitiesAndOutOfBoundsCoordinates]' started.
Test Case '-[MortimerHostTests.ConsoleActionCoordinatorTests testGraphActionsRejectUnknownIdentitiesAndOutOfBoundsCoordinates]' passed (0.066 seconds).
Test Case '-[MortimerHostTests.ConsoleActionCoordinatorTests testInputAndPresentationActionsRemainBoundedAndTruthful]' started.
Test Case '-[MortimerHostTests.ConsoleActionCoordinatorTests testInputAndPresentationActionsRemainBoundedAndTruthful]' passed (0.001 seconds).
Test Case '-[MortimerHostTests.ConsoleActionCoordinatorTests testInvalidTargetsNeverMutateState]' started.
Test Case '-[MortimerHostTests.ConsoleActionCoordinatorTests testInvalidTargetsNeverMutateState]' passed (0.000 seconds).
Test Case '-[MortimerHostTests.ConsoleActionCoordinatorTests testPanelAndSidecarActionsUseExistingStateOwners]' started.
Test Case '-[MortimerHostTests.ConsoleActionCoordinatorTests testPanelAndSidecarActionsUseExistingStateOwners]' passed (0.000 seconds).
Test Case '-[MortimerHostTests.ConsoleActionCoordinatorTests testPanelDetachAndMoveOpenValueAddressedWindow]' started.
Test Case '-[MortimerHostTests.ConsoleActionCoordinatorTests testPanelDetachAndMoveOpenValueAddressedWindow]' passed (0.000 seconds).
Test Case '-[MortimerHostTests.ConsoleActionCoordinatorTests testPointerHelperUsesTheSameDispatcherAsVoiceRequests]' started.
Test Case '-[MortimerHostTests.ConsoleActionCoordinatorTests testPointerHelperUsesTheSameDispatcherAsVoiceRequests]' passed (0.000 seconds).
Test Case '-[MortimerHostTests.ConsoleActionCoordinatorTests testReturnAllDismissesEveryValueAddressedPanelWindow]' started.
Test Case '-[MortimerHostTests.ConsoleActionCoordinatorTests testReturnAllDismissesEveryValueAddressedPanelWindow]' passed (0.000 seconds).
Test Case '-[MortimerHostTests.ConsoleActionCoordinatorTests testSharePreviewAndCopyUseTheFrozenResult]' started.
Test Case '-[MortimerHostTests.ConsoleActionCoordinatorTests testSharePreviewAndCopyUseTheFrozenResult]' passed (0.005 seconds).
Test Case '-[MortimerHostTests.ConsoleActionCoordinatorTests testStaleRevisionAndUnknownArgumentsNeverMutateState]' started.
Test Case '-[MortimerHostTests.ConsoleActionCoordinatorTests testStaleRevisionAndUnknownArgumentsNeverMutateState]' passed (0.000 seconds).
Test Case '-[MortimerHostTests.ConsoleActionCoordinatorTests testViewSetAndResultModeUseTheSharedWorkspaceOwner]' started.
Test Case '-[MortimerHostTests.ConsoleActionCoordinatorTests testViewSetAndResultModeUseTheSharedWorkspaceOwner]' passed (0.000 seconds).
Test Case '-[MortimerHostTests.ConsoleActionCoordinatorTests testViewSetUsesTheCatalogModeArgumentWithoutRequiringATarget]' started.
Test Case '-[MortimerHostTests.ConsoleActionCoordinatorTests testViewSetUsesTheCatalogModeArgumentWithoutRequiringATarget]' passed (0.000 seconds).
Test Suite 'ConsoleActionCoordinatorTests' passed at 2026-09-28 21:42:56.073.
	 Executed 14 tests, with 0 failures (0 unexpected) in 0.077 (0.077) seconds
Test Suite 'ConsoleActionRegistryTests' started at 2026-09-28 21:42:56.073.
Test Case '-[MortimerHostTests.ConsoleActionRegistryTests testCatalogScalarTypesAreValidatedBeforeMutation]' started.
Test Case '-[MortimerHostTests.ConsoleActionRegistryTests testCatalogScalarTypesAreValidatedBeforeMutation]' passed (0.000 seconds).
Test Case '-[MortimerHostTests.ConsoleActionRegistryTests testDisabledActionCannotValidate]' started.
Test Case '-[MortimerHostTests.ConsoleActionRegistryTests testDisabledActionCannotValidate]' passed (0.000 seconds).
Test Case '-[MortimerHostTests.ConsoleActionRegistryTests testIdentityDependentActionsRequireTheSameSecondaryTargetAsPython]' started.
Test Case '-[MortimerHostTests.ConsoleActionRegistryTests testIdentityDependentActionsRequireTheSameSecondaryTargetAsPython]' passed (0.000 seconds).
Test Case '-[MortimerHostTests.ConsoleActionRegistryTests testRegistryEnumeratesEverySharedActionAndTargetRules]' started.
Test Case '-[MortimerHostTests.ConsoleActionRegistryTests testRegistryEnumeratesEverySharedActionAndTargetRules]' passed (0.000 seconds).
Test Suite 'ConsoleActionRegistryTests' passed at 2026-09-28 21:42:56.074.
	 Executed 4 tests, with 0 failures (0 unexpected) in 0.001 (0.001) seconds
Test Suite 'ContentPanelTests' started at 2026-09-28 21:42:56.074.
Test Case '-[MortimerHostTests.ContentPanelTests testAdditionalPanelRequiresExplicitPinAction]' started.
Test Case '-[MortimerHostTests.ContentPanelTests testAdditionalPanelRequiresExplicitPinAction]' passed (0.000 seconds).
Test Case '-[MortimerHostTests.ContentPanelTests testAllVisibleResultsHaveLocatorsAndRepeatSelectionDoesNotDuplicate]' started.
Test Case '-[MortimerHostTests.ContentPanelTests testAllVisibleResultsHaveLocatorsAndRepeatSelectionDoesNotDuplicate]' passed (0.000 seconds).
Test Case '-[MortimerHostTests.ContentPanelTests testClosedDisplayAlsoKeepsFallbackStageBounded]' started.
Test Case '-[MortimerHostTests.ContentPanelTests testClosedDisplayAlsoKeepsFallbackStageBounded]' passed (0.000 seconds).
Test Case '-[MortimerHostTests.ContentPanelTests testDeveloperRunAppendsDistinctResultsIntoOneDisplayPanel]' started.
Test Case '-[MortimerHostTests.ContentPanelTests testDeveloperRunAppendsDistinctResultsIntoOneDisplayPanel]' passed (0.000 seconds).
Test Case '-[MortimerHostTests.ContentPanelTests testDisplayPanelsKeepIdentityAndRespectBounds]' started.
Test Case '-[MortimerHostTests.ContentPanelTests testDisplayPanelsKeepIdentityAndRespectBounds]' passed (0.000 seconds).
Test Case '-[MortimerHostTests.ContentPanelTests testExactRepeatReusesTheExistingWorkspaceOwnerButNewRunSectionDoesNot]' started.
Test Case '-[MortimerHostTests.ContentPanelTests testExactRepeatReusesTheExistingWorkspaceOwnerButNewRunSectionDoesNot]' passed (0.000 seconds).
Test Case '-[MortimerHostTests.ContentPanelTests testFitRequiresMeasuredViewportAndPreservesReachablePanel]' started.
Test Case '-[MortimerHostTests.ContentPanelTests testFitRequiresMeasuredViewportAndPreservesReachablePanel]' passed (0.000 seconds).
Test Case '-[MortimerHostTests.ContentPanelTests testLastSupportingPanelCanReturnOwnershipToMainWorkspace]' started.
Test Case '-[MortimerHostTests.ContentPanelTests testLastSupportingPanelCanReturnOwnershipToMainWorkspace]' passed (0.000 seconds).
Test Case '-[MortimerHostTests.ContentPanelTests testMainLocatorRequiresALiveSupportingPanel]' started.
Test Case '-[MortimerHostTests.ContentPanelTests testMainLocatorRequiresALiveSupportingPanel]' passed (0.000 seconds).
Test Case '-[MortimerHostTests.ContentPanelTests testOpeningSupportingDisplayPreservesBoundedUnpinnedPanelsAndPins]' started.
Test Case '-[MortimerHostTests.ContentPanelTests testOpeningSupportingDisplayPreservesBoundedUnpinnedPanelsAndPins]' passed (0.000 seconds).
Test Case '-[MortimerHostTests.ContentPanelTests testPanelCapacityRetiresUnpinnedBeforePinnedContent]' started.
Test Case '-[MortimerHostTests.ContentPanelTests testPanelCapacityRetiresUnpinnedBeforePinnedContent]' passed (0.001 seconds).
Test Case '-[MortimerHostTests.ContentPanelTests testPinnedPanelStaysOutsideStageWhenUnpinnedResultsRemain]' started.
Test Case '-[MortimerHostTests.ContentPanelTests testPinnedPanelStaysOutsideStageWhenUnpinnedResultsRemain]' passed (0.000 seconds).
Test Case '-[MortimerHostTests.ContentPanelTests testPointerGraphSharesFullStageWithoutHidingDisplacedResult]' started.
Test Case '-[MortimerHostTests.ContentPanelTests testPointerGraphSharesFullStageWithoutHidingDisplacedResult]' passed (0.001 seconds).
Test Case '-[MortimerHostTests.ContentPanelTests testSeparateDeveloperRunsRemainSeparateDisplayPanels]' started.
Test Case '-[MortimerHostTests.ContentPanelTests testSeparateDeveloperRunsRemainSeparateDisplayPanels]' passed (0.000 seconds).
Test Case '-[MortimerHostTests.ContentPanelTests testSupportingDisplaySharesBoundedUnpinnedPresentations]' started.
Test Case '-[MortimerHostTests.ContentPanelTests testSupportingDisplaySharesBoundedUnpinnedPresentations]' passed (0.000 seconds).
Test Case '-[MortimerHostTests.ContentPanelTests testSupportingStageCapsUnpinnedResultsAndKeepsNewestFocused]' started.
Test Case '-[MortimerHostTests.ContentPanelTests testSupportingStageCapsUnpinnedResultsAndKeepsNewestFocused]' passed (0.000 seconds).
Test Case '-[MortimerHostTests.ContentPanelTests testSupportingStageLeavesPinnedCopiesAsExplicitExtras]' started.
Test Case '-[MortimerHostTests.ContentPanelTests testSupportingStageLeavesPinnedCopiesAsExplicitExtras]' passed (0.000 seconds).
Test Suite 'ContentPanelTests' passed at 2026-09-28 21:42:56.080.
	 Executed 17 tests, with 0 failures (0 unexpected) in 0.005 (0.006) seconds
Test Suite 'ContentWindowRegistryTests' started at 2026-09-28 21:42:56.080.
Test Case '-[MortimerHostTests.ContentWindowRegistryTests testRegistrationIsValueAddressedAndLifecycleOperationsAreIdempotent]' started.
Test Case '-[MortimerHostTests.ContentWindowRegistryTests testRegistrationIsValueAddressedAndLifecycleOperationsAreIdempotent]' passed (0.001 seconds).
Test Suite 'ContentWindowRegistryTests' passed at 2026-09-28 21:42:56.082.
	 Executed 1 test, with 0 failures (0 unexpected) in 0.001 (0.002) seconds
Test Suite 'CrystalOrbShellTests' started at 2026-09-28 21:42:56.082.
Test Case '-[MortimerHostTests.CrystalOrbShellTests testCometsAndNucleusAreUnchanged]' started.
Test Case '-[MortimerHostTests.CrystalOrbShellTests testCometsAndNucleusAreUnchanged]' passed (4.186 seconds).
Test Case '-[MortimerHostTests.CrystalOrbShellTests testCrystalKeepsItsReflectionsInStandby]' started.
Test Case '-[MortimerHostTests.CrystalOrbShellTests testCrystalKeepsItsReflectionsInStandby]' passed (0.921 seconds).
Test Case '-[MortimerHostTests.CrystalOrbShellTests testCrystalReflectionsDoNotFollowVoiceState]' started.
Test Case '-[MortimerHostTests.CrystalOrbShellTests testCrystalReflectionsDoNotFollowVoiceState]' passed (2.308 seconds).
Test Case '-[MortimerHostTests.CrystalOrbShellTests testFresnelStopsFollowSchlickForGlass]' started.
Test Case '-[MortimerHostTests.CrystalOrbShellTests testFresnelStopsFollowSchlickForGlass]' passed (0.000 seconds).
Test Case '-[MortimerHostTests.CrystalOrbShellTests testMirrorPointIsTheHalfVector]' started.
Test Case '-[MortimerHostTests.CrystalOrbShellTests testMirrorPointIsTheHalfVector]' passed (0.000 seconds).
Test Case '-[MortimerHostTests.CrystalOrbShellTests testTheKeyWindowSitsUpperLeftNearTheRim]' started.
Test Case '-[MortimerHostTests.CrystalOrbShellTests testTheKeyWindowSitsUpperLeftNearTheRim]' passed (0.000 seconds).
Test Case '-[MortimerHostTests.CrystalOrbShellTests testTheShellDefaultsToCrystal]' started.
Test Case '-[MortimerHostTests.CrystalOrbShellTests testTheShellDefaultsToCrystal]' passed (0.000 seconds).
Test Suite 'CrystalOrbShellTests' passed at 2026-09-28 21:43:03.498.
	 Executed 7 tests, with 0 failures (0 unexpected) in 7.416 (7.416) seconds
Test Suite 'DisplayPlacementPolicyTests' started at 2026-09-28 21:43:03.498.
Test Case '-[MortimerHostTests.DisplayPlacementPolicyTests testCloseOrDockCancelsReconnectRecovery]' started.
Test Case '-[MortimerHostTests.DisplayPlacementPolicyTests testCloseOrDockCancelsReconnectRecovery]' passed (0.000 seconds).
Test Case '-[MortimerHostTests.DisplayPlacementPolicyTests testFreshConsoleDefaultsToMainDisplayWhenAppKitRestoredItOnAuxiliary]' started.
Test Case '-[MortimerHostTests.DisplayPlacementPolicyTests testFreshConsoleDefaultsToMainDisplayWhenAppKitRestoredItOnAuxiliary]' passed (0.000 seconds).
Test Case '-[MortimerHostTests.DisplayPlacementPolicyTests testManualMoveAfterRecoveryWinsOverReconnect]' started.
Test Case '-[MortimerHostTests.DisplayPlacementPolicyTests testManualMoveAfterRecoveryWinsOverReconnect]' passed (0.000 seconds).
Test Case '-[MortimerHostTests.DisplayPlacementPolicyTests testManualWindowRecoversAfterUnplugEvenWhenAppKitAlreadyMovedIt]' started.
Test Case '-[MortimerHostTests.DisplayPlacementPolicyTests testManualWindowRecoversAfterUnplugEvenWhenAppKitAlreadyMovedIt]' passed (0.000 seconds).
Test Case '-[MortimerHostTests.DisplayPlacementPolicyTests testMirroredDisplaysDoNotCreateAnExtendedAreaOrEmptyWindows]' started.
Test Case '-[MortimerHostTests.DisplayPlacementPolicyTests testMirroredDisplaysDoNotCreateAnExtendedAreaOrEmptyWindows]' passed (0.000 seconds).
Test Case '-[MortimerHostTests.DisplayPlacementPolicyTests testOffscreenTitleBarIsRecoveredAndNegativeCoordinatesAreValid]' started.
Test Case '-[MortimerHostTests.DisplayPlacementPolicyTests testOffscreenTitleBarIsRecoveredAndNegativeCoordinatesAreValid]' passed (0.000 seconds).
Test Case '-[MortimerHostTests.DisplayPlacementPolicyTests testOpeningSecondAuxiliaryUsesLegacySplitWithoutMovingManualWindow]' started.
Test Case '-[MortimerHostTests.DisplayPlacementPolicyTests testOpeningSecondAuxiliaryUsesLegacySplitWithoutMovingManualWindow]' passed (0.000 seconds).
Test Case '-[MortimerHostTests.DisplayPlacementPolicyTests testReopenedManualWindowRestoresItsSavedFrame]' started.
Test Case '-[MortimerHostTests.DisplayPlacementPolicyTests testReopenedManualWindowRestoresItsSavedFrame]' passed (0.000 seconds).
Test Case '-[MortimerHostTests.DisplayPlacementPolicyTests testResolutionShrinkClampsManualWindowAndRestoresWhenItFitsAgain]' started.
Test Case '-[MortimerHostTests.DisplayPlacementPolicyTests testResolutionShrinkClampsManualWindowAndRestoresWhenItFitsAgain]' passed (0.000 seconds).
Test Case '-[MortimerHostTests.DisplayPlacementPolicyTests testStableDisplayRolesSurviveScreenArrayReordering]' started.
Test Case '-[MortimerHostTests.DisplayPlacementPolicyTests testStableDisplayRolesSurviveScreenArrayReordering]' passed (0.000 seconds).
Test Suite 'DisplayPlacementPolicyTests' passed at 2026-09-28 21:43:03.499.
	 Executed 10 tests, with 0 failures (0 unexpected) in 0.001 (0.001) seconds
Test Suite 'DisplayWindowStoreFitTests' started at 2026-09-28 21:43:03.499.
Test Case '-[MortimerHostTests.DisplayWindowStoreFitTests testFitFillsTheViewportAndDropsTheCascadeOffset]' started.
Test Case '-[MortimerHostTests.DisplayWindowStoreFitTests testFitFillsTheViewportAndDropsTheCascadeOffset]' passed (0.000 seconds).
Test Case '-[MortimerHostTests.DisplayWindowStoreFitTests testFitIsANoOpUntilTheViewportIsMeasured]' started.
Test Case '-[MortimerHostTests.DisplayWindowStoreFitTests testFitIsANoOpUntilTheViewportIsMeasured]' passed (0.000 seconds).
Test Case '-[MortimerHostTests.DisplayWindowStoreFitTests testFittedSizeIsNilWhenUnmeasuredOrTooSmall]' started.
Test Case '-[MortimerHostTests.DisplayWindowStoreFitTests testFittedSizeIsNilWhenUnmeasuredOrTooSmall]' passed (0.000 seconds).
Test Case '-[MortimerHostTests.DisplayWindowStoreFitTests testFittedSizeIsViewportMinusInsetOnEverySide]' started.
Test Case '-[MortimerHostTests.DisplayWindowStoreFitTests testFittedSizeIsViewportMinusInsetOnEverySide]' passed (0.000 seconds).
Test Case '-[MortimerHostTests.DisplayWindowStoreFitTests testResizeHasAMinimumButNoMaximum]' started.
Test Case '-[MortimerHostTests.DisplayWindowStoreFitTests testResizeHasAMinimumButNoMaximum]' passed (0.000 seconds).
Test Suite 'DisplayWindowStoreFitTests' passed at 2026-09-28 21:43:03.500.
	 Executed 5 tests, with 0 failures (0 unexpected) in 0.000 (0.001) seconds
Test Suite 'DrawerModelsTests' started at 2026-09-28 21:43:03.500.
Test Case '-[MortimerHostTests.DrawerModelsTests testDraftsAndModelIdentitySurviveSecondPresentationAndTokenRefresh]' started.
Test Case '-[MortimerHostTests.DrawerModelsTests testDraftsAndModelIdentitySurviveSecondPresentationAndTokenRefresh]' passed (0.000 seconds).
Test Case '-[MortimerHostTests.DrawerModelsTests testOutgoingPresentationCannotReleaseIncomingLease]' started.
Test Case '-[MortimerHostTests.DrawerModelsTests testOutgoingPresentationCannotReleaseIncomingLease]' passed (0.000 seconds).
Test Suite 'DrawerModelsTests' passed at 2026-09-28 21:43:03.501.
	 Executed 2 tests, with 0 failures (0 unexpected) in 0.001 (0.001) seconds
Test Suite 'DrawerScrollRestorationTests' started at 2026-09-28 21:43:03.501.
Test Case '-[MortimerHostTests.DrawerScrollRestorationTests testScrollRestoresIntoReplacementNativeWindow]' started.
Test Case '-[MortimerHostTests.DrawerScrollRestorationTests testScrollRestoresIntoReplacementNativeWindow]' passed (0.033 seconds).
Test Suite 'DrawerScrollRestorationTests' passed at 2026-09-28 21:43:03.533.
	 Executed 1 test, with 0 failures (0 unexpected) in 0.033 (0.033) seconds
Test Suite 'DrawerScrollWriterTests' started at 2026-09-28 21:43:03.533.
Test Case '-[MortimerHostTests.DrawerScrollWriterTests testOnlyTheMostRecentlyMountedPresentationRecordsScroll]' started.
Test Case '-[MortimerHostTests.DrawerScrollWriterTests testOnlyTheMostRecentlyMountedPresentationRecordsScroll]' passed (0.000 seconds).
Test Case '-[MortimerHostTests.DrawerScrollWriterTests testWriterLeasesAreIndependentPerTabAndRejectNonFiniteOffsets]' started.
Test Case '-[MortimerHostTests.DrawerScrollWriterTests testWriterLeasesAreIndependentPerTabAndRejectNonFiniteOffsets]' passed (0.000 seconds).
Test Suite 'DrawerScrollWriterTests' passed at 2026-09-28 21:43:03.534.
	 Executed 2 tests, with 0 failures (0 unexpected) in 0.000 (0.000) seconds
Test Suite 'DrawerTabStripKeyboardTests' started at 2026-09-28 21:43:03.534.
Test Case '-[MortimerHostTests.DrawerTabStripKeyboardTests testArrowAndHomeEndKeysMoveSelectionAndRevealTheSelectedLabel]' started.
Test Case '-[MortimerHostTests.DrawerTabStripKeyboardTests testArrowAndHomeEndKeysMoveSelectionAndRevealTheSelectedLabel]' passed (4.629 seconds).
Test Suite 'DrawerTabStripKeyboardTests' passed at 2026-09-28 21:43:08.163.
	 Executed 1 test, with 0 failures (0 unexpected) in 4.629 (4.630) seconds
Test Suite 'DrawerTabStripRenderingTests' started at 2026-09-28 21:43:08.163.
Test Case '-[MortimerHostTests.DrawerTabStripRenderingTests testLargeTextMountedStripRevealsEverySelection]' started.
Test Case '-[MortimerHostTests.DrawerTabStripRenderingTests testLargeTextMountedStripRevealsEverySelection]' passed (6.805 seconds).
Test Case '-[MortimerHostTests.DrawerTabStripRenderingTests testNarrowMountedStripRevealsEverySelectionInBothDirections]' started.
Test Case '-[MortimerHostTests.DrawerTabStripRenderingTests testNarrowMountedStripRevealsEverySelectionInBothDirections]' passed (6.000 seconds).
Test Case '-[MortimerHostTests.DrawerTabStripRenderingTests testNarrowStripRevealsEntireSelectedLastTab]' started.
Test Case '-[MortimerHostTests.DrawerTabStripRenderingTests testNarrowStripRevealsEntireSelectedLastTab]' passed (0.283 seconds).
Test Case '-[MortimerHostTests.DrawerTabStripRenderingTests testOverflowButtonsReachBothEndsWithoutChangingSelection]' started.
Test Case '-[MortimerHostTests.DrawerTabStripRenderingTests testOverflowButtonsReachBothEndsWithoutChangingSelection]' passed (3.604 seconds).
Test Case '-[MortimerHostTests.DrawerTabStripRenderingTests testWideHeaderExposesEveryLabel]' started.
Test Case '-[MortimerHostTests.DrawerTabStripRenderingTests testWideHeaderExposesEveryLabel]' passed (0.244 seconds).
Test Suite 'DrawerTabStripRenderingTests' passed at 2026-09-28 21:43:25.101.
	 Executed 5 tests, with 0 failures (0 unexpected) in 16.936 (16.937) seconds
Test Suite 'DrawerViewMinimumWidthTests' started at 2026-09-28 21:43:25.101.
Test Case '-[MortimerHostTests.DrawerViewMinimumWidthTests testDetachedDrawerAtMinimumWidthKeepsChromeAndEverySelectedLabelReachable]' started.
Test Case '-[MortimerHostTests.DrawerViewMinimumWidthTests testDetachedDrawerAtMinimumWidthKeepsChromeAndEverySelectedLabelReachable]' passed (3.482 seconds).
Test Case '-[MortimerHostTests.DrawerViewMinimumWidthTests testDockedDrawerAtMinimumWidthKeepsChromeAndEverySelectedLabelReachable]' started.
Test Case '-[MortimerHostTests.DrawerViewMinimumWidthTests testDockedDrawerAtMinimumWidthKeepsChromeAndEverySelectedLabelReachable]' passed (3.525 seconds).
Test Suite 'DrawerViewMinimumWidthTests' passed at 2026-09-28 21:43:32.109.
	 Executed 2 tests, with 0 failures (0 unexpected) in 7.008 (7.008) seconds
Test Suite 'FullConsoleRenderingTests' started at 2026-09-28 21:43:32.109.
Test Case '-[MortimerHostTests.FullConsoleRenderingTests testCommandConsoleStartsInConversationWithVoiceControls]' started.
Test Case '-[MortimerHostTests.FullConsoleRenderingTests testCommandConsoleStartsInConversationWithVoiceControls]' passed (3.145 seconds).
Test Case '-[MortimerHostTests.FullConsoleRenderingTests testEnlargedTabTextKeepsFullConsoleControlsReachable]' started.
Test Case '-[MortimerHostTests.FullConsoleRenderingTests testEnlargedTabTextKeepsFullConsoleControlsReachable]' passed (3.349 seconds).
Test Case '-[MortimerHostTests.FullConsoleRenderingTests testMinimumConsoleKeepsOutputAndMicrophoneControlsReachable]' started.
Test Case '-[MortimerHostTests.FullConsoleRenderingTests testMinimumConsoleKeepsOutputAndMicrophoneControlsReachable]' passed (3.285 seconds).
Test Case '-[MortimerHostTests.FullConsoleRenderingTests testUnknownPersistedLayoutFallsBackToAdaptive]' started.
Test Case '-[MortimerHostTests.FullConsoleRenderingTests testUnknownPersistedLayoutFallsBackToAdaptive]' passed (0.000 seconds).
Test Suite 'FullConsoleRenderingTests' passed at 2026-09-28 21:43:41.888.
	 Executed 4 tests, with 0 failures (0 unexpected) in 9.779 (9.779) seconds
Test Suite 'GraphImageURLTests' started at 2026-09-28 21:43:41.888.
Test Case '-[MortimerHostTests.GraphImageURLTests testIsGraphImageMatchesOnlyTheSidecarImageEndpoints]' started.
Test Case '-[MortimerHostTests.GraphImageURLTests testIsGraphImageMatchesOnlyTheSidecarImageEndpoints]' passed (0.000 seconds).
Test Case '-[MortimerHostTests.GraphImageURLTests testRequestSizeClampsToTheSidecarRange]' started.
Test Case '-[MortimerHostTests.GraphImageURLTests testRequestSizeClampsToTheSidecarRange]' passed (0.000 seconds).
Test Case '-[MortimerHostTests.GraphImageURLTests testRequestSizeIsNilUntilMeasured]' started.
Test Case '-[MortimerHostTests.GraphImageURLTests testRequestSizeIsNilUntilMeasured]' passed (0.000 seconds).
Test Case '-[MortimerHostTests.GraphImageURLTests testRequestSizeIsViewportTimesScaleMinusReserve]' started.
Test Case '-[MortimerHostTests.GraphImageURLTests testRequestSizeIsViewportTimesScaleMinusReserve]' passed (0.000 seconds).
Test Case '-[MortimerHostTests.GraphImageURLTests testSizedAppendsWAndHAndKeepsEveryOtherQueryItem]' started.
Test Case '-[MortimerHostTests.GraphImageURLTests testSizedAppendsWAndHAndKeepsEveryOtherQueryItem]' passed (0.000 seconds).
Test Case '-[MortimerHostTests.GraphImageURLTests testSizedReplacesRatherThanDuplicates]' started.
Test Case '-[MortimerHostTests.GraphImageURLTests testSizedReplacesRatherThanDuplicates]' passed (0.000 seconds).
Test Suite 'GraphImageURLTests' passed at 2026-09-28 21:43:41.889.
	 Executed 6 tests, with 0 failures (0 unexpected) in 0.001 (0.001) seconds
Test Suite 'KnowledgeAtlasTests' started at 2026-09-28 21:43:41.889.
Test Case '-[MortimerHostTests.KnowledgeAtlasTests testAtlasSearchAndSelectionPreserveStableCardIdentity]' started.
Test Case '-[MortimerHostTests.KnowledgeAtlasTests testAtlasSearchAndSelectionPreserveStableCardIdentity]' passed (0.000 seconds).
Test Case '-[MortimerHostTests.KnowledgeAtlasTests testContextRefreshRetainsResultIdentityAndManualPlacement]' started.
Test Case '-[MortimerHostTests.KnowledgeAtlasTests testContextRefreshRetainsResultIdentityAndManualPlacement]' passed (0.000 seconds).
Test Case '-[MortimerHostTests.KnowledgeAtlasTests testStableContextIdentityIsRepeatableAndNamespaced]' started.
Test Case '-[MortimerHostTests.KnowledgeAtlasTests testStableContextIdentityIsRepeatableAndNamespaced]' passed (0.000 seconds).
Test Case '-[MortimerHostTests.KnowledgeAtlasTests testVoicePlacementSupportsExactGridAndCollisionSafeRelativeMoves]' started.
Test Case '-[MortimerHostTests.KnowledgeAtlasTests testVoicePlacementSupportsExactGridAndCollisionSafeRelativeMoves]' passed (0.000 seconds).
Test Suite 'KnowledgeAtlasTests' passed at 2026-09-28 21:43:41.890.
	 Executed 4 tests, with 0 failures (0 unexpected) in 0.001 (0.001) seconds
Test Suite 'MemoryGraphClosureC3Tests' started at 2026-09-28 21:43:41.890.
Test Case '-[MortimerHostTests.MemoryGraphClosureC3Tests testDenseHubFixtureHasTheRequiredShapeAndABoundedFiniteLayout]' started.
Test Case '-[MortimerHostTests.MemoryGraphClosureC3Tests testDenseHubFixtureHasTheRequiredShapeAndABoundedFiniteLayout]' passed (1.257 seconds).
Test Case '-[MortimerHostTests.MemoryGraphClosureC3Tests testNoPathWordingMatchesTheInterfacePlanExactly]' started.
Test Case '-[MortimerHostTests.MemoryGraphClosureC3Tests testNoPathWordingMatchesTheInterfacePlanExactly]' passed (0.003 seconds).
Test Case '-[MortimerHostTests.MemoryGraphClosureC3Tests testSelectingAHiddenOrCollapsedNodeKeepsTheFilterAndRevealIsExplicit]' started.
Test Case '-[MortimerHostTests.MemoryGraphClosureC3Tests testSelectingAHiddenOrCollapsedNodeKeepsTheFilterAndRevealIsExplicit]' passed (0.105 seconds).
Test Case '-[MortimerHostTests.MemoryGraphClosureC3Tests testURLSessionSharedIsOnlyUsedByJarvisHTTPAndTheWakeWordSocket]' started.
Test Case '-[MortimerHostTests.MemoryGraphClosureC3Tests testURLSessionSharedIsOnlyUsedByJarvisHTTPAndTheWakeWordSocket]' passed (0.043 seconds).
Test Suite 'MemoryGraphClosureC3Tests' passed at 2026-09-28 21:43:43.297.
	 Executed 4 tests, with 0 failures (0 unexpected) in 1.407 (1.407) seconds
Test Suite 'MemoryGraphFrameTimeTests' started at 2026-09-28 21:43:43.297.
Test Case '-[MortimerHostTests.MemoryGraphFrameTimeTests testPanAndZoomFrameTimesOnTheDenseHubFixtureMeetTheP95Gate]' started.
Test Case '-[MortimerHostTests.MemoryGraphFrameTimeTests testPanAndZoomFrameTimesOnTheDenseHubFixtureMeetTheP95Gate]' passed (17.869 seconds).
Test Suite 'MemoryGraphFrameTimeTests' passed at 2026-09-28 21:44:01.166.
	 Executed 1 test, with 0 failures (0 unexpected) in 17.869 (17.869) seconds
Test Suite 'MemoryGraphImageStoreTests' started at 2026-09-28 21:44:01.166.
Test Case '-[MortimerHostTests.MemoryGraphImageStoreTests testCancelledImageStaysStoppedUntilExplicitReload]' started.
Test Case '-[MortimerHostTests.MemoryGraphImageStoreTests testCancelledImageStaysStoppedUntilExplicitReload]' passed (0.175 seconds).
Test Case '-[MortimerHostTests.MemoryGraphImageStoreTests testInvalidImageHasExplicitErrorAndCanRetry]' started.
Test Case '-[MortimerHostTests.MemoryGraphImageStoreTests testInvalidImageHasExplicitErrorAndCanRetry]' passed (0.087 seconds).
Test Case '-[MortimerHostTests.MemoryGraphImageStoreTests testReparentingReusesImageAndStaleFocusCannotOverwriteIt]' started.
Test Case '-[MortimerHostTests.MemoryGraphImageStoreTests testReparentingReusesImageAndStaleFocusCannotOverwriteIt]' passed (0.191 seconds).
Test Suite 'MemoryGraphImageStoreTests' passed at 2026-09-28 21:44:01.620.
	 Executed 3 tests, with 0 failures (0 unexpected) in 0.454 (0.454) seconds
Test Suite 'MemoryGraphLayoutTests' started at 2026-09-28 21:44:01.620.
Test Case '-[MortimerHostTests.MemoryGraphLayoutTests testDeterministicLayoutAndExpansionPreserveExistingPositions]' started.
Test Case '-[MortimerHostTests.MemoryGraphLayoutTests testDeterministicLayoutAndExpansionPreserveExistingPositions]' passed (0.003 seconds).
Test Case '-[MortimerHostTests.MemoryGraphLayoutTests testFitAndCameraRoundTripSupportNegativeCoordinates]' started.
Test Case '-[MortimerHostTests.MemoryGraphLayoutTests testFitAndCameraRoundTripSupportNegativeCoordinates]' passed (0.000 seconds).
Test Case '-[MortimerHostTests.MemoryGraphLayoutTests testPathUsesUndirectedLoadedEdgesAndFiltersMatter]' started.
Test Case '-[MortimerHostTests.MemoryGraphLayoutTests testPathUsesUndirectedLoadedEdgesAndFiltersMatter]' passed (0.001 seconds).
Test Case '-[MortimerHostTests.MemoryGraphLayoutTests testStressFixturesProduceFiniteBoundedLayout]' started.
Test Case '-[MortimerHostTests.MemoryGraphLayoutTests testStressFixturesProduceFiniteBoundedLayout]' passed (1.481 seconds).
Test Suite 'MemoryGraphLayoutTests' passed at 2026-09-28 21:44:03.105.
	 Executed 4 tests, with 0 failures (0 unexpected) in 1.485 (1.485) seconds
Test Suite 'MemoryGraphRenderingTests' started at 2026-09-28 21:44:03.105.
Test Case '-[MortimerHostTests.MemoryGraphRenderingTests testGraphLayoutsRenderAtCompactAndWideSizes]' started.
Test Case '-[MortimerHostTests.MemoryGraphRenderingTests testGraphLayoutsRenderAtCompactAndWideSizes]' passed (3.631 seconds).
Test Suite 'MemoryGraphRenderingTests' passed at 2026-09-28 21:44:06.737.
	 Executed 1 test, with 0 failures (0 unexpected) in 3.631 (3.631) seconds
Test Suite 'MemoryGraphStoreTests' started at 2026-09-28 21:44:06.737.
Test Case '-[MortimerHostTests.MemoryGraphStoreTests testAmbiguousRefreshedRelationshipsDoNotInventSelectionIdentity]' started.
Test Case '-[MortimerHostTests.MemoryGraphStoreTests testAmbiguousRefreshedRelationshipsDoNotInventSelectionIdentity]' passed (0.026 seconds).
Test Case '-[MortimerHostTests.MemoryGraphStoreTests testBackRestoresCameraSelectionAndFilters]' started.
Test Case '-[MortimerHostTests.MemoryGraphStoreTests testBackRestoresCameraSelectionAndFilters]' passed (0.048 seconds).
Test Case '-[MortimerHostTests.MemoryGraphStoreTests testBackRestoresRelationshipPathSearchAndInspectorState]' started.
Test Case '-[MortimerHostTests.MemoryGraphStoreTests testBackRestoresRelationshipPathSearchAndInspectorState]' passed (0.066 seconds).
Test Case '-[MortimerHostTests.MemoryGraphStoreTests testFailedFullDetailCanRetryWithoutReselectingNode]' started.
Test Case '-[MortimerHostTests.MemoryGraphStoreTests testFailedFullDetailCanRetryWithoutReselectingNode]' passed (0.073 seconds).
Test Case '-[MortimerHostTests.MemoryGraphStoreTests testFirstSuccessfulLoadFitsAfterRestoringFailedVisit]' started.
Test Case '-[MortimerHostTests.MemoryGraphStoreTests testFirstSuccessfulLoadFitsAfterRestoringFailedVisit]' passed (0.124 seconds).
Test Case '-[MortimerHostTests.MemoryGraphStoreTests testGraphRefreshInvalidatesPreviouslyLoadedFullFact]' started.
Test Case '-[MortimerHostTests.MemoryGraphStoreTests testGraphRefreshInvalidatesPreviouslyLoadedFullFact]' passed (0.133 seconds).
Test Case '-[MortimerHostTests.MemoryGraphStoreTests testInitialFitWaitsForUsableViewportAndVisibleNodes]' started.
Test Case '-[MortimerHostTests.MemoryGraphStoreTests testInitialFitWaitsForUsableViewportAndVisibleNodes]' passed (0.042 seconds).
Test Case '-[MortimerHostTests.MemoryGraphStoreTests testLateDetailCannotReplaceNewSelection]' started.
Test Case '-[MortimerHostTests.MemoryGraphStoreTests testLateDetailCannotReplaceNewSelection]' passed (0.168 seconds).
Test Case '-[MortimerHostTests.MemoryGraphStoreTests testManualCameraChangeSupersedesPendingLayoutReset]' started.
Test Case '-[MortimerHostTests.MemoryGraphStoreTests testManualCameraChangeSupersedesPendingLayoutReset]' passed (0.331 seconds).
Test Case '-[MortimerHostTests.MemoryGraphStoreTests testManualNodeMoveRejectsNonFiniteAndOutOfBoundsCoordinates]' started.
Test Case '-[MortimerHostTests.MemoryGraphStoreTests testManualNodeMoveRejectsNonFiniteAndOutOfBoundsCoordinates]' passed (0.048 seconds).
Test Case '-[MortimerHostTests.MemoryGraphStoreTests testRefreshKeepsRelationshipSelectionAndUpdatesSuppliedAttributes]' started.
Test Case '-[MortimerHostTests.MemoryGraphStoreTests testRefreshKeepsRelationshipSelectionAndUpdatesSuppliedAttributes]' passed (0.125 seconds).
Test Case '-[MortimerHostTests.MemoryGraphStoreTests testRefreshPreservesNodeDraggedWhileRequestIsInFlight]' started.
Test Case '-[MortimerHostTests.MemoryGraphStoreTests testRefreshPreservesNodeDraggedWhileRequestIsInFlight]' passed (0.171 seconds).
Test Case '-[MortimerHostTests.MemoryGraphStoreTests testRestoredPopulatedViewKeepsManualCameraAfterReload]' started.
Test Case '-[MortimerHostTests.MemoryGraphStoreTests testRestoredPopulatedViewKeepsManualCameraAfterReload]' passed (0.056 seconds).
Test Case '-[MortimerHostTests.MemoryGraphStoreTests testSavedMetadataContainsNoNodeContentAndRejectsInvalidVersion]' started.
Test Case '-[MortimerHostTests.MemoryGraphStoreTests testSavedMetadataContainsNoNodeContentAndRejectsInvalidVersion]' passed (0.125 seconds).
Test Case '-[MortimerHostTests.MemoryGraphStoreTests testSearchGroupingAndRefreshDoNotInventOrLoseNodes]' started.
Test Case '-[MortimerHostTests.MemoryGraphStoreTests testSearchGroupingAndRefreshDoNotInventOrLoseNodes]' passed (0.073 seconds).
Test Case '-[MortimerHostTests.MemoryGraphStoreTests testStaleRequestCannotReplaceNewerFocus]' started.
Test Case '-[MortimerHostTests.MemoryGraphStoreTests testStaleRequestCannotReplaceNewerFocus]' passed (0.317 seconds).
Test Suite 'MemoryGraphStoreTests' passed at 2026-09-28 21:44:08.668.
	 Executed 16 tests, with 0 failures (0 unexpected) in 1.928 (1.931) seconds
Test Suite 'OrbShellFrameTimeTests' started at 2026-09-28 21:44:08.668.
Test Case '-[MortimerHostTests.OrbShellFrameTimeTests testCrystalShellStaysWithinTheFrameBudget]' started.
Test Case '-[MortimerHostTests.OrbShellFrameTimeTests testCrystalShellStaysWithinTheFrameBudget]' passed (8.501 seconds).
Test Suite 'OrbShellFrameTimeTests' passed at 2026-09-28 21:44:17.169.
	 Executed 1 test, with 0 failures (0 unexpected) in 8.501 (8.502) seconds
Test Suite 'PanelStoreTests' started at 2026-09-28 21:44:17.169.
Test Case '-[MortimerHostTests.PanelStoreTests testContentPanelsFocusExistingAndRefuseTheSeventhWithoutEviction]' started.
Test Case '-[MortimerHostTests.PanelStoreTests testContentPanelsFocusExistingAndRefuseTheSeventhWithoutEviction]' passed (0.000 seconds).
Test Case '-[MortimerHostTests.PanelStoreTests testDetachReturnAndReturnAllAreIdempotent]' started.
Test Case '-[MortimerHostTests.PanelStoreTests testDetachReturnAndReturnAllAreIdempotent]' passed (0.000 seconds).
Test Case '-[MortimerHostTests.PanelStoreTests testReturningContentReleasesCapacityAndInventoryUsesStableIdentity]' started.
Test Case '-[MortimerHostTests.PanelStoreTests testReturningContentReleasesCapacityAndInventoryUsesStableIdentity]' passed (0.000 seconds).
Test Suite 'PanelStoreTests' passed at 2026-09-28 21:44:17.170.
	 Executed 3 tests, with 0 failures (0 unexpected) in 0.001 (0.001) seconds
Test Suite 'PresentationLevelMappingTests' started at 2026-09-28 21:44:17.170.
Test Case '-[MortimerHostTests.PresentationLevelMappingTests testAbsentAndSilentAreDistinct]' started.
Test Case '-[MortimerHostTests.PresentationLevelMappingTests testAbsentAndSilentAreDistinct]' passed (0.000 seconds).
Test Case '-[MortimerHostTests.PresentationLevelMappingTests testAStoredWindowOverridesTheMeasuredDefault]' started.
Test Case '-[MortimerHostTests.PresentationLevelMappingTests testAStoredWindowOverridesTheMeasuredDefault]' passed (0.001 seconds).
Test Case '-[MortimerHostTests.PresentationLevelMappingTests testInvalidWindowsPreserveTheDefaultChannelResponse]' started.
Test Case '-[MortimerHostTests.PresentationLevelMappingTests testInvalidWindowsPreserveTheDefaultChannelResponse]' passed (0.001 seconds).
Test Case '-[MortimerHostTests.PresentationLevelMappingTests testMeasuredVoiceGainMakesQuietInputVisiblyResponsive]' started.
Test Case '-[MortimerHostTests.PresentationLevelMappingTests testMeasuredVoiceGainMakesQuietInputVisiblyResponsive]' passed (0.000 seconds).
Test Case '-[MortimerHostTests.PresentationLevelMappingTests testTheInputWindowSpreadsMeasuredSpeechAcrossItsRange]' started.
Test Case '-[MortimerHostTests.PresentationLevelMappingTests testTheInputWindowSpreadsMeasuredSpeechAcrossItsRange]' passed (0.000 seconds).
Test Case '-[MortimerHostTests.PresentationLevelMappingTests testTheMappingIsClampedSoTheEnvelopeNeverRejectsIt]' started.
Test Case '-[MortimerHostTests.PresentationLevelMappingTests testTheMappingIsClampedSoTheEnvelopeNeverRejectsIt]' passed (0.000 seconds).
Test Case '-[MortimerHostTests.PresentationLevelMappingTests testTheMappingIsMonotonic]' started.
Test Case '-[MortimerHostTests.PresentationLevelMappingTests testTheMappingIsMonotonic]' passed (0.000 seconds).
Test Case '-[MortimerHostTests.PresentationLevelMappingTests testThePlayoutWindowKeepsMortimersVoiceMoving]' started.
Test Case '-[MortimerHostTests.PresentationLevelMappingTests testThePlayoutWindowKeepsMortimersVoiceMoving]' passed (0.000 seconds).
Test Suite 'PresentationLevelMappingTests' passed at 2026-09-28 21:44:17.173.
	 Executed 8 tests, with 0 failures (0 unexpected) in 0.002 (0.003) seconds
Test Suite 'ResponseResultRouterTests' started at 2026-09-28 21:44:17.173.
Test Case '-[MortimerHostTests.ResponseResultRouterTests testAtlasGraphAndComparisonAreNotReplacedByReply]' started.
Test Case '-[MortimerHostTests.ResponseResultRouterTests testAtlasGraphAndComparisonAreNotReplacedByReply]' passed (0.001 seconds).
Test Case '-[MortimerHostTests.ResponseResultRouterTests testClosingResponseOrTileIsNotUndoneByStreaming]' started.
Test Case '-[MortimerHostTests.ResponseResultRouterTests testClosingResponseOrTileIsNotUndoneByStreaming]' passed (0.000 seconds).
Test Case '-[MortimerHostTests.ResponseResultRouterTests testEmptyAssistantDoesNotOpenResultsAndCaptionShowsLatestWords]' started.
Test Case '-[MortimerHostTests.ResponseResultRouterTests testEmptyAssistantDoesNotOpenResultsAndCaptionShowsLatestWords]' passed (0.000 seconds).
Test Case '-[MortimerHostTests.ResponseResultRouterTests testIdenticalAnswersToSeparateRequestsRemainSeparateAndFollowResponses]' started.
Test Case '-[MortimerHostTests.ResponseResultRouterTests testIdenticalAnswersToSeparateRequestsRemainSeparateAndFollowResponses]' passed (0.000 seconds).
Test Case '-[MortimerHostTests.ResponseResultRouterTests testManyResponsesKeepStageBoundedAndHistoryAvailable]' started.
Test Case '-[MortimerHostTests.ResponseResultRouterTests testManyResponsesKeepStageBoundedAndHistoryAvailable]' passed (0.001 seconds).
Test Case '-[MortimerHostTests.ResponseResultRouterTests testStreamingAndToolSubturnsUpdateOneResultWithoutLosingReadingState]' started.
Test Case '-[MortimerHostTests.ResponseResultRouterTests testStreamingAndToolSubturnsUpdateOneResultWithoutLosingReadingState]' passed (0.000 seconds).
Test Case '-[MortimerHostTests.ResponseResultRouterTests testSupportingDisplayOwnsAnswerAndClosingReturnsItToMain]' started.
Test Case '-[MortimerHostTests.ResponseResultRouterTests testSupportingDisplayOwnsAnswerAndClosingReturnsItToMain]' passed (0.000 seconds).
Test Suite 'ResponseResultRouterTests' passed at 2026-09-28 21:44:17.175.
	 Executed 7 tests, with 0 failures (0 unexpected) in 0.002 (0.003) seconds
Test Suite 'RunsRequestOwnershipTests' started at 2026-09-28 21:44:17.175.
Test Case '-[MortimerHostTests.RunsRequestOwnershipTests testCancelledQueuedRefreshDoesNotStartAnotherRequest]' started.
Test Case '-[MortimerHostTests.RunsRequestOwnershipTests testCancelledQueuedRefreshDoesNotStartAnotherRequest]' passed (0.002 seconds).
Test Case '-[MortimerHostTests.RunsRequestOwnershipTests testDetailFailureIsVisibleInsteadOfAnEndlessSpinner]' started.
Test Case '-[MortimerHostTests.RunsRequestOwnershipTests testDetailFailureIsVisibleInsteadOfAnEndlessSpinner]' passed (0.050 seconds).
Test Case '-[MortimerHostTests.RunsRequestOwnershipTests testOldDetailCannotReplaceNewSelectionOrReopenClosedDetail]' started.
Test Case '-[MortimerHostTests.RunsRequestOwnershipTests testOldDetailCannotReplaceNewSelectionOrReopenClosedDetail]' passed (0.679 seconds).
Test Case '-[MortimerHostTests.RunsRequestOwnershipTests testOldFilterErrorCannotReplaceNewResults]' started.
Test Case '-[MortimerHostTests.RunsRequestOwnershipTests testOldFilterErrorCannotReplaceNewResults]' passed (0.329 seconds).
Test Suite 'RunsRequestOwnershipTests' passed at 2026-09-28 21:44:18.236.
	 Executed 4 tests, with 0 failures (0 unexpected) in 1.060 (1.061) seconds
Test Suite 'ScreenPlacementTests' started at 2026-09-28 21:44:18.236.
Test Case '-[MortimerHostTests.ScreenPlacementTests testAppliedMovesAreNotRecordedAsManualButLiveResizeIs]' started.
Test Case '-[MortimerHostTests.ScreenPlacementTests testAppliedMovesAreNotRecordedAsManualButLiveResizeIs]' passed (0.478 seconds).
Test Case '-[MortimerHostTests.ScreenPlacementTests testBurstOfSignalsCollapsesIntoOneRepositionThatRemembersTopology]' started.
Test Case '-[MortimerHostTests.ScreenPlacementTests testBurstOfSignalsCollapsesIntoOneRepositionThatRemembersTopology]' passed (0.006 seconds).
Test Case '-[MortimerHostTests.ScreenPlacementTests testConnectedExternalDisplayIsExposedToPlacementTopology]' started.
/Users/admin/mortimer/verification/macos/MortimerHost/Tests/MortimerHostTests/ScreenPlacementTests.swift:64: -[MortimerHostTests.ScreenPlacementTests testConnectedExternalDisplayIsExposedToPlacementTopology] : Test skipped - requires at least two non-mirrored displays
Test Case '-[MortimerHostTests.ScreenPlacementTests testConnectedExternalDisplayIsExposedToPlacementTopology]' skipped (0.001 seconds).
Test Case '-[MortimerHostTests.ScreenPlacementTests testDetachedPanelPlacementClampsToRequestedVirtualScreen]' started.
Test Case '-[MortimerHostTests.ScreenPlacementTests testDetachedPanelPlacementClampsToRequestedVirtualScreen]' passed (0.004 seconds).
Test Case '-[MortimerHostTests.ScreenPlacementTests testDetachedPanelRecoversAcrossVirtualScreenDisconnectAndReconnect]' started.
Test Case '-[MortimerHostTests.ScreenPlacementTests testDetachedPanelRecoversAcrossVirtualScreenDisconnectAndReconnect]' passed (0.004 seconds).
Test Case '-[MortimerHostTests.ScreenPlacementTests testLostSupportingScreenRequestsDisplaySceneClosureBeforeFrameRecovery]' started.
Test Case '-[MortimerHostTests.ScreenPlacementTests testLostSupportingScreenRequestsDisplaySceneClosureBeforeFrameRecovery]' passed (0.008 seconds).
Test Case '-[MortimerHostTests.ScreenPlacementTests testPersistedRecordsDecodeOrAreRejectedFieldByField]' started.
Test Case '-[MortimerHostTests.ScreenPlacementTests testPersistedRecordsDecodeOrAreRejectedFieldByField]' passed (0.004 seconds).
Test Case '-[MortimerHostTests.ScreenPlacementTests testResetLayoutClearsOnlyPlacementState]' started.
Test Case '-[MortimerHostTests.ScreenPlacementTests testResetLayoutClearsOnlyPlacementState]' passed (0.071 seconds).
Test Case '-[MortimerHostTests.ScreenPlacementTests testWakeSessionScreensAndUnlockSignalsAllScheduleATopologyReposition]' started.
Test Case '-[MortimerHostTests.ScreenPlacementTests testWakeSessionScreensAndUnlockSignalsAllScheduleATopologyReposition]' passed (0.441 seconds).
Test Suite 'ScreenPlacementTests' passed at 2026-09-28 21:44:19.254.
	 Executed 9 tests, with 1 test skipped and 0 failures (0 unexpected) in 1.017 (1.018) seconds
Test Suite 'ScreenPlacementUserAdjustedTests' started at 2026-09-28 21:44:19.254.
Test Case '-[MortimerHostTests.ScreenPlacementUserAdjustedTests testAMoveIsUserAdjusted]' started.
Test Case '-[MortimerHostTests.ScreenPlacementUserAdjustedTests testAMoveIsUserAdjusted]' passed (0.000 seconds).
Test Case '-[MortimerHostTests.ScreenPlacementUserAdjustedTests testAPointOfAppKitRoundingIsNotUserAdjusted]' started.
Test Case '-[MortimerHostTests.ScreenPlacementUserAdjustedTests testAPointOfAppKitRoundingIsNotUserAdjusted]' passed (0.000 seconds).
Test Case '-[MortimerHostTests.ScreenPlacementUserAdjustedTests testAResizeIsUserAdjusted]' started.
Test Case '-[MortimerHostTests.ScreenPlacementUserAdjustedTests testAResizeIsUserAdjusted]' passed (0.000 seconds).
Test Case '-[MortimerHostTests.ScreenPlacementUserAdjustedTests testExactMatchIsNotUserAdjusted]' started.
Test Case '-[MortimerHostTests.ScreenPlacementUserAdjustedTests testExactMatchIsNotUserAdjusted]' passed (0.000 seconds).
Test Case '-[MortimerHostTests.ScreenPlacementUserAdjustedTests testNeverPlacedIsNotUserAdjusted]' started.
Test Case '-[MortimerHostTests.ScreenPlacementUserAdjustedTests testNeverPlacedIsNotUserAdjusted]' passed (0.000 seconds).
Test Suite 'ScreenPlacementUserAdjustedTests' passed at 2026-09-28 21:44:19.255.
	 Executed 5 tests, with 0 failures (0 unexpected) in 0.001 (0.001) seconds
Test Suite 'ShareCoordinatorTests' started at 2026-09-28 21:44:19.255.
Test Case '-[MortimerHostTests.ShareCoordinatorTests testFailedWriterIsNeverReportedAsSaved]' started.
Test Case '-[MortimerHostTests.ShareCoordinatorTests testFailedWriterIsNeverReportedAsSaved]' passed (0.069 seconds).
Test Case '-[MortimerHostTests.ShareCoordinatorTests testPreviewIsAnImmutableSnapshot]' started.
Test Case '-[MortimerHostTests.ShareCoordinatorTests testPreviewIsAnImmutableSnapshot]' passed (0.001 seconds).
Test Case '-[MortimerHostTests.ShareCoordinatorTests testSaveReportsActualWriterOutcomeAndCancelClearsPreview]' started.
Test Case '-[MortimerHostTests.ShareCoordinatorTests testSaveReportsActualWriterOutcomeAndCancelClearsPreview]' passed (0.001 seconds).
Test Suite 'ShareCoordinatorTests' passed at 2026-09-28 21:44:19.327.
	 Executed 3 tests, with 0 failures (0 unexpected) in 0.071 (0.072) seconds
Test Suite 'SupportingDisplayAcceptanceTests' started at 2026-09-28 21:44:19.327.
Test Case '-[MortimerHostTests.SupportingDisplayAcceptanceTests testFourResultStageRendersAVisibleBoundedGrid]' started.
Test Case '-[MortimerHostTests.SupportingDisplayAcceptanceTests testFourResultStageRendersAVisibleBoundedGrid]' passed (0.989 seconds).
Test Case '-[MortimerHostTests.SupportingDisplayAcceptanceTests testPointerSelectedResultSharesStageOnConnectedDisplays]' started.
/Users/admin/mortimer/verification/macos/MortimerHost/Tests/MortimerHostTests/SupportingDisplayAcceptanceTests.swift:70: -[MortimerHostTests.SupportingDisplayAcceptanceTests testPointerSelectedResultSharesStageOnConnectedDisplays] : Test skipped - requires two connected displays
Test Case '-[MortimerHostTests.SupportingDisplayAcceptanceTests testPointerSelectedResultSharesStageOnConnectedDisplays]' skipped (0.000 seconds).
Test Case '-[MortimerHostTests.SupportingDisplayAcceptanceTests testReturningToOriginalPanelsPreservesResearchPinsAndReadingState]' started.
/Users/admin/mortimer/verification/macos/MortimerHost/Tests/MortimerHostTests/SupportingDisplayAcceptanceTests.swift:192: error: -[MortimerHostTests.SupportingDisplayAcceptanceTests testReturningToOriginalPanelsPreservesResearchPinsAndReadingState] : XCTAssertEqual failed: ("Optional(239.99999999999994)") is not equal to ("Optional(240.0)")
Test Case '-[MortimerHostTests.SupportingDisplayAcceptanceTests testReturningToOriginalPanelsPreservesResearchPinsAndReadingState]' failed (3.278 seconds).
Test Case '-[MortimerHostTests.SupportingDisplayAcceptanceTests testStreamedResponseRendersOnlyOnSupportingDisplayThenReturnsToMain]' started.
/Users/admin/mortimer/verification/macos/MortimerHost/Tests/MortimerHostTests/SupportingDisplayAcceptanceTests.swift:16: -[MortimerHostTests.SupportingDisplayAcceptanceTests testStreamedResponseRendersOnlyOnSupportingDisplayThenReturnsToMain] : Test skipped - requires two connected displays
Test Case '-[MortimerHostTests.SupportingDisplayAcceptanceTests testStreamedResponseRendersOnlyOnSupportingDisplayThenReturnsToMain]' skipped (0.000 seconds).
Test Suite 'SupportingDisplayAcceptanceTests' failed at 2026-09-28 21:44:23.595.
	 Executed 4 tests, with 2 tests skipped and 1 failure (0 unexpected) in 4.268 (4.268) seconds
Test Suite 'TabStateTests' started at 2026-09-28 21:44:23.595.
Test Case '-[MortimerHostTests.TabStateTests testEmptyListMapsToEmpty]' started.
Test Case '-[MortimerHostTests.TabStateTests testEmptyListMapsToEmpty]' passed (0.000 seconds).
Test Case '-[MortimerHostTests.TabStateTests testLoadedOtherwise]' started.
Test Case '-[MortimerHostTests.TabStateTests testLoadedOtherwise]' passed (0.000 seconds).
Test Case '-[MortimerHostTests.TabStateTests testOkFalseMapsToError]' started.
Test Case '-[MortimerHostTests.TabStateTests testOkFalseMapsToError]' passed (0.000 seconds).
Test Case '-[MortimerHostTests.TabStateTests testOkFalseWithNoErrorGetsDefaultCopy]' started.
Test Case '-[MortimerHostTests.TabStateTests testOkFalseWithNoErrorGetsDefaultCopy]' passed (0.000 seconds).
Test Case '-[MortimerHostTests.TabStateTests testThrowMapsToError]' started.
Test Case '-[MortimerHostTests.TabStateTests testThrowMapsToError]' passed (0.000 seconds).
Test Case '-[MortimerHostTests.TabStateTests testUnauthorizedNoRetry]' started.
Test Case '-[MortimerHostTests.TabStateTests testUnauthorizedNoRetry]' passed (0.069 seconds).
Test Suite 'TabStateTests' passed at 2026-09-28 21:44:23.665.
	 Executed 6 tests, with 0 failures (0 unexpected) in 0.069 (0.070) seconds
Test Suite 'TabStripViewportTests' started at 2026-09-28 21:44:23.665.
Test Case '-[MortimerHostTests.TabStripViewportTests testBackRevealsNearestHiddenTabRatherThanJumpingToStart]' started.
Test Case '-[MortimerHostTests.TabStripViewportTests testBackRevealsNearestHiddenTabRatherThanJumpingToStart]' passed (0.000 seconds).
Test Case '-[MortimerHostTests.TabStripViewportTests testFittingHeaderHasNoScrollControls]' started.
Test Case '-[MortimerHostTests.TabStripViewportTests testFittingHeaderHasNoScrollControls]' passed (0.000 seconds).
Test Case '-[MortimerHostTests.TabStripViewportTests testForwardRevealsFirstPartiallyHiddenTab]' started.
Test Case '-[MortimerHostTests.TabStripViewportTests testForwardRevealsFirstPartiallyHiddenTab]' passed (0.000 seconds).
Test Case '-[MortimerHostTests.TabStripViewportTests testSubpixelRoundingAndRubberBandingDoNotEnableEndArrow]' started.
Test Case '-[MortimerHostTests.TabStripViewportTests testSubpixelRoundingAndRubberBandingDoNotEnableEndArrow]' passed (0.000 seconds).
Test Case '-[MortimerHostTests.TabStripViewportTests testUnmeasuredTabsDoNotProduceInventedScrollTargets]' started.
Test Case '-[MortimerHostTests.TabStripViewportTests testUnmeasuredTabsDoNotProduceInventedScrollTargets]' passed (0.000 seconds).
Test Suite 'TabStripViewportTests' passed at 2026-09-28 21:44:23.666.
	 Executed 5 tests, with 0 failures (0 unexpected) in 0.000 (0.001) seconds
Test Suite 'UICommandRouterTests' started at 2026-09-28 21:44:23.666.
Test Case '-[MortimerHostTests.UICommandRouterTests testDisplayCloseDismissesWindow]' started.
Test Case '-[MortimerHostTests.UICommandRouterTests testDisplayCloseDismissesWindow]' passed (0.000 seconds).
Test Case '-[MortimerHostTests.UICommandRouterTests testDisplayPopoutOpensDisplay]' started.
Test Case '-[MortimerHostTests.UICommandRouterTests testDisplayPopoutOpensDisplay]' passed (0.000 seconds).
Test Case '-[MortimerHostTests.UICommandRouterTests testDrawerCloseDismissesWindow]' started.
Test Case '-[MortimerHostTests.UICommandRouterTests testDrawerCloseDismissesWindow]' passed (0.000 seconds).
Test Case '-[MortimerHostTests.UICommandRouterTests testDrawerOpenOpensAndSetsTab]' started.
Test Case '-[MortimerHostTests.UICommandRouterTests testDrawerOpenOpensAndSetsTab]' passed (0.000 seconds).
Test Case '-[MortimerHostTests.UICommandRouterTests testDrawerOpenWithNoTabJustOpens]' started.
Test Case '-[MortimerHostTests.UICommandRouterTests testDrawerOpenWithNoTabJustOpens]' passed (0.000 seconds).
Test Case '-[MortimerHostTests.UICommandRouterTests testDrawerPopinRedocks]' started.
Test Case '-[MortimerHostTests.UICommandRouterTests testDrawerPopinRedocks]' passed (0.000 seconds).
Test Case '-[MortimerHostTests.UICommandRouterTests testDrawerPopoutCallsWindowPlacement]' started.
Test Case '-[MortimerHostTests.UICommandRouterTests testDrawerPopoutCallsWindowPlacement]' passed (0.000 seconds).
Test Case '-[MortimerHostTests.UICommandRouterTests testDrawerTabSwitchesActiveTab]' started.
Test Case '-[MortimerHostTests.UICommandRouterTests testDrawerTabSwitchesActiveTab]' passed (0.000 seconds).
Test Case '-[MortimerHostTests.UICommandRouterTests testMicActionsNotDoubleHandled]' started.
Test Case '-[MortimerHostTests.UICommandRouterTests testMicActionsNotDoubleHandled]' passed (0.000 seconds).
Test Case '-[MortimerHostTests.UICommandRouterTests testOverlayDismissClearsPanel]' started.
Test Case '-[MortimerHostTests.UICommandRouterTests testOverlayDismissClearsPanel]' passed (0.000 seconds).
Test Suite 'UICommandRouterTests' passed at 2026-09-28 21:44:23.668.
	 Executed 10 tests, with 0 failures (0 unexpected) in 0.002 (0.002) seconds
Test Suite 'VoicePresentationStateTests' started at 2026-09-28 21:44:23.668.
Test Case '-[MortimerHostTests.VoicePresentationStateTests testDisconnectedAndConnectingIgnoreSpeakingObservations]' started.
Test Case '-[MortimerHostTests.VoicePresentationStateTests testDisconnectedAndConnectingIgnoreSpeakingObservations]' passed (0.000 seconds).
Test Case '-[MortimerHostTests.VoicePresentationStateTests testEnvelopeDependsOnElapsedTimeAndUnavailableClearsImmediately]' started.
Test Case '-[MortimerHostTests.VoicePresentationStateTests testEnvelopeDependsOnElapsedTimeAndUnavailableClearsImmediately]' passed (0.000 seconds).
Test Case '-[MortimerHostTests.VoicePresentationStateTests testLateSnapshotCannotRenewOriginalMeasurementDeadline]' started.
Test Case '-[MortimerHostTests.VoicePresentationStateTests testLateSnapshotCannotRenewOriginalMeasurementDeadline]' passed (0.000 seconds).
Test Case '-[MortimerHostTests.VoicePresentationStateTests testMutedInputPreservesMeasuredMortimerSpeech]' started.
Test Case '-[MortimerHostTests.VoicePresentationStateTests testMutedInputPreservesMeasuredMortimerSpeech]' passed (0.000 seconds).
Test Case '-[MortimerHostTests.VoicePresentationStateTests testMuteDoesNotHideAssistantAndMissingLevelsStayUnavailable]' started.
Test Case '-[MortimerHostTests.VoicePresentationStateTests testMuteDoesNotHideAssistantAndMissingLevelsStayUnavailable]' passed (0.000 seconds).
Test Case '-[MortimerHostTests.VoicePresentationStateTests testOverlapPrioritizesUserWithoutInventingInterruption]' started.
Test Case '-[MortimerHostTests.VoicePresentationStateTests testOverlapPrioritizesUserWithoutInventingInterruption]' passed (0.000 seconds).
Test Case '-[MortimerHostTests.VoicePresentationStateTests testSilenceDoesNotInventThinkingAndStaleSessionCannotSpeak]' started.
Test Case '-[MortimerHostTests.VoicePresentationStateTests testSilenceDoesNotInventThinkingAndStaleSessionCannotSpeak]' passed (0.000 seconds).
Test Suite 'VoicePresentationStateTests' passed at 2026-09-28 21:44:23.669.
	 Executed 7 tests, with 0 failures (0 unexpected) in 0.001 (0.001) seconds
Test Suite 'VoiceWaveRenderingTests' started at 2026-09-28 21:44:23.669.
Test Case '-[MortimerHostTests.VoiceWaveRenderingTests testAtomNucleusFollowsCurrentTalkerColor]' started.
Test Case '-[MortimerHostTests.VoiceWaveRenderingTests testAtomNucleusFollowsCurrentTalkerColor]' passed (0.234 seconds).
Test Case '-[MortimerHostTests.VoiceWaveRenderingTests testAtomRendersBothMeasuredChannelsDuringOverlap]' started.
Test Case '-[MortimerHostTests.VoiceWaveRenderingTests testAtomRendersBothMeasuredChannelsDuringOverlap]' passed (0.579 seconds).
Test Case '-[MortimerHostTests.VoiceWaveRenderingTests testConnectedMutedOrbMatchesIdleAndKeepsMoving]' started.
Test Case '-[MortimerHostTests.VoiceWaveRenderingTests testConnectedMutedOrbMatchesIdleAndKeepsMoving]' passed (0.307 seconds).
Test Case '-[MortimerHostTests.VoiceWaveRenderingTests testIdleNucleusUsesPeriwinkle]' started.
Test Case '-[MortimerHostTests.VoiceWaveRenderingTests testIdleNucleusUsesPeriwinkle]' passed (0.080 seconds).
Test Case '-[MortimerHostTests.VoiceWaveRenderingTests testListeningWithoutMeterKeepsReadyTraceAlive]' started.
Test Case '-[MortimerHostTests.VoiceWaveRenderingTests testListeningWithoutMeterKeepsReadyTraceAlive]' passed (0.192 seconds).
Test Case '-[MortimerHostTests.VoiceWaveRenderingTests testMeasuredSpeakersUseDistinctRenderedColors]' started.
Test Case '-[MortimerHostTests.VoiceWaveRenderingTests testMeasuredSpeakersUseDistinctRenderedColors]' passed (1.126 seconds).
Test Case '-[MortimerHostTests.VoiceWaveRenderingTests testMutedReducedMotionAndDisconnectedOrbRemainStill]' started.
Test Case '-[MortimerHostTests.VoiceWaveRenderingTests testMutedReducedMotionAndDisconnectedOrbRemainStill]' passed (0.359 seconds).
Test Case '-[MortimerHostTests.VoiceWaveRenderingTests testOrbitalTravelIsBoundedWhenAudioChangesAtLongUptime]' started.
Test Case '-[MortimerHostTests.VoiceWaveRenderingTests testOrbitalTravelIsBoundedWhenAudioChangesAtLongUptime]' passed (0.000 seconds).
Test Case '-[MortimerHostTests.VoiceWaveRenderingTests testReducedMotionFreezesIdlePlasmaAndComets]' started.
Test Case '-[MortimerHostTests.VoiceWaveRenderingTests testReducedMotionFreezesIdlePlasmaAndComets]' passed (0.187 seconds).
Test Case '-[MortimerHostTests.VoiceWaveRenderingTests testUnavailableSpeechRendersIdenticallyAcrossTime]' started.
Test Case '-[MortimerHostTests.VoiceWaveRenderingTests testUnavailableSpeechRendersIdenticallyAcrossTime]' passed (0.175 seconds).
Test Suite 'VoiceWaveRenderingTests' passed at 2026-09-28 21:44:26.909.
	 Executed 10 tests, with 0 failures (0 unexpected) in 3.239 (3.240) seconds
Test Suite 'WindowVisibilityTests' started at 2026-09-28 21:44:26.909.
Test Case '-[MortimerHostTests.WindowVisibilityTests testActualWindowHideShowAndDetachUpdateVisibility]' started.
Test Case '-[MortimerHostTests.WindowVisibilityTests testActualWindowHideShowAndDetachUpdateVisibility]' passed (1.646 seconds).
Test Case '-[MortimerHostTests.WindowVisibilityTests testReducedMotionKeepsVisibleWaveStatic]' started.
Test Case '-[MortimerHostTests.WindowVisibilityTests testReducedMotionKeepsVisibleWaveStatic]' passed (0.740 seconds).
Test Case '-[MortimerHostTests.WindowVisibilityTests testStoppedObserverCannotDeliverQueuedState]' started.
Test Case '-[MortimerHostTests.WindowVisibilityTests testStoppedObserverCannotDeliverQueuedState]' passed (0.204 seconds).
Test Case '-[MortimerHostTests.WindowVisibilityTests testWaveStopsSamplingWhileWindowHiddenAndResumes]' started.
Test Case '-[MortimerHostTests.WindowVisibilityTests testWaveStopsSamplingWhileWindowHiddenAndResumes]' passed (1.928 seconds).
Test Suite 'WindowVisibilityTests' passed at 2026-09-28 21:44:31.428.
	 Executed 4 tests, with 0 failures (0 unexpected) in 4.518 (4.519) seconds
Test Suite 'WorkspaceRenderingTests' started at 2026-09-28 21:44:31.428.
Test Case '-[MortimerHostTests.WorkspaceRenderingTests testWorkspaceRendersAtMinimumReadableWidthAndInComparison]' started.
Test Case '-[MortimerHostTests.WorkspaceRenderingTests testWorkspaceRendersAtMinimumReadableWidthAndInComparison]' passed (0.718 seconds).
Test Suite 'WorkspaceRenderingTests' passed at 2026-09-28 21:44:32.147.
	 Executed 1 test, with 0 failures (0 unexpected) in 0.718 (0.719) seconds
Test Suite 'WorkspaceResultDetailsTests' started at 2026-09-28 21:44:32.147.
Test Case '-[MortimerHostTests.WorkspaceResultDetailsTests testExportPreservesSuppliedFieldsButNeverIncludesClipboard]' started.
Test Case '-[MortimerHostTests.WorkspaceResultDetailsTests testExportPreservesSuppliedFieldsButNeverIncludesClipboard]' passed (0.000 seconds).
Test Case '-[MortimerHostTests.WorkspaceResultDetailsTests testExportSuccessFollowsActualWriteAndFailureIsNotReportedAsSaved]' started.
Test Case '-[MortimerHostTests.WorkspaceResultDetailsTests testExportSuccessFollowsActualWriteAndFailureIsNotReportedAsSaved]' passed (0.016 seconds).
Test Case '-[MortimerHostTests.WorkspaceResultDetailsTests testOnlyWebSourceAddressesAreOpenable]' started.
Test Case '-[MortimerHostTests.WorkspaceResultDetailsTests testOnlyWebSourceAddressesAreOpenable]' passed (0.000 seconds).
Test Case '-[MortimerHostTests.WorkspaceResultDetailsTests testScopedExportUsesOneBasedDeterministicSections]' started.
Test Case '-[MortimerHostTests.WorkspaceResultDetailsTests testScopedExportUsesOneBasedDeterministicSections]' passed (0.000 seconds).
Test Case '-[MortimerHostTests.WorkspaceResultDetailsTests testSourceInspectionSurvivesPresentationChangesWithoutChangingSelectionOrScroll]' started.
Test Case '-[MortimerHostTests.WorkspaceResultDetailsTests testSourceInspectionSurvivesPresentationChangesWithoutChangingSelectionOrScroll]' passed (0.000 seconds).
Test Suite 'WorkspaceResultDetailsTests' passed at 2026-09-28 21:44:32.164.
	 Executed 5 tests, with 0 failures (0 unexpected) in 0.017 (0.017) seconds
Test Suite 'WorkspaceSourcesRenderingTests' started at 2026-09-28 21:44:32.164.
Test Case '-[MortimerHostTests.WorkspaceSourcesRenderingTests testSourceListAndWideInspectorRender]' started.
Test Case '-[MortimerHostTests.WorkspaceSourcesRenderingTests testSourceListAndWideInspectorRender]' passed (0.569 seconds).
Test Suite 'WorkspaceSourcesRenderingTests' passed at 2026-09-28 21:44:32.733.
	 Executed 1 test, with 0 failures (0 unexpected) in 0.569 (0.569) seconds
Test Suite 'WorkspaceStoreTests' started at 2026-09-28 21:44:32.733.
Test Case '-[MortimerHostTests.WorkspaceStoreTests testArrivalPreservesReadingComparisonAndScroll]' started.
Test Case '-[MortimerHostTests.WorkspaceStoreTests testArrivalPreservesReadingComparisonAndScroll]' passed (0.000 seconds).
Test Case '-[MortimerHostTests.WorkspaceStoreTests testCloseActivePromotesComparisonAndRemovesOnlyItsMetadata]' started.
Test Case '-[MortimerHostTests.WorkspaceStoreTests testCloseActivePromotesComparisonAndRemovesOnlyItsMetadata]' passed (0.000 seconds).
Test Case '-[MortimerHostTests.WorkspaceStoreTests testClosingWorkspaceTabPreservesOutputHistoryAndSharedIdentity]' started.
Test Case '-[MortimerHostTests.WorkspaceStoreTests testClosingWorkspaceTabPreservesOutputHistoryAndSharedIdentity]' passed (0.001 seconds).
Test Case '-[MortimerHostTests.WorkspaceStoreTests testConsoleInventoryJSONContainsBoundedTargetsWithoutResultBody]' started.
Test Case '-[MortimerHostTests.WorkspaceStoreTests testConsoleInventoryJSONContainsBoundedTargetsWithoutResultBody]' passed (0.000 seconds).
Test Case '-[MortimerHostTests.WorkspaceStoreTests testConsoleInventoryRevisionTracksSelectionAndModeChanges]' started.
Test Case '-[MortimerHostTests.WorkspaceStoreTests testConsoleInventoryRevisionTracksSelectionAndModeChanges]' passed (0.000 seconds).
Test Case '-[MortimerHostTests.WorkspaceStoreTests testExplicitConversationChoiceSurvivesNewResults]' started.
Test Case '-[MortimerHostTests.WorkspaceStoreTests testExplicitConversationChoiceSurvivesNewResults]' passed (0.000 seconds).
Test Case '-[MortimerHostTests.WorkspaceStoreTests testFirstResultDoesNotUndoReturnFromGraphToConversation]' started.
Test Case '-[MortimerHostTests.WorkspaceStoreTests testFirstResultDoesNotUndoReturnFromGraphToConversation]' passed (0.000 seconds).
Test Case '-[MortimerHostTests.WorkspaceStoreTests testFirstResultStillOpensWorkspaceWithoutExplicitNavigation]' started.
Test Case '-[MortimerHostTests.WorkspaceStoreTests testFirstResultStillOpensWorkspaceWithoutExplicitNavigation]' passed (0.000 seconds).
Test Case '-[MortimerHostTests.WorkspaceStoreTests testFirstResultWhileBrowsingGraphIsUnreadAndPreservesGraph]' started.
Test Case '-[MortimerHostTests.WorkspaceStoreTests testFirstResultWhileBrowsingGraphIsUnreadAndPreservesGraph]' passed (0.000 seconds).
Test Case '-[MortimerHostTests.WorkspaceStoreTests testGraphDisplayAssignmentReusesGraphOwnerAndKeepsCompactComparisonChoice]' started.
Test Case '-[MortimerHostTests.WorkspaceStoreTests testGraphDisplayAssignmentReusesGraphOwnerAndKeepsCompactComparisonChoice]' passed (0.000 seconds).
Test Case '-[MortimerHostTests.WorkspaceStoreTests testIdenticalPayloadsAreDistinctButSameReceiptIsNotDuplicated]' started.
Test Case '-[MortimerHostTests.WorkspaceStoreTests testIdenticalPayloadsAreDistinctButSameReceiptIsNotDuplicated]' passed (0.000 seconds).
Test Case '-[MortimerHostTests.WorkspaceStoreTests testOutputExpansionBelongsToHistoryAndDoesNotReopenCollapsedItems]' started.
Test Case '-[MortimerHostTests.WorkspaceStoreTests testOutputExpansionBelongsToHistoryAndDoesNotReopenCollapsedItems]' passed (0.000 seconds).
Test Case '-[MortimerHostTests.WorkspaceStoreTests testPinLimitRefusesWithoutEviction]' started.
Test Case '-[MortimerHostTests.WorkspaceStoreTests testPinLimitRefusesWithoutEviction]' passed (0.000 seconds).
Test Case '-[MortimerHostTests.WorkspaceStoreTests testSupportingResultSurvivesHistoryTrimmingWithoutChangingMainSelection]' started.
Test Case '-[MortimerHostTests.WorkspaceStoreTests testSupportingResultSurvivesHistoryTrimmingWithoutChangingMainSelection]' passed (0.000 seconds).
Test Suite 'WorkspaceStoreTests' passed at 2026-09-28 21:44:32.736.
	 Executed 14 tests, with 0 failures (0 unexpected) in 0.003 (0.003) seconds
Test Suite 'MortimerHostPackageTests.xctest' failed at 2026-09-28 21:44:32.737.
	 Executed 256 tests, with 3 tests skipped and 1 failure (0 unexpected) in 99.889 (99.910) seconds
Test Suite 'All tests' failed at 2026-09-28 21:44:32.737.
	 Executed 256 tests, with 3 tests skipped and 1 failure (0 unexpected) in 99.889 (99.911) seconds
P4 frame time: p50 10.68062500007727 ms, p95 15.246666666598685 ms, max 17.697750000024826 ms; control p50 7.304583333279879 ms; main thread p95 15.18629166662322 ms; test rasterize p50 813.0357083334729 ms → /Users/admin/mortimer/verification/macos/MortimerHost/.build/interface-fixtures/P4-frame-time.json
P4 layer: NSViewBackingLayer async=false bounds=1440x900
P4 layer:  CALayer async=false bounds=1440x900
P4 layer:  RBDrawingLayer async=false bounds=592x580
P4 layer:   RBImageQueueLayer async=false bounds=0x0
Graph layout fixture 50 nodes / 100 edges: 0.026684045791625977 seconds; not a frame-time measurement
Graph layout fixture 200 nodes / 400 edges: 0.20948898792266846 seconds; not a frame-time measurement
Graph layout fixture 500 nodes / 2000 edges: 1.2286350727081299 seconds; not a frame-time measurement
Synthetic graph snapshot: /Users/admin/mortimer/verification/macos/MortimerHost/.build/interface-fixtures/memory-graph-50.png
Synthetic graph snapshot: /Users/admin/mortimer/verification/macos/MortimerHost/.build/interface-fixtures/memory-graph-200.png
Synthetic graph snapshot: /Users/admin/mortimer/verification/macos/MortimerHost/.build/interface-fixtures/memory-graph-500.png
Orb frame time p50/p95: empty 6.649/7.392, legacy 7.812/19.501, crystal 7.847/11.792 ms
VISIBILITY_FIXTURE active=false screens=1 onSpace=true frame=(0.0, 60.0, 300.0, 192.0) occlusion=8194
◇ Test run started.
↳ Testing Library Version: 1902
↳ Target Platform: arm64e-apple-macos14.0
✔ Test run with 0 tests in 0 suites passed after 0.001 seconds.

Building for debugging...
[0/13] /Users/admin/mortimer/verification/macos/MortimerHost/.build/arm64-apple-macosx/debug/MortimerHostPackageTests.derived/runner.swift
[1/13] Write sources
[1/13] Write MortimerHost-entitlement.plist
[1/13] Write sources
[6/13] Copying WebRTC.framework
[7/13] Write swift-version-5975E236E64FF690.txt
[9/35] Compiling JarvisKit JSONValue.swift
[10/35] Compiling JarvisKit JarvisClient.swift
[11/35] Compiling JarvisKit JarvisConfig.swift
[12/35] Compiling JarvisKit JarvisHTTP.swift
[13/35] Compiling JarvisKit KeychainStore.swift
[14/35] Compiling JarvisKit MemoryGraphAPI.swift
[15/35] Compiling JarvisKit MessagePrivacy.swift
[16/41] Compiling JarvisKit AudioOutputMonitor.swift
[17/41] Compiling JarvisKit AudioSession.swift
[18/41] Compiling JarvisKit ClientMessage.swift
[19/41] Compiling JarvisKit ConsoleProtocol.swift
[20/41] Compiling JarvisKit CostsAPI.swift
[21/41] Compiling JarvisKit DirectWebRTCTransport.swift
[22/41] Compiling JarvisKit GraphImageRequests.swift
[23/41] Compiling JarvisKit AdminAPI.swift
[24/41] Compiling JarvisKit AppMessage.swift
[25/41] Compiling JarvisKit AudioActivity.swift
[26/41] Compiling JarvisKit AudioActivityObserver.swift
[27/41] Compiling JarvisKit AudioDeviceTuning.swift
[28/41] Compiling JarvisKit AudioEngineIO.swift
[29/41] Compiling JarvisKit AudioInputCoordinator.swift
[30/41] Emitting module JarvisKit
[31/41] Compiling JarvisKit NativeAudioTransport.swift
[32/41] Compiling JarvisKit PipecatFrameCodec.swift
[33/41] Compiling JarvisKit RTVITransport.swift
[34/41] Compiling JarvisKit SharedContentTransfer.swift
[35/41] Compiling JarvisKit Signalling.swift
[36/41] Compiling JarvisKit WakeWordListener.swift
[37/102] Emitting module MortimerHost
[38/122] Compiling MortimerHost CommandConsoleView.swift
[39/122] Compiling MortimerHost ConsoleView.swift
[40/122] Compiling MortimerHost CrystalGlassRig.swift
[41/122] Compiling MortimerHost DetachedPanelView.swift
[42/122] Compiling MortimerHost MicControlsView.swift
[43/122] Compiling MortimerHost OrbFieldView.swift
[44/122] Compiling MortimerHost SystemVitalsView.swift
[45/122] Compiling MortimerHost TopBarView.swift
[46/122] Compiling MortimerHost VoiceConsoleView.swift
[47/122] Compiling MortimerHost VoiceWaveView.swift
[48/122] Compiling MortimerHost WaveTuningView.swift
[49/122] Compiling MortimerHost WindowVisibilityReader.swift
[50/122] Compiling MortimerHost AtlasCardView.swift
[51/122] Compiling MortimerHost ContentPanelView.swift
[52/122] Compiling MortimerHost DisplayContentView.swift
[53/122] Compiling MortimerHost DisplayWindowStore.swift
[54/122] Compiling MortimerHost DisplayWindowView.swift
[55/122] Compiling MortimerHost GraphImageView.swift
[56/122] Compiling MortimerHost KnowledgeAtlasView.swift
[57/122] Compiling MortimerHost MemoryGraphCanvas.swift
[58/122] Compiling MortimerHost MemoryGraphImageStore.swift
[59/122] Compiling MortimerHost MemoryGraphLayout.swift
[60/122] Compiling MortimerHost MemoryGraphSource.swift
[61/122] Compiling MortimerHost MemoryGraphStore.swift
[62/122] Compiling MortimerHost MemoryGraphView.swift
[63/122] Compiling MortimerHost ShareCoordinator.swift
[64/122] Compiling MortimerHost SharePreviewView.swift
[65/122] Compiling MortimerHost WorkspaceExportCoordinator.swift
[66/122] Compiling MortimerHost WorkspaceResultDetails.swift
[67/122] Compiling MortimerHost WorkspaceResultPane.swift
[68/122] Compiling MortimerHost WorkspaceSourcesView.swift
[69/122] Compiling MortimerHost WorkspaceView.swift
[70/122] Compiling MortimerHost AgentsTab.swift
[71/122] Compiling MortimerHost CostsTab.swift
[72/122] Compiling MortimerHost CouncilRosterView.swift
[73/122] Compiling MortimerHost DrawerModels.swift
[74/122] Compiling MortimerHost DrawerScrollPosition.swift
[75/122] Compiling MortimerHost DrawerTabStrip.swift
[76/122] Compiling MortimerHost DrawerView.swift
[77/122] Compiling MortimerHost EditTab.swift
[78/122] Compiling MortimerHost AppMessageRouter.swift
[79/122] Compiling MortimerHost AppTheme.swift
[80/122] Compiling MortimerHost AppTuning.swift
[81/122] Compiling MortimerHost AudioMeterLatencyReport.swift
[82/122] Compiling MortimerHost ConsoleActionCoordinator.swift
[83/122] Compiling MortimerHost ConsoleActionRegistry.swift
[84/122] Compiling MortimerHost Glass.swift
[85/122] Compiling MortimerHost InterfaceLayoutVersion.swift
[86/122] Compiling MortimerHost MortimerHostApp.swift
[87/122] Compiling MortimerHost ResponseResultRouter.swift
[88/122] Compiling MortimerHost Sounds.swift
[89/122] Compiling MortimerHost UICommandRouter.swift
[90/122] Compiling MortimerHost VoicePresentationState.swift
[91/122] Compiling MortimerHost VoiceState.swift
[92/122] Compiling MortimerHost AdaptiveLayoutMetrics.swift
[93/122] Compiling MortimerHost AdaptiveStageView.swift
[94/122] Compiling MortimerHost AmbientStripView.swift
[95/122] Compiling MortimerHost AttachmentNormalizer.swift
[96/122] Compiling MortimerHost AttachmentTrayView.swift
[97/122] Compiling MortimerHost CometOrbRenderer.swift
[98/122] Compiling MortimerHost LogTab.swift
[99/122] Compiling MortimerHost MemoryTab.swift
[100/122] Compiling MortimerHost OutputTab.swift
[101/122] Compiling MortimerHost RepoTab.swift
[102/122] Compiling MortimerHost RunsTab.swift
[103/122] Compiling MortimerHost TabState.swift
[104/122] Compiling MortimerHost TabStripViewport.swift
[105/122] Compiling MortimerHost ContentWindowRegistry.swift
[106/122] Compiling MortimerHost DisplayPlacementPolicy.swift
[107/122] Compiling MortimerHost ScreenPlacement.swift
[108/122] Compiling MortimerHost WindowLookup.swift
[109/122] Compiling MortimerHost WindowPlacement.swift
[110/122] Compiling MortimerHost AgentRunStore.swift
[111/122] Compiling MortimerHost AtlasStore.swift
[112/122] Compiling MortimerHost AttachmentStore.swift
[113/122] Compiling MortimerHost ConversationStore.swift
[114/122] Compiling MortimerHost DisplayResultStore.swift
[115/122] Compiling MortimerHost PanelStore.swift
[116/122] Compiling MortimerHost SharedMediaStore.swift
[117/122] Compiling MortimerHost WorkspaceStore.swift
[117/122] Write Objects.LinkFileList
[118/122] Linking MortimerHost
[119/122] Applying MortimerHost
[121/156] Compiling MortimerHostTests CrystalOrbShellTests.swift
/Users/admin/mortimer/verification/macos/MortimerHost/Tests/MortimerHostTests/DrawerTabStripKeyboardTests.swift:13:30: warning: 'accessibilitySetValue(_:forAttribute:)' was deprecated in macOS 10.10: Use the NSAccessibility protocol methods instead (see NSAccessibilityProtocols.h) [#DeprecatedDeclaration]
 11 |     func testArrowAndHomeEndKeysMoveSelectionAndRevealTheSelectedLabel() throws {
 12 |         _ = NSApplication.shared
 13 |         NSApplication.shared.accessibilitySetValue(true,
    |                              `- warning: 'accessibilitySetValue(_:forAttribute:)' was deprecated in macOS 10.10: Use the NSAccessibility protocol methods instead (see NSAccessibilityProtocols.h) [#DeprecatedDeclaration]
 14 |             forAttribute: NSAccessibility.Attribute(rawValue: "AXEnhancedUserInterface"))
 15 |         let selection = KeyboardHeaderSelection()

/Users/admin/mortimer/verification/macos/MortimerHost/Tests/MortimerHostTests/DrawerTabStripRenderingTests.swift:11:30: warning: 'accessibilitySetValue(_:forAttribute:)' was deprecated in macOS 10.10: Use the NSAccessibility protocol methods instead (see NSAccessibilityProtocols.h) [#DeprecatedDeclaration]
  9 |     func testNarrowStripRevealsEntireSelectedLastTab() throws {
 10 |         _ = NSApplication.shared
 11 |         NSApplication.shared.accessibilitySetValue(true,
    |                              `- warning: 'accessibilitySetValue(_:forAttribute:)' was deprecated in macOS 10.10: Use the NSAccessibility protocol methods instead (see NSAccessibilityProtocols.h) [#DeprecatedDeclaration]
 12 |             forAttribute: NSAccessibility.Attribute(rawValue: "AXEnhancedUserInterface"))
 13 |         let view = NSHostingView(rootView: DrawerTabStrip(selectedTab: "costs", attention: [:], select: { _ in })

/Users/admin/mortimer/verification/macos/MortimerHost/Tests/MortimerHostTests/DrawerTabStripRenderingTests.swift:53:30: warning: 'accessibilitySetValue(_:forAttribute:)' was deprecated in macOS 10.10: Use the NSAccessibility protocol methods instead (see NSAccessibilityProtocols.h) [#DeprecatedDeclaration]
 51 |     func testNarrowMountedStripRevealsEverySelectionInBothDirections() throws {
 52 |         _ = NSApplication.shared
 53 |         NSApplication.shared.accessibilitySetValue(true,
    |                              `- warning: 'accessibilitySetValue(_:forAttribute:)' was deprecated in macOS 10.10: Use the NSAccessibility protocol methods instead (see NSAccessibilityProtocols.h) [#DeprecatedDeclaration]
 54 |             forAttribute: NSAccessibility.Attribute(rawValue: "AXEnhancedUserInterface"))
 55 |         let selection = HeaderSelection()

/Users/admin/mortimer/verification/macos/MortimerHost/Tests/MortimerHostTests/DrawerTabStripRenderingTests.swift:100:30: warning: 'accessibilitySetValue(_:forAttribute:)' was deprecated in macOS 10.10: Use the NSAccessibility protocol methods instead (see NSAccessibilityProtocols.h) [#DeprecatedDeclaration]
 98 |     func testLargeTextMountedStripRevealsEverySelection() throws {
 99 |         _ = NSApplication.shared
100 |         NSApplication.shared.accessibilitySetValue(true,
    |                              `- warning: 'accessibilitySetValue(_:forAttribute:)' was deprecated in macOS 10.10: Use the NSAccessibility protocol methods instead (see NSAccessibilityProtocols.h) [#DeprecatedDeclaration]
101 |             forAttribute: NSAccessibility.Attribute(rawValue: "AXEnhancedUserInterface"))
102 |         let selection = HeaderSelection()

/Users/admin/mortimer/verification/macos/MortimerHost/Tests/MortimerHostTests/DrawerTabStripRenderingTests.swift:153:30: warning: 'accessibilitySetValue(_:forAttribute:)' was deprecated in macOS 10.10: Use the NSAccessibility protocol methods instead (see NSAccessibilityProtocols.h) [#DeprecatedDeclaration]
151 |     func testOverflowButtonsReachBothEndsWithoutChangingSelection() throws {
152 |         _ = NSApplication.shared
153 |         NSApplication.shared.accessibilitySetValue(true,
    |                              `- warning: 'accessibilitySetValue(_:forAttribute:)' was deprecated in macOS 10.10: Use the NSAccessibility protocol methods instead (see NSAccessibilityProtocols.h) [#DeprecatedDeclaration]
154 |             forAttribute: NSAccessibility.Attribute(rawValue: "AXEnhancedUserInterface"))
155 |         let selection = HeaderSelection()

/Users/admin/mortimer/verification/macos/MortimerHost/Tests/MortimerHostTests/DrawerTabStripRenderingTests.swift:203:30: warning: 'accessibilitySetValue(_:forAttribute:)' was deprecated in macOS 10.10: Use the NSAccessibility protocol methods instead (see NSAccessibilityProtocols.h) [#DeprecatedDeclaration]
201 |     func testWideHeaderExposesEveryLabel() throws {
202 |         _ = NSApplication.shared
203 |         NSApplication.shared.accessibilitySetValue(true,
    |                              `- warning: 'accessibilitySetValue(_:forAttribute:)' was deprecated in macOS 10.10: Use the NSAccessibility protocol methods instead (see NSAccessibilityProtocols.h) [#DeprecatedDeclaration]
204 |             forAttribute: NSAccessibility.Attribute(rawValue: "AXEnhancedUserInterface"))
205 |         let view = NSHostingView(rootView: DrawerTabStrip(selectedTab: "memory", attention: [:], select: { _ in })

/Users/admin/mortimer/verification/macos/MortimerHost/Tests/MortimerHostTests/DrawerViewMinimumWidthTests.swift:23:30: warning: 'accessibilitySetValue(_:forAttribute:)' was deprecated in macOS 10.10: Use the NSAccessibility protocol methods instead (see NSAccessibilityProtocols.h) [#DeprecatedDeclaration]
21 |     private func checkDrawer(poppedOut: Bool) throws {
22 |         _ = NSApplication.shared
23 |         NSApplication.shared.accessibilitySetValue(true,
   |                              `- warning: 'accessibilitySetValue(_:forAttribute:)' was deprecated in macOS 10.10: Use the NSAccessibility protocol methods instead (see NSAccessibilityProtocols.h) [#DeprecatedDeclaration]
24 |             forAttribute: NSAccessibility.Attribute(rawValue: "AXEnhancedUserInterface"))
25 |         let suite = "drawer-min-width-" + UUID().uuidString

/Users/admin/mortimer/verification/macos/MortimerHost/Tests/MortimerHostTests/FullConsoleRenderingTests.swift:28:30: warning: 'accessibilitySetValue(_:forAttribute:)' was deprecated in macOS 10.10: Use the NSAccessibility protocol methods instead (see NSAccessibilityProtocols.h) [#DeprecatedDeclaration]
26 |     private func checkConsole(tabTextSize: Double, layoutVersion: Int = 1, startup: Bool = false) throws {
27 |         _ = NSApplication.shared
28 |         NSApplication.shared.accessibilitySetValue(true,
   |                              `- warning: 'accessibilitySetValue(_:forAttribute:)' was deprecated in macOS 10.10: Use the NSAccessibility protocol methods instead (see NSAccessibilityProtocols.h) [#DeprecatedDeclaration]
29 |             forAttribute: NSAccessibility.Attribute(rawValue: "AXEnhancedUserInterface"))
30 |         let suite = "full-console-" + UUID().uuidString

[#DeprecatedDeclaration]: <https://docs.swift.org/compiler/documentation/diagnostics/deprecated-declaration>
[122/156] Compiling MortimerHostTests DisplayPanelSizingTests.swift
/Users/admin/mortimer/verification/macos/MortimerHost/Tests/MortimerHostTests/DrawerTabStripKeyboardTests.swift:13:30: warning: 'accessibilitySetValue(_:forAttribute:)' was deprecated in macOS 10.10: Use the NSAccessibility protocol methods instead (see NSAccessibilityProtocols.h) [#DeprecatedDeclaration]
 11 |     func testArrowAndHomeEndKeysMoveSelectionAndRevealTheSelectedLabel() throws {
 12 |         _ = NSApplication.shared
 13 |         NSApplication.shared.accessibilitySetValue(true,
    |                              `- warning: 'accessibilitySetValue(_:forAttribute:)' was deprecated in macOS 10.10: Use the NSAccessibility protocol methods instead (see NSAccessibilityProtocols.h) [#DeprecatedDeclaration]
 14 |             forAttribute: NSAccessibility.Attribute(rawValue: "AXEnhancedUserInterface"))
 15 |         let selection = KeyboardHeaderSelection()

/Users/admin/mortimer/verification/macos/MortimerHost/Tests/MortimerHostTests/DrawerTabStripRenderingTests.swift:11:30: warning: 'accessibilitySetValue(_:forAttribute:)' was deprecated in macOS 10.10: Use the NSAccessibility protocol methods instead (see NSAccessibilityProtocols.h) [#DeprecatedDeclaration]
  9 |     func testNarrowStripRevealsEntireSelectedLastTab() throws {
 10 |         _ = NSApplication.shared
 11 |         NSApplication.shared.accessibilitySetValue(true,
    |                              `- warning: 'accessibilitySetValue(_:forAttribute:)' was deprecated in macOS 10.10: Use the NSAccessibility protocol methods instead (see NSAccessibilityProtocols.h) [#DeprecatedDeclaration]
 12 |             forAttribute: NSAccessibility.Attribute(rawValue: "AXEnhancedUserInterface"))
 13 |         let view = NSHostingView(rootView: DrawerTabStrip(selectedTab: "costs", attention: [:], select: { _ in })

/Users/admin/mortimer/verification/macos/MortimerHost/Tests/MortimerHostTests/DrawerTabStripRenderingTests.swift:53:30: warning: 'accessibilitySetValue(_:forAttribute:)' was deprecated in macOS 10.10: Use the NSAccessibility protocol methods instead (see NSAccessibilityProtocols.h) [#DeprecatedDeclaration]
 51 |     func testNarrowMountedStripRevealsEverySelectionInBothDirections() throws {
 52 |         _ = NSApplication.shared
 53 |         NSApplication.shared.accessibilitySetValue(true,
    |                              `- warning: 'accessibilitySetValue(_:forAttribute:)' was deprecated in macOS 10.10: Use the NSAccessibility protocol methods instead (see NSAccessibilityProtocols.h) [#DeprecatedDeclaration]
 54 |             forAttribute: NSAccessibility.Attribute(rawValue: "AXEnhancedUserInterface"))
 55 |         let selection = HeaderSelection()

/Users/admin/mortimer/verification/macos/MortimerHost/Tests/MortimerHostTests/DrawerTabStripRenderingTests.swift:100:30: warning: 'accessibilitySetValue(_:forAttribute:)' was deprecated in macOS 10.10: Use the NSAccessibility protocol methods instead (see NSAccessibilityProtocols.h) [#DeprecatedDeclaration]
 98 |     func testLargeTextMountedStripRevealsEverySelection() throws {
 99 |         _ = NSApplication.shared
100 |         NSApplication.shared.accessibilitySetValue(true,
    |                              `- warning: 'accessibilitySetValue(_:forAttribute:)' was deprecated in macOS 10.10: Use the NSAccessibility protocol methods instead (see NSAccessibilityProtocols.h) [#DeprecatedDeclaration]
101 |             forAttribute: NSAccessibility.Attribute(rawValue: "AXEnhancedUserInterface"))
102 |         let selection = HeaderSelection()

/Users/admin/mortimer/verification/macos/MortimerHost/Tests/MortimerHostTests/DrawerTabStripRenderingTests.swift:153:30: warning: 'accessibilitySetValue(_:forAttribute:)' was deprecated in macOS 10.10: Use the NSAccessibility protocol methods instead (see NSAccessibilityProtocols.h) [#DeprecatedDeclaration]
151 |     func testOverflowButtonsReachBothEndsWithoutChangingSelection() throws {
152 |         _ = NSApplication.shared
153 |         NSApplication.shared.accessibilitySetValue(true,
    |                              `- warning: 'accessibilitySetValue(_:forAttribute:)' was deprecated in macOS 10.10: Use the NSAccessibility protocol methods instead (see NSAccessibilityProtocols.h) [#DeprecatedDeclaration]
154 |             forAttribute: NSAccessibility.Attribute(rawValue: "AXEnhancedUserInterface"))
155 |         let selection = HeaderSelection()

/Users/admin/mortimer/verification/macos/MortimerHost/Tests/MortimerHostTests/DrawerTabStripRenderingTests.swift:203:30: warning: 'accessibilitySetValue(_:forAttribute:)' was deprecated in macOS 10.10: Use the NSAccessibility protocol methods instead (see NSAccessibilityProtocols.h) [#DeprecatedDeclaration]
201 |     func testWideHeaderExposesEveryLabel() throws {
202 |         _ = NSApplication.shared
203 |         NSApplication.shared.accessibilitySetValue(true,
    |                              `- warning: 'accessibilitySetValue(_:forAttribute:)' was deprecated in macOS 10.10: Use the NSAccessibility protocol methods instead (see NSAccessibilityProtocols.h) [#DeprecatedDeclaration]
204 |             forAttribute: NSAccessibility.Attribute(rawValue: "AXEnhancedUserInterface"))
205 |         let view = NSHostingView(rootView: DrawerTabStrip(selectedTab: "memory", attention: [:], select: { _ in })

/Users/admin/mortimer/verification/macos/MortimerHost/Tests/MortimerHostTests/DrawerViewMinimumWidthTests.swift:23:30: warning: 'accessibilitySetValue(_:forAttribute:)' was deprecated in macOS 10.10: Use the NSAccessibility protocol methods instead (see NSAccessibilityProtocols.h) [#DeprecatedDeclaration]
21 |     private func checkDrawer(poppedOut: Bool) throws {
22 |         _ = NSApplication.shared
23 |         NSApplication.shared.accessibilitySetValue(true,
   |                              `- warning: 'accessibilitySetValue(_:forAttribute:)' was deprecated in macOS 10.10: Use the NSAccessibility protocol methods instead (see NSAccessibilityProtocols.h) [#DeprecatedDeclaration]
24 |             forAttribute: NSAccessibility.Attribute(rawValue: "AXEnhancedUserInterface"))
25 |         let suite = "drawer-min-width-" + UUID().uuidString

/Users/admin/mortimer/verification/macos/MortimerHost/Tests/MortimerHostTests/FullConsoleRenderingTests.swift:28:30: warning: 'accessibilitySetValue(_:forAttribute:)' was deprecated in macOS 10.10: Use the NSAccessibility protocol methods instead (see NSAccessibilityProtocols.h) [#DeprecatedDeclaration]
26 |     private func checkConsole(tabTextSize: Double, layoutVersion: Int = 1, startup: Bool = false) throws {
27 |         _ = NSApplication.shared
28 |         NSApplication.shared.accessibilitySetValue(true,
   |                              `- warning: 'accessibilitySetValue(_:forAttribute:)' was deprecated in macOS 10.10: Use the NSAccessibility protocol methods instead (see NSAccessibilityProtocols.h) [#DeprecatedDeclaration]
29 |             forAttribute: NSAccessibility.Attribute(rawValue: "AXEnhancedUserInterface"))
30 |         let suite = "full-console-" + UUID().uuidString

[#DeprecatedDeclaration]: <https://docs.swift.org/compiler/documentation/diagnostics/deprecated-declaration>
[123/156] Compiling MortimerHostTests DisplayPlacementPolicyTests.swift
/Users/admin/mortimer/verification/macos/MortimerHost/Tests/MortimerHostTests/DrawerTabStripKeyboardTests.swift:13:30: warning: 'accessibilitySetValue(_:forAttribute:)' was deprecated in macOS 10.10: Use the NSAccessibility protocol methods instead (see NSAccessibilityProtocols.h) [#DeprecatedDeclaration]
 11 |     func testArrowAndHomeEndKeysMoveSelectionAndRevealTheSelectedLabel() throws {
 12 |         _ = NSApplication.shared
 13 |         NSApplication.shared.accessibilitySetValue(true,
    |                              `- warning: 'accessibilitySetValue(_:forAttribute:)' was deprecated in macOS 10.10: Use the NSAccessibility protocol methods instead (see NSAccessibilityProtocols.h) [#DeprecatedDeclaration]
 14 |             forAttribute: NSAccessibility.Attribute(rawValue: "AXEnhancedUserInterface"))
 15 |         let selection = KeyboardHeaderSelection()

/Users/admin/mortimer/verification/macos/MortimerHost/Tests/MortimerHostTests/DrawerTabStripRenderingTests.swift:11:30: warning: 'accessibilitySetValue(_:forAttribute:)' was deprecated in macOS 10.10: Use the NSAccessibility protocol methods instead (see NSAccessibilityProtocols.h) [#DeprecatedDeclaration]
  9 |     func testNarrowStripRevealsEntireSelectedLastTab() throws {
 10 |         _ = NSApplication.shared
 11 |         NSApplication.shared.accessibilitySetValue(true,
    |                              `- warning: 'accessibilitySetValue(_:forAttribute:)' was deprecated in macOS 10.10: Use the NSAccessibility protocol methods instead (see NSAccessibilityProtocols.h) [#DeprecatedDeclaration]
 12 |             forAttribute: NSAccessibility.Attribute(rawValue: "AXEnhancedUserInterface"))
 13 |         let view = NSHostingView(rootView: DrawerTabStrip(selectedTab: "costs", attention: [:], select: { _ in })

/Users/admin/mortimer/verification/macos/MortimerHost/Tests/MortimerHostTests/DrawerTabStripRenderingTests.swift:53:30: warning: 'accessibilitySetValue(_:forAttribute:)' was deprecated in macOS 10.10: Use the NSAccessibility protocol methods instead (see NSAccessibilityProtocols.h) [#DeprecatedDeclaration]
 51 |     func testNarrowMountedStripRevealsEverySelectionInBothDirections() throws {
 52 |         _ = NSApplication.shared
 53 |         NSApplication.shared.accessibilitySetValue(true,
    |                              `- warning: 'accessibilitySetValue(_:forAttribute:)' was deprecated in macOS 10.10: Use the NSAccessibility protocol methods instead (see NSAccessibilityProtocols.h) [#DeprecatedDeclaration]
 54 |             forAttribute: NSAccessibility.Attribute(rawValue: "AXEnhancedUserInterface"))
 55 |         let selection = HeaderSelection()

/Users/admin/mortimer/verification/macos/MortimerHost/Tests/MortimerHostTests/DrawerTabStripRenderingTests.swift:100:30: warning: 'accessibilitySetValue(_:forAttribute:)' was deprecated in macOS 10.10: Use the NSAccessibility protocol methods instead (see NSAccessibilityProtocols.h) [#DeprecatedDeclaration]
 98 |     func testLargeTextMountedStripRevealsEverySelection() throws {
 99 |         _ = NSApplication.shared
100 |         NSApplication.shared.accessibilitySetValue(true,
    |                              `- warning: 'accessibilitySetValue(_:forAttribute:)' was deprecated in macOS 10.10: Use the NSAccessibility protocol methods instead (see NSAccessibilityProtocols.h) [#DeprecatedDeclaration]
101 |             forAttribute: NSAccessibility.Attribute(rawValue: "AXEnhancedUserInterface"))
102 |         let selection = HeaderSelection()

/Users/admin/mortimer/verification/macos/MortimerHost/Tests/MortimerHostTests/DrawerTabStripRenderingTests.swift:153:30: warning: 'accessibilitySetValue(_:forAttribute:)' was deprecated in macOS 10.10: Use the NSAccessibility protocol methods instead (see NSAccessibilityProtocols.h) [#DeprecatedDeclaration]
151 |     func testOverflowButtonsReachBothEndsWithoutChangingSelection() throws {
152 |         _ = NSApplication.shared
153 |         NSApplication.shared.accessibilitySetValue(true,
    |                              `- warning: 'accessibilitySetValue(_:forAttribute:)' was deprecated in macOS 10.10: Use the NSAccessibility protocol methods instead (see NSAccessibilityProtocols.h) [#DeprecatedDeclaration]
154 |             forAttribute: NSAccessibility.Attribute(rawValue: "AXEnhancedUserInterface"))
155 |         let selection = HeaderSelection()

/Users/admin/mortimer/verification/macos/MortimerHost/Tests/MortimerHostTests/DrawerTabStripRenderingTests.swift:203:30: warning: 'accessibilitySetValue(_:forAttribute:)' was deprecated in macOS 10.10: Use the NSAccessibility protocol methods instead (see NSAccessibilityProtocols.h) [#DeprecatedDeclaration]
201 |     func testWideHeaderExposesEveryLabel() throws {
202 |         _ = NSApplication.shared
203 |         NSApplication.shared.accessibilitySetValue(true,
    |                              `- warning: 'accessibilitySetValue(_:forAttribute:)' was deprecated in macOS 10.10: Use the NSAccessibility protocol methods instead (see NSAccessibilityProtocols.h) [#DeprecatedDeclaration]
204 |             forAttribute: NSAccessibility.Attribute(rawValue: "AXEnhancedUserInterface"))
205 |         let view = NSHostingView(rootView: DrawerTabStrip(selectedTab: "memory", attention: [:], select: { _ in })

/Users/admin/mortimer/verification/macos/MortimerHost/Tests/MortimerHostTests/DrawerViewMinimumWidthTests.swift:23:30: warning: 'accessibilitySetValue(_:forAttribute:)' was deprecated in macOS 10.10: Use the NSAccessibility protocol methods instead (see NSAccessibilityProtocols.h) [#DeprecatedDeclaration]
21 |     private func checkDrawer(poppedOut: Bool) throws {
22 |         _ = NSApplication.shared
23 |         NSApplication.shared.accessibilitySetValue(true,
   |                              `- warning: 'accessibilitySetValue(_:forAttribute:)' was deprecated in macOS 10.10: Use the NSAccessibility protocol methods instead (see NSAccessibilityProtocols.h) [#DeprecatedDeclaration]
24 |             forAttribute: NSAccessibility.Attribute(rawValue: "AXEnhancedUserInterface"))
25 |         let suite = "drawer-min-width-" + UUID().uuidString

/Users/admin/mortimer/verification/macos/MortimerHost/Tests/MortimerHostTests/FullConsoleRenderingTests.swift:28:30: warning: 'accessibilitySetValue(_:forAttribute:)' was deprecated in macOS 10.10: Use the NSAccessibility protocol methods instead (see NSAccessibilityProtocols.h) [#DeprecatedDeclaration]
26 |     private func checkConsole(tabTextSize: Double, layoutVersion: Int = 1, startup: Bool = false) throws {
27 |         _ = NSApplication.shared
28 |         NSApplication.shared.accessibilitySetValue(true,
   |                              `- warning: 'accessibilitySetValue(_:forAttribute:)' was deprecated in macOS 10.10: Use the NSAccessibility protocol methods instead (see NSAccessibilityProtocols.h) [#DeprecatedDeclaration]
29 |             forAttribute: NSAccessibility.Attribute(rawValue: "AXEnhancedUserInterface"))
30 |         let suite = "full-console-" + UUID().uuidString

[#DeprecatedDeclaration]: <https://docs.swift.org/compiler/documentation/diagnostics/deprecated-declaration>
[124/156] Compiling MortimerHostTests DrawerModelsTests.swift
/Users/admin/mortimer/verification/macos/MortimerHost/Tests/MortimerHostTests/DrawerTabStripKeyboardTests.swift:13:30: warning: 'accessibilitySetValue(_:forAttribute:)' was deprecated in macOS 10.10: Use the NSAccessibility protocol methods instead (see NSAccessibilityProtocols.h) [#DeprecatedDeclaration]
 11 |     func testArrowAndHomeEndKeysMoveSelectionAndRevealTheSelectedLabel() throws {
 12 |         _ = NSApplication.shared
 13 |         NSApplication.shared.accessibilitySetValue(true,
    |                              `- warning: 'accessibilitySetValue(_:forAttribute:)' was deprecated in macOS 10.10: Use the NSAccessibility protocol methods instead (see NSAccessibilityProtocols.h) [#DeprecatedDeclaration]
 14 |             forAttribute: NSAccessibility.Attribute(rawValue: "AXEnhancedUserInterface"))
 15 |         let selection = KeyboardHeaderSelection()

/Users/admin/mortimer/verification/macos/MortimerHost/Tests/MortimerHostTests/DrawerTabStripRenderingTests.swift:11:30: warning: 'accessibilitySetValue(_:forAttribute:)' was deprecated in macOS 10.10: Use the NSAccessibility protocol methods instead (see NSAccessibilityProtocols.h) [#DeprecatedDeclaration]
  9 |     func testNarrowStripRevealsEntireSelectedLastTab() throws {
 10 |         _ = NSApplication.shared
 11 |         NSApplication.shared.accessibilitySetValue(true,
    |                              `- warning: 'accessibilitySetValue(_:forAttribute:)' was deprecated in macOS 10.10: Use the NSAccessibility protocol methods instead (see NSAccessibilityProtocols.h) [#DeprecatedDeclaration]
 12 |             forAttribute: NSAccessibility.Attribute(rawValue: "AXEnhancedUserInterface"))
 13 |         let view = NSHostingView(rootView: DrawerTabStrip(selectedTab: "costs", attention: [:], select: { _ in })

/Users/admin/mortimer/verification/macos/MortimerHost/Tests/MortimerHostTests/DrawerTabStripRenderingTests.swift:53:30: warning: 'accessibilitySetValue(_:forAttribute:)' was deprecated in macOS 10.10: Use the NSAccessibility protocol methods instead (see NSAccessibilityProtocols.h) [#DeprecatedDeclaration]
 51 |     func testNarrowMountedStripRevealsEverySelectionInBothDirections() throws {
 52 |         _ = NSApplication.shared
 53 |         NSApplication.shared.accessibilitySetValue(true,
    |                              `- warning: 'accessibilitySetValue(_:forAttribute:)' was deprecated in macOS 10.10: Use the NSAccessibility protocol methods instead (see NSAccessibilityProtocols.h) [#DeprecatedDeclaration]
 54 |             forAttribute: NSAccessibility.Attribute(rawValue: "AXEnhancedUserInterface"))
 55 |         let selection = HeaderSelection()

/Users/admin/mortimer/verification/macos/MortimerHost/Tests/MortimerHostTests/DrawerTabStripRenderingTests.swift:100:30: warning: 'accessibilitySetValue(_:forAttribute:)' was deprecated in macOS 10.10: Use the NSAccessibility protocol methods instead (see NSAccessibilityProtocols.h) [#DeprecatedDeclaration]
 98 |     func testLargeTextMountedStripRevealsEverySelection() throws {
 99 |         _ = NSApplication.shared
100 |         NSApplication.shared.accessibilitySetValue(true,
    |                              `- warning: 'accessibilitySetValue(_:forAttribute:)' was deprecated in macOS 10.10: Use the NSAccessibility protocol methods instead (see NSAccessibilityProtocols.h) [#DeprecatedDeclaration]
101 |             forAttribute: NSAccessibility.Attribute(rawValue: "AXEnhancedUserInterface"))
102 |         let selection = HeaderSelection()

/Users/admin/mortimer/verification/macos/MortimerHost/Tests/MortimerHostTests/DrawerTabStripRenderingTests.swift:153:30: warning: 'accessibilitySetValue(_:forAttribute:)' was deprecated in macOS 10.10: Use the NSAccessibility protocol methods instead (see NSAccessibilityProtocols.h) [#DeprecatedDeclaration]
151 |     func testOverflowButtonsReachBothEndsWithoutChangingSelection() throws {
152 |         _ = NSApplication.shared
153 |         NSApplication.shared.accessibilitySetValue(true,
    |                              `- warning: 'accessibilitySetValue(_:forAttribute:)' was deprecated in macOS 10.10: Use the NSAccessibility protocol methods instead (see NSAccessibilityProtocols.h) [#DeprecatedDeclaration]
154 |             forAttribute: NSAccessibility.Attribute(rawValue: "AXEnhancedUserInterface"))
155 |         let selection = HeaderSelection()

/Users/admin/mortimer/verification/macos/MortimerHost/Tests/MortimerHostTests/DrawerTabStripRenderingTests.swift:203:30: warning: 'accessibilitySetValue(_:forAttribute:)' was deprecated in macOS 10.10: Use the NSAccessibility protocol methods instead (see NSAccessibilityProtocols.h) [#DeprecatedDeclaration]
201 |     func testWideHeaderExposesEveryLabel() throws {
202 |         _ = NSApplication.shared
203 |         NSApplication.shared.accessibilitySetValue(true,
    |                              `- warning: 'accessibilitySetValue(_:forAttribute:)' was deprecated in macOS 10.10: Use the NSAccessibility protocol methods instead (see NSAccessibilityProtocols.h) [#DeprecatedDeclaration]
204 |             forAttribute: NSAccessibility.Attribute(rawValue: "AXEnhancedUserInterface"))
205 |         let view = NSHostingView(rootView: DrawerTabStrip(selectedTab: "memory", attention: [:], select: { _ in })

/Users/admin/mortimer/verification/macos/MortimerHost/Tests/MortimerHostTests/DrawerViewMinimumWidthTests.swift:23:30: warning: 'accessibilitySetValue(_:forAttribute:)' was deprecated in macOS 10.10: Use the NSAccessibility protocol methods instead (see NSAccessibilityProtocols.h) [#DeprecatedDeclaration]
21 |     private func checkDrawer(poppedOut: Bool) throws {
22 |         _ = NSApplication.shared
23 |         NSApplication.shared.accessibilitySetValue(true,
   |                              `- warning: 'accessibilitySetValue(_:forAttribute:)' was deprecated in macOS 10.10: Use the NSAccessibility protocol methods instead (see NSAccessibilityProtocols.h) [#DeprecatedDeclaration]
24 |             forAttribute: NSAccessibility.Attribute(rawValue: "AXEnhancedUserInterface"))
25 |         let suite = "drawer-min-width-" + UUID().uuidString

/Users/admin/mortimer/verification/macos/MortimerHost/Tests/MortimerHostTests/FullConsoleRenderingTests.swift:28:30: warning: 'accessibilitySetValue(_:forAttribute:)' was deprecated in macOS 10.10: Use the NSAccessibility protocol methods instead (see NSAccessibilityProtocols.h) [#DeprecatedDeclaration]
26 |     private func checkConsole(tabTextSize: Double, layoutVersion: Int = 1, startup: Bool = false) throws {
27 |         _ = NSApplication.shared
28 |         NSApplication.shared.accessibilitySetValue(true,
   |                              `- warning: 'accessibilitySetValue(_:forAttribute:)' was deprecated in macOS 10.10: Use the NSAccessibility protocol methods instead (see NSAccessibilityProtocols.h) [#DeprecatedDeclaration]
29 |             forAttribute: NSAccessibility.Attribute(rawValue: "AXEnhancedUserInterface"))
30 |         let suite = "full-console-" + UUID().uuidString

[#DeprecatedDeclaration]: <https://docs.swift.org/compiler/documentation/diagnostics/deprecated-declaration>
[125/156] Compiling MortimerHostTests DrawerScrollRestorationTests.swift
/Users/admin/mortimer/verification/macos/MortimerHost/Tests/MortimerHostTests/DrawerTabStripKeyboardTests.swift:13:30: warning: 'accessibilitySetValue(_:forAttribute:)' was deprecated in macOS 10.10: Use the NSAccessibility protocol methods instead (see NSAccessibilityProtocols.h) [#DeprecatedDeclaration]
 11 |     func testArrowAndHomeEndKeysMoveSelectionAndRevealTheSelectedLabel() throws {
 12 |         _ = NSApplication.shared
 13 |         NSApplication.shared.accessibilitySetValue(true,
    |                              `- warning: 'accessibilitySetValue(_:forAttribute:)' was deprecated in macOS 10.10: Use the NSAccessibility protocol methods instead (see NSAccessibilityProtocols.h) [#DeprecatedDeclaration]
 14 |             forAttribute: NSAccessibility.Attribute(rawValue: "AXEnhancedUserInterface"))
 15 |         let selection = KeyboardHeaderSelection()

/Users/admin/mortimer/verification/macos/MortimerHost/Tests/MortimerHostTests/DrawerTabStripRenderingTests.swift:11:30: warning: 'accessibilitySetValue(_:forAttribute:)' was deprecated in macOS 10.10: Use the NSAccessibility protocol methods instead (see NSAccessibilityProtocols.h) [#DeprecatedDeclaration]
  9 |     func testNarrowStripRevealsEntireSelectedLastTab() throws {
 10 |         _ = NSApplication.shared
 11 |         NSApplication.shared.accessibilitySetValue(true,
    |                              `- warning: 'accessibilitySetValue(_:forAttribute:)' was deprecated in macOS 10.10: Use the NSAccessibility protocol methods instead (see NSAccessibilityProtocols.h) [#DeprecatedDeclaration]
 12 |             forAttribute: NSAccessibility.Attribute(rawValue: "AXEnhancedUserInterface"))
 13 |         let view = NSHostingView(rootView: DrawerTabStrip(selectedTab: "costs", attention: [:], select: { _ in })

/Users/admin/mortimer/verification/macos/MortimerHost/Tests/MortimerHostTests/DrawerTabStripRenderingTests.swift:53:30: warning: 'accessibilitySetValue(_:forAttribute:)' was deprecated in macOS 10.10: Use the NSAccessibility protocol methods instead (see NSAccessibilityProtocols.h) [#DeprecatedDeclaration]
 51 |     func testNarrowMountedStripRevealsEverySelectionInBothDirections() throws {
 52 |         _ = NSApplication.shared
 53 |         NSApplication.shared.accessibilitySetValue(true,
    |                              `- warning: 'accessibilitySetValue(_:forAttribute:)' was deprecated in macOS 10.10: Use the NSAccessibility protocol methods instead (see NSAccessibilityProtocols.h) [#DeprecatedDeclaration]
 54 |             forAttribute: NSAccessibility.Attribute(rawValue: "AXEnhancedUserInterface"))
 55 |         let selection = HeaderSelection()

/Users/admin/mortimer/verification/macos/MortimerHost/Tests/MortimerHostTests/DrawerTabStripRenderingTests.swift:100:30: warning: 'accessibilitySetValue(_:forAttribute:)' was deprecated in macOS 10.10: Use the NSAccessibility protocol methods instead (see NSAccessibilityProtocols.h) [#DeprecatedDeclaration]
 98 |     func testLargeTextMountedStripRevealsEverySelection() throws {
 99 |         _ = NSApplication.shared
100 |         NSApplication.shared.accessibilitySetValue(true,
    |                              `- warning: 'accessibilitySetValue(_:forAttribute:)' was deprecated in macOS 10.10: Use the NSAccessibility protocol methods instead (see NSAccessibilityProtocols.h) [#DeprecatedDeclaration]
101 |             forAttribute: NSAccessibility.Attribute(rawValue: "AXEnhancedUserInterface"))
102 |         let selection = HeaderSelection()

/Users/admin/mortimer/verification/macos/MortimerHost/Tests/MortimerHostTests/DrawerTabStripRenderingTests.swift:153:30: warning: 'accessibilitySetValue(_:forAttribute:)' was deprecated in macOS 10.10: Use the NSAccessibility protocol methods instead (see NSAccessibilityProtocols.h) [#DeprecatedDeclaration]
151 |     func testOverflowButtonsReachBothEndsWithoutChangingSelection() throws {
152 |         _ = NSApplication.shared
153 |         NSApplication.shared.accessibilitySetValue(true,
    |                              `- warning: 'accessibilitySetValue(_:forAttribute:)' was deprecated in macOS 10.10: Use the NSAccessibility protocol methods instead (see NSAccessibilityProtocols.h) [#DeprecatedDeclaration]
154 |             forAttribute: NSAccessibility.Attribute(rawValue: "AXEnhancedUserInterface"))
155 |         let selection = HeaderSelection()

/Users/admin/mortimer/verification/macos/MortimerHost/Tests/MortimerHostTests/DrawerTabStripRenderingTests.swift:203:30: warning: 'accessibilitySetValue(_:forAttribute:)' was deprecated in macOS 10.10: Use the NSAccessibility protocol methods instead (see NSAccessibilityProtocols.h) [#DeprecatedDeclaration]
201 |     func testWideHeaderExposesEveryLabel() throws {
202 |         _ = NSApplication.shared
203 |         NSApplication.shared.accessibilitySetValue(true,
    |                              `- warning: 'accessibilitySetValue(_:forAttribute:)' was deprecated in macOS 10.10: Use the NSAccessibility protocol methods instead (see NSAccessibilityProtocols.h) [#DeprecatedDeclaration]
204 |             forAttribute: NSAccessibility.Attribute(rawValue: "AXEnhancedUserInterface"))
205 |         let view = NSHostingView(rootView: DrawerTabStrip(selectedTab: "memory", attention: [:], select: { _ in })

/Users/admin/mortimer/verification/macos/MortimerHost/Tests/MortimerHostTests/DrawerViewMinimumWidthTests.swift:23:30: warning: 'accessibilitySetValue(_:forAttribute:)' was deprecated in macOS 10.10: Use the NSAccessibility protocol methods instead (see NSAccessibilityProtocols.h) [#DeprecatedDeclaration]
21 |     private func checkDrawer(poppedOut: Bool) throws {
22 |         _ = NSApplication.shared
23 |         NSApplication.shared.accessibilitySetValue(true,
   |                              `- warning: 'accessibilitySetValue(_:forAttribute:)' was deprecated in macOS 10.10: Use the NSAccessibility protocol methods instead (see NSAccessibilityProtocols.h) [#DeprecatedDeclaration]
24 |             forAttribute: NSAccessibility.Attribute(rawValue: "AXEnhancedUserInterface"))
25 |         let suite = "drawer-min-width-" + UUID().uuidString

/Users/admin/mortimer/verification/macos/MortimerHost/Tests/MortimerHostTests/FullConsoleRenderingTests.swift:28:30: warning: 'accessibilitySetValue(_:forAttribute:)' was deprecated in macOS 10.10: Use the NSAccessibility protocol methods instead (see NSAccessibilityProtocols.h) [#DeprecatedDeclaration]
26 |     private func checkConsole(tabTextSize: Double, layoutVersion: Int = 1, startup: Bool = false) throws {
27 |         _ = NSApplication.shared
28 |         NSApplication.shared.accessibilitySetValue(true,
   |                              `- warning: 'accessibilitySetValue(_:forAttribute:)' was deprecated in macOS 10.10: Use the NSAccessibility protocol methods instead (see NSAccessibilityProtocols.h) [#DeprecatedDeclaration]
29 |             forAttribute: NSAccessibility.Attribute(rawValue: "AXEnhancedUserInterface"))
30 |         let suite = "full-console-" + UUID().uuidString

[#DeprecatedDeclaration]: <https://docs.swift.org/compiler/documentation/diagnostics/deprecated-declaration>
[126/156] Compiling MortimerHostTests DrawerScrollWriterTests.swift
/Users/admin/mortimer/verification/macos/MortimerHost/Tests/MortimerHostTests/DrawerTabStripKeyboardTests.swift:13:30: warning: 'accessibilitySetValue(_:forAttribute:)' was deprecated in macOS 10.10: Use the NSAccessibility protocol methods instead (see NSAccessibilityProtocols.h) [#DeprecatedDeclaration]
 11 |     func testArrowAndHomeEndKeysMoveSelectionAndRevealTheSelectedLabel() throws {
 12 |         _ = NSApplication.shared
 13 |         NSApplication.shared.accessibilitySetValue(true,
    |                              `- warning: 'accessibilitySetValue(_:forAttribute:)' was deprecated in macOS 10.10: Use the NSAccessibility protocol methods instead (see NSAccessibilityProtocols.h) [#DeprecatedDeclaration]
 14 |             forAttribute: NSAccessibility.Attribute(rawValue: "AXEnhancedUserInterface"))
 15 |         let selection = KeyboardHeaderSelection()

/Users/admin/mortimer/verification/macos/MortimerHost/Tests/MortimerHostTests/DrawerTabStripRenderingTests.swift:11:30: warning: 'accessibilitySetValue(_:forAttribute:)' was deprecated in macOS 10.10: Use the NSAccessibility protocol methods instead (see NSAccessibilityProtocols.h) [#DeprecatedDeclaration]
  9 |     func testNarrowStripRevealsEntireSelectedLastTab() throws {
 10 |         _ = NSApplication.shared
 11 |         NSApplication.shared.accessibilitySetValue(true,
    |                              `- warning: 'accessibilitySetValue(_:forAttribute:)' was deprecated in macOS 10.10: Use the NSAccessibility protocol methods instead (see NSAccessibilityProtocols.h) [#DeprecatedDeclaration]
 12 |             forAttribute: NSAccessibility.Attribute(rawValue: "AXEnhancedUserInterface"))
 13 |         let view = NSHostingView(rootView: DrawerTabStrip(selectedTab: "costs", attention: [:], select: { _ in })

/Users/admin/mortimer/verification/macos/MortimerHost/Tests/MortimerHostTests/DrawerTabStripRenderingTests.swift:53:30: warning: 'accessibilitySetValue(_:forAttribute:)' was deprecated in macOS 10.10: Use the NSAccessibility protocol methods instead (see NSAccessibilityProtocols.h) [#DeprecatedDeclaration]
 51 |     func testNarrowMountedStripRevealsEverySelectionInBothDirections() throws {
 52 |         _ = NSApplication.shared
 53 |         NSApplication.shared.accessibilitySetValue(true,
    |                              `- warning: 'accessibilitySetValue(_:forAttribute:)' was deprecated in macOS 10.10: Use the NSAccessibility protocol methods instead (see NSAccessibilityProtocols.h) [#DeprecatedDeclaration]
 54 |             forAttribute: NSAccessibility.Attribute(rawValue: "AXEnhancedUserInterface"))
 55 |         let selection = HeaderSelection()

/Users/admin/mortimer/verification/macos/MortimerHost/Tests/MortimerHostTests/DrawerTabStripRenderingTests.swift:100:30: warning: 'accessibilitySetValue(_:forAttribute:)' was deprecated in macOS 10.10: Use the NSAccessibility protocol methods instead (see NSAccessibilityProtocols.h) [#DeprecatedDeclaration]
 98 |     func testLargeTextMountedStripRevealsEverySelection() throws {
 99 |         _ = NSApplication.shared
100 |         NSApplication.shared.accessibilitySetValue(true,
    |                              `- warning: 'accessibilitySetValue(_:forAttribute:)' was deprecated in macOS 10.10: Use the NSAccessibility protocol methods instead (see NSAccessibilityProtocols.h) [#DeprecatedDeclaration]
101 |             forAttribute: NSAccessibility.Attribute(rawValue: "AXEnhancedUserInterface"))
102 |         let selection = HeaderSelection()

/Users/admin/mortimer/verification/macos/MortimerHost/Tests/MortimerHostTests/DrawerTabStripRenderingTests.swift:153:30: warning: 'accessibilitySetValue(_:forAttribute:)' was deprecated in macOS 10.10: Use the NSAccessibility protocol methods instead (see NSAccessibilityProtocols.h) [#DeprecatedDeclaration]
151 |     func testOverflowButtonsReachBothEndsWithoutChangingSelection() throws {
152 |         _ = NSApplication.shared
153 |         NSApplication.shared.accessibilitySetValue(true,
    |                              `- warning: 'accessibilitySetValue(_:forAttribute:)' was deprecated in macOS 10.10: Use the NSAccessibility protocol methods instead (see NSAccessibilityProtocols.h) [#DeprecatedDeclaration]
154 |             forAttribute: NSAccessibility.Attribute(rawValue: "AXEnhancedUserInterface"))
155 |         let selection = HeaderSelection()

/Users/admin/mortimer/verification/macos/MortimerHost/Tests/MortimerHostTests/DrawerTabStripRenderingTests.swift:203:30: warning: 'accessibilitySetValue(_:forAttribute:)' was deprecated in macOS 10.10: Use the NSAccessibility protocol methods instead (see NSAccessibilityProtocols.h) [#DeprecatedDeclaration]
201 |     func testWideHeaderExposesEveryLabel() throws {
202 |         _ = NSApplication.shared
203 |         NSApplication.shared.accessibilitySetValue(true,
    |                              `- warning: 'accessibilitySetValue(_:forAttribute:)' was deprecated in macOS 10.10: Use the NSAccessibility protocol methods instead (see NSAccessibilityProtocols.h) [#DeprecatedDeclaration]
204 |             forAttribute: NSAccessibility.Attribute(rawValue: "AXEnhancedUserInterface"))
205 |         let view = NSHostingView(rootView: DrawerTabStrip(selectedTab: "memory", attention: [:], select: { _ in })

/Users/admin/mortimer/verification/macos/MortimerHost/Tests/MortimerHostTests/DrawerViewMinimumWidthTests.swift:23:30: warning: 'accessibilitySetValue(_:forAttribute:)' was deprecated in macOS 10.10: Use the NSAccessibility protocol methods instead (see NSAccessibilityProtocols.h) [#DeprecatedDeclaration]
21 |     private func checkDrawer(poppedOut: Bool) throws {
22 |         _ = NSApplication.shared
23 |         NSApplication.shared.accessibilitySetValue(true,
   |                              `- warning: 'accessibilitySetValue(_:forAttribute:)' was deprecated in macOS 10.10: Use the NSAccessibility protocol methods instead (see NSAccessibilityProtocols.h) [#DeprecatedDeclaration]
24 |             forAttribute: NSAccessibility.Attribute(rawValue: "AXEnhancedUserInterface"))
25 |         let suite = "drawer-min-width-" + UUID().uuidString

/Users/admin/mortimer/verification/macos/MortimerHost/Tests/MortimerHostTests/FullConsoleRenderingTests.swift:28:30: warning: 'accessibilitySetValue(_:forAttribute:)' was deprecated in macOS 10.10: Use the NSAccessibility protocol methods instead (see NSAccessibilityProtocols.h) [#DeprecatedDeclaration]
26 |     private func checkConsole(tabTextSize: Double, layoutVersion: Int = 1, startup: Bool = false) throws {
27 |         _ = NSApplication.shared
28 |         NSApplication.shared.accessibilitySetValue(true,
   |                              `- warning: 'accessibilitySetValue(_:forAttribute:)' was deprecated in macOS 10.10: Use the NSAccessibility protocol methods instead (see NSAccessibilityProtocols.h) [#DeprecatedDeclaration]
29 |             forAttribute: NSAccessibility.Attribute(rawValue: "AXEnhancedUserInterface"))
30 |         let suite = "full-console-" + UUID().uuidString

[#DeprecatedDeclaration]: <https://docs.swift.org/compiler/documentation/diagnostics/deprecated-declaration>
[127/156] Compiling MortimerHostTests DrawerTabStripKeyboardTests.swift
/Users/admin/mortimer/verification/macos/MortimerHost/Tests/MortimerHostTests/DrawerTabStripKeyboardTests.swift:13:30: warning: 'accessibilitySetValue(_:forAttribute:)' was deprecated in macOS 10.10: Use the NSAccessibility protocol methods instead (see NSAccessibilityProtocols.h) [#DeprecatedDeclaration]
 11 |     func testArrowAndHomeEndKeysMoveSelectionAndRevealTheSelectedLabel() throws {
 12 |         _ = NSApplication.shared
 13 |         NSApplication.shared.accessibilitySetValue(true,
    |                              `- warning: 'accessibilitySetValue(_:forAttribute:)' was deprecated in macOS 10.10: Use the NSAccessibility protocol methods instead (see NSAccessibilityProtocols.h) [#DeprecatedDeclaration]
 14 |             forAttribute: NSAccessibility.Attribute(rawValue: "AXEnhancedUserInterface"))
 15 |         let selection = KeyboardHeaderSelection()

/Users/admin/mortimer/verification/macos/MortimerHost/Tests/MortimerHostTests/DrawerTabStripRenderingTests.swift:11:30: warning: 'accessibilitySetValue(_:forAttribute:)' was deprecated in macOS 10.10: Use the NSAccessibility protocol methods instead (see NSAccessibilityProtocols.h) [#DeprecatedDeclaration]
  9 |     func testNarrowStripRevealsEntireSelectedLastTab() throws {
 10 |         _ = NSApplication.shared
 11 |         NSApplication.shared.accessibilitySetValue(true,
    |                              `- warning: 'accessibilitySetValue(_:forAttribute:)' was deprecated in macOS 10.10: Use the NSAccessibility protocol methods instead (see NSAccessibilityProtocols.h) [#DeprecatedDeclaration]
 12 |             forAttribute: NSAccessibility.Attribute(rawValue: "AXEnhancedUserInterface"))
 13 |         let view = NSHostingView(rootView: DrawerTabStrip(selectedTab: "costs", attention: [:], select: { _ in })

/Users/admin/mortimer/verification/macos/MortimerHost/Tests/MortimerHostTests/DrawerTabStripRenderingTests.swift:53:30: warning: 'accessibilitySetValue(_:forAttribute:)' was deprecated in macOS 10.10: Use the NSAccessibility protocol methods instead (see NSAccessibilityProtocols.h) [#DeprecatedDeclaration]
 51 |     func testNarrowMountedStripRevealsEverySelectionInBothDirections() throws {
 52 |         _ = NSApplication.shared
 53 |         NSApplication.shared.accessibilitySetValue(true,
    |                              `- warning: 'accessibilitySetValue(_:forAttribute:)' was deprecated in macOS 10.10: Use the NSAccessibility protocol methods instead (see NSAccessibilityProtocols.h) [#DeprecatedDeclaration]
 54 |             forAttribute: NSAccessibility.Attribute(rawValue: "AXEnhancedUserInterface"))
 55 |         let selection = HeaderSelection()

/Users/admin/mortimer/verification/macos/MortimerHost/Tests/MortimerHostTests/DrawerTabStripRenderingTests.swift:100:30: warning: 'accessibilitySetValue(_:forAttribute:)' was deprecated in macOS 10.10: Use the NSAccessibility protocol methods instead (see NSAccessibilityProtocols.h) [#DeprecatedDeclaration]
 98 |     func testLargeTextMountedStripRevealsEverySelection() throws {
 99 |         _ = NSApplication.shared
100 |         NSApplication.shared.accessibilitySetValue(true,
    |                              `- warning: 'accessibilitySetValue(_:forAttribute:)' was deprecated in macOS 10.10: Use the NSAccessibility protocol methods instead (see NSAccessibilityProtocols.h) [#DeprecatedDeclaration]
101 |             forAttribute: NSAccessibility.Attribute(rawValue: "AXEnhancedUserInterface"))
102 |         let selection = HeaderSelection()

/Users/admin/mortimer/verification/macos/MortimerHost/Tests/MortimerHostTests/DrawerTabStripRenderingTests.swift:153:30: warning: 'accessibilitySetValue(_:forAttribute:)' was deprecated in macOS 10.10: Use the NSAccessibility protocol methods instead (see NSAccessibilityProtocols.h) [#DeprecatedDeclaration]
151 |     func testOverflowButtonsReachBothEndsWithoutChangingSelection() throws {
152 |         _ = NSApplication.shared
153 |         NSApplication.shared.accessibilitySetValue(true,
    |                              `- warning: 'accessibilitySetValue(_:forAttribute:)' was deprecated in macOS 10.10: Use the NSAccessibility protocol methods instead (see NSAccessibilityProtocols.h) [#DeprecatedDeclaration]
154 |             forAttribute: NSAccessibility.Attribute(rawValue: "AXEnhancedUserInterface"))
155 |         let selection = HeaderSelection()

/Users/admin/mortimer/verification/macos/MortimerHost/Tests/MortimerHostTests/DrawerTabStripRenderingTests.swift:203:30: warning: 'accessibilitySetValue(_:forAttribute:)' was deprecated in macOS 10.10: Use the NSAccessibility protocol methods instead (see NSAccessibilityProtocols.h) [#DeprecatedDeclaration]
201 |     func testWideHeaderExposesEveryLabel() throws {
202 |         _ = NSApplication.shared
203 |         NSApplication.shared.accessibilitySetValue(true,
    |                              `- warning: 'accessibilitySetValue(_:forAttribute:)' was deprecated in macOS 10.10: Use the NSAccessibility protocol methods instead (see NSAccessibilityProtocols.h) [#DeprecatedDeclaration]
204 |             forAttribute: NSAccessibility.Attribute(rawValue: "AXEnhancedUserInterface"))
205 |         let view = NSHostingView(rootView: DrawerTabStrip(selectedTab: "memory", attention: [:], select: { _ in })

/Users/admin/mortimer/verification/macos/MortimerHost/Tests/MortimerHostTests/DrawerViewMinimumWidthTests.swift:23:30: warning: 'accessibilitySetValue(_:forAttribute:)' was deprecated in macOS 10.10: Use the NSAccessibility protocol methods instead (see NSAccessibilityProtocols.h) [#DeprecatedDeclaration]
21 |     private func checkDrawer(poppedOut: Bool) throws {
22 |         _ = NSApplication.shared
23 |         NSApplication.shared.accessibilitySetValue(true,
   |                              `- warning: 'accessibilitySetValue(_:forAttribute:)' was deprecated in macOS 10.10: Use the NSAccessibility protocol methods instead (see NSAccessibilityProtocols.h) [#DeprecatedDeclaration]
24 |             forAttribute: NSAccessibility.Attribute(rawValue: "AXEnhancedUserInterface"))
25 |         let suite = "drawer-min-width-" + UUID().uuidString

/Users/admin/mortimer/verification/macos/MortimerHost/Tests/MortimerHostTests/FullConsoleRenderingTests.swift:28:30: warning: 'accessibilitySetValue(_:forAttribute:)' was deprecated in macOS 10.10: Use the NSAccessibility protocol methods instead (see NSAccessibilityProtocols.h) [#DeprecatedDeclaration]
26 |     private func checkConsole(tabTextSize: Double, layoutVersion: Int = 1, startup: Bool = false) throws {
27 |         _ = NSApplication.shared
28 |         NSApplication.shared.accessibilitySetValue(true,
   |                              `- warning: 'accessibilitySetValue(_:forAttribute:)' was deprecated in macOS 10.10: Use the NSAccessibility protocol methods instead (see NSAccessibilityProtocols.h) [#DeprecatedDeclaration]
29 |             forAttribute: NSAccessibility.Attribute(rawValue: "AXEnhancedUserInterface"))
30 |         let suite = "full-console-" + UUID().uuidString

[#DeprecatedDeclaration]: <https://docs.swift.org/compiler/documentation/diagnostics/deprecated-declaration>
[128/156] Compiling MortimerHostTests DrawerTabStripRenderingTests.swift
/Users/admin/mortimer/verification/macos/MortimerHost/Tests/MortimerHostTests/DrawerTabStripKeyboardTests.swift:13:30: warning: 'accessibilitySetValue(_:forAttribute:)' was deprecated in macOS 10.10: Use the NSAccessibility protocol methods instead (see NSAccessibilityProtocols.h) [#DeprecatedDeclaration]
 11 |     func testArrowAndHomeEndKeysMoveSelectionAndRevealTheSelectedLabel() throws {
 12 |         _ = NSApplication.shared
 13 |         NSApplication.shared.accessibilitySetValue(true,
    |                              `- warning: 'accessibilitySetValue(_:forAttribute:)' was deprecated in macOS 10.10: Use the NSAccessibility protocol methods instead (see NSAccessibilityProtocols.h) [#DeprecatedDeclaration]
 14 |             forAttribute: NSAccessibility.Attribute(rawValue: "AXEnhancedUserInterface"))
 15 |         let selection = KeyboardHeaderSelection()

/Users/admin/mortimer/verification/macos/MortimerHost/Tests/MortimerHostTests/DrawerTabStripRenderingTests.swift:11:30: warning: 'accessibilitySetValue(_:forAttribute:)' was deprecated in macOS 10.10: Use the NSAccessibility protocol methods instead (see NSAccessibilityProtocols.h) [#DeprecatedDeclaration]
  9 |     func testNarrowStripRevealsEntireSelectedLastTab() throws {
 10 |         _ = NSApplication.shared
 11 |         NSApplication.shared.accessibilitySetValue(true,
    |                              `- warning: 'accessibilitySetValue(_:forAttribute:)' was deprecated in macOS 10.10: Use the NSAccessibility protocol methods instead (see NSAccessibilityProtocols.h) [#DeprecatedDeclaration]
 12 |             forAttribute: NSAccessibility.Attribute(rawValue: "AXEnhancedUserInterface"))
 13 |         let view = NSHostingView(rootView: DrawerTabStrip(selectedTab: "costs", attention: [:], select: { _ in })

/Users/admin/mortimer/verification/macos/MortimerHost/Tests/MortimerHostTests/DrawerTabStripRenderingTests.swift:53:30: warning: 'accessibilitySetValue(_:forAttribute:)' was deprecated in macOS 10.10: Use the NSAccessibility protocol methods instead (see NSAccessibilityProtocols.h) [#DeprecatedDeclaration]
 51 |     func testNarrowMountedStripRevealsEverySelectionInBothDirections() throws {
 52 |         _ = NSApplication.shared
 53 |         NSApplication.shared.accessibilitySetValue(true,
    |                              `- warning: 'accessibilitySetValue(_:forAttribute:)' was deprecated in macOS 10.10: Use the NSAccessibility protocol methods instead (see NSAccessibilityProtocols.h) [#DeprecatedDeclaration]
 54 |             forAttribute: NSAccessibility.Attribute(rawValue: "AXEnhancedUserInterface"))
 55 |         let selection = HeaderSelection()

/Users/admin/mortimer/verification/macos/MortimerHost/Tests/MortimerHostTests/DrawerTabStripRenderingTests.swift:100:30: warning: 'accessibilitySetValue(_:forAttribute:)' was deprecated in macOS 10.10: Use the NSAccessibility protocol methods instead (see NSAccessibilityProtocols.h) [#DeprecatedDeclaration]
 98 |     func testLargeTextMountedStripRevealsEverySelection() throws {
 99 |         _ = NSApplication.shared
100 |         NSApplication.shared.accessibilitySetValue(true,
    |                              `- warning: 'accessibilitySetValue(_:forAttribute:)' was deprecated in macOS 10.10: Use the NSAccessibility protocol methods instead (see NSAccessibilityProtocols.h) [#DeprecatedDeclaration]
101 |             forAttribute: NSAccessibility.Attribute(rawValue: "AXEnhancedUserInterface"))
102 |         let selection = HeaderSelection()

/Users/admin/mortimer/verification/macos/MortimerHost/Tests/MortimerHostTests/DrawerTabStripRenderingTests.swift:153:30: warning: 'accessibilitySetValue(_:forAttribute:)' was deprecated in macOS 10.10: Use the NSAccessibility protocol methods instead (see NSAccessibilityProtocols.h) [#DeprecatedDeclaration]
151 |     func testOverflowButtonsReachBothEndsWithoutChangingSelection() throws {
152 |         _ = NSApplication.shared
153 |         NSApplication.shared.accessibilitySetValue(true,
    |                              `- warning: 'accessibilitySetValue(_:forAttribute:)' was deprecated in macOS 10.10: Use the NSAccessibility protocol methods instead (see NSAccessibilityProtocols.h) [#DeprecatedDeclaration]
154 |             forAttribute: NSAccessibility.Attribute(rawValue: "AXEnhancedUserInterface"))
155 |         let selection = HeaderSelection()

/Users/admin/mortimer/verification/macos/MortimerHost/Tests/MortimerHostTests/DrawerTabStripRenderingTests.swift:203:30: warning: 'accessibilitySetValue(_:forAttribute:)' was deprecated in macOS 10.10: Use the NSAccessibility protocol methods instead (see NSAccessibilityProtocols.h) [#DeprecatedDeclaration]
201 |     func testWideHeaderExposesEveryLabel() throws {
202 |         _ = NSApplication.shared
203 |         NSApplication.shared.accessibilitySetValue(true,
    |                              `- warning: 'accessibilitySetValue(_:forAttribute:)' was deprecated in macOS 10.10: Use the NSAccessibility protocol methods instead (see NSAccessibilityProtocols.h) [#DeprecatedDeclaration]
204 |             forAttribute: NSAccessibility.Attribute(rawValue: "AXEnhancedUserInterface"))
205 |         let view = NSHostingView(rootView: DrawerTabStrip(selectedTab: "memory", attention: [:], select: { _ in })

/Users/admin/mortimer/verification/macos/MortimerHost/Tests/MortimerHostTests/DrawerViewMinimumWidthTests.swift:23:30: warning: 'accessibilitySetValue(_:forAttribute:)' was deprecated in macOS 10.10: Use the NSAccessibility protocol methods instead (see NSAccessibilityProtocols.h) [#DeprecatedDeclaration]
21 |     private func checkDrawer(poppedOut: Bool) throws {
22 |         _ = NSApplication.shared
23 |         NSApplication.shared.accessibilitySetValue(true,
   |                              `- warning: 'accessibilitySetValue(_:forAttribute:)' was deprecated in macOS 10.10: Use the NSAccessibility protocol methods instead (see NSAccessibilityProtocols.h) [#DeprecatedDeclaration]
24 |             forAttribute: NSAccessibility.Attribute(rawValue: "AXEnhancedUserInterface"))
25 |         let suite = "drawer-min-width-" + UUID().uuidString

/Users/admin/mortimer/verification/macos/MortimerHost/Tests/MortimerHostTests/FullConsoleRenderingTests.swift:28:30: warning: 'accessibilitySetValue(_:forAttribute:)' was deprecated in macOS 10.10: Use the NSAccessibility protocol methods instead (see NSAccessibilityProtocols.h) [#DeprecatedDeclaration]
26 |     private func checkConsole(tabTextSize: Double, layoutVersion: Int = 1, startup: Bool = false) throws {
27 |         _ = NSApplication.shared
28 |         NSApplication.shared.accessibilitySetValue(true,
   |                              `- warning: 'accessibilitySetValue(_:forAttribute:)' was deprecated in macOS 10.10: Use the NSAccessibility protocol methods instead (see NSAccessibilityProtocols.h) [#DeprecatedDeclaration]
29 |             forAttribute: NSAccessibility.Attribute(rawValue: "AXEnhancedUserInterface"))
30 |         let suite = "full-console-" + UUID().uuidString

[#DeprecatedDeclaration]: <https://docs.swift.org/compiler/documentation/diagnostics/deprecated-declaration>
[129/156] Compiling MortimerHostTests DrawerViewMinimumWidthTests.swift
/Users/admin/mortimer/verification/macos/MortimerHost/Tests/MortimerHostTests/DrawerTabStripKeyboardTests.swift:13:30: warning: 'accessibilitySetValue(_:forAttribute:)' was deprecated in macOS 10.10: Use the NSAccessibility protocol methods instead (see NSAccessibilityProtocols.h) [#DeprecatedDeclaration]
 11 |     func testArrowAndHomeEndKeysMoveSelectionAndRevealTheSelectedLabel() throws {
 12 |         _ = NSApplication.shared
 13 |         NSApplication.shared.accessibilitySetValue(true,
    |                              `- warning: 'accessibilitySetValue(_:forAttribute:)' was deprecated in macOS 10.10: Use the NSAccessibility protocol methods instead (see NSAccessibilityProtocols.h) [#DeprecatedDeclaration]
 14 |             forAttribute: NSAccessibility.Attribute(rawValue: "AXEnhancedUserInterface"))
 15 |         let selection = KeyboardHeaderSelection()

/Users/admin/mortimer/verification/macos/MortimerHost/Tests/MortimerHostTests/DrawerTabStripRenderingTests.swift:11:30: warning: 'accessibilitySetValue(_:forAttribute:)' was deprecated in macOS 10.10: Use the NSAccessibility protocol methods instead (see NSAccessibilityProtocols.h) [#DeprecatedDeclaration]
  9 |     func testNarrowStripRevealsEntireSelectedLastTab() throws {
 10 |         _ = NSApplication.shared
 11 |         NSApplication.shared.accessibilitySetValue(true,
    |                              `- warning: 'accessibilitySetValue(_:forAttribute:)' was deprecated in macOS 10.10: Use the NSAccessibility protocol methods instead (see NSAccessibilityProtocols.h) [#DeprecatedDeclaration]
 12 |             forAttribute: NSAccessibility.Attribute(rawValue: "AXEnhancedUserInterface"))
 13 |         let view = NSHostingView(rootView: DrawerTabStrip(selectedTab: "costs", attention: [:], select: { _ in })

/Users/admin/mortimer/verification/macos/MortimerHost/Tests/MortimerHostTests/DrawerTabStripRenderingTests.swift:53:30: warning: 'accessibilitySetValue(_:forAttribute:)' was deprecated in macOS 10.10: Use the NSAccessibility protocol methods instead (see NSAccessibilityProtocols.h) [#DeprecatedDeclaration]
 51 |     func testNarrowMountedStripRevealsEverySelectionInBothDirections() throws {
 52 |         _ = NSApplication.shared
 53 |         NSApplication.shared.accessibilitySetValue(true,
    |                              `- warning: 'accessibilitySetValue(_:forAttribute:)' was deprecated in macOS 10.10: Use the NSAccessibility protocol methods instead (see NSAccessibilityProtocols.h) [#DeprecatedDeclaration]
 54 |             forAttribute: NSAccessibility.Attribute(rawValue: "AXEnhancedUserInterface"))
 55 |         let selection = HeaderSelection()

/Users/admin/mortimer/verification/macos/MortimerHost/Tests/MortimerHostTests/DrawerTabStripRenderingTests.swift:100:30: warning: 'accessibilitySetValue(_:forAttribute:)' was deprecated in macOS 10.10: Use the NSAccessibility protocol methods instead (see NSAccessibilityProtocols.h) [#DeprecatedDeclaration]
 98 |     func testLargeTextMountedStripRevealsEverySelection() throws {
 99 |         _ = NSApplication.shared
100 |         NSApplication.shared.accessibilitySetValue(true,
    |                              `- warning: 'accessibilitySetValue(_:forAttribute:)' was deprecated in macOS 10.10: Use the NSAccessibility protocol methods instead (see NSAccessibilityProtocols.h) [#DeprecatedDeclaration]
101 |             forAttribute: NSAccessibility.Attribute(rawValue: "AXEnhancedUserInterface"))
102 |         let selection = HeaderSelection()

/Users/admin/mortimer/verification/macos/MortimerHost/Tests/MortimerHostTests/DrawerTabStripRenderingTests.swift:153:30: warning: 'accessibilitySetValue(_:forAttribute:)' was deprecated in macOS 10.10: Use the NSAccessibility protocol methods instead (see NSAccessibilityProtocols.h) [#DeprecatedDeclaration]
151 |     func testOverflowButtonsReachBothEndsWithoutChangingSelection() throws {
152 |         _ = NSApplication.shared
153 |         NSApplication.shared.accessibilitySetValue(true,
    |                              `- warning: 'accessibilitySetValue(_:forAttribute:)' was deprecated in macOS 10.10: Use the NSAccessibility protocol methods instead (see NSAccessibilityProtocols.h) [#DeprecatedDeclaration]
154 |             forAttribute: NSAccessibility.Attribute(rawValue: "AXEnhancedUserInterface"))
155 |         let selection = HeaderSelection()

/Users/admin/mortimer/verification/macos/MortimerHost/Tests/MortimerHostTests/DrawerTabStripRenderingTests.swift:203:30: warning: 'accessibilitySetValue(_:forAttribute:)' was deprecated in macOS 10.10: Use the NSAccessibility protocol methods instead (see NSAccessibilityProtocols.h) [#DeprecatedDeclaration]
201 |     func testWideHeaderExposesEveryLabel() throws {
202 |         _ = NSApplication.shared
203 |         NSApplication.shared.accessibilitySetValue(true,
    |                              `- warning: 'accessibilitySetValue(_:forAttribute:)' was deprecated in macOS 10.10: Use the NSAccessibility protocol methods instead (see NSAccessibilityProtocols.h) [#DeprecatedDeclaration]
204 |             forAttribute: NSAccessibility.Attribute(rawValue: "AXEnhancedUserInterface"))
205 |         let view = NSHostingView(rootView: DrawerTabStrip(selectedTab: "memory", attention: [:], select: { _ in })

/Users/admin/mortimer/verification/macos/MortimerHost/Tests/MortimerHostTests/DrawerViewMinimumWidthTests.swift:23:30: warning: 'accessibilitySetValue(_:forAttribute:)' was deprecated in macOS 10.10: Use the NSAccessibility protocol methods instead (see NSAccessibilityProtocols.h) [#DeprecatedDeclaration]
21 |     private func checkDrawer(poppedOut: Bool) throws {
22 |         _ = NSApplication.shared
23 |         NSApplication.shared.accessibilitySetValue(true,
   |                              `- warning: 'accessibilitySetValue(_:forAttribute:)' was deprecated in macOS 10.10: Use the NSAccessibility protocol methods instead (see NSAccessibilityProtocols.h) [#DeprecatedDeclaration]
24 |             forAttribute: NSAccessibility.Attribute(rawValue: "AXEnhancedUserInterface"))
25 |         let suite = "drawer-min-width-" + UUID().uuidString

/Users/admin/mortimer/verification/macos/MortimerHost/Tests/MortimerHostTests/FullConsoleRenderingTests.swift:28:30: warning: 'accessibilitySetValue(_:forAttribute:)' was deprecated in macOS 10.10: Use the NSAccessibility protocol methods instead (see NSAccessibilityProtocols.h) [#DeprecatedDeclaration]
26 |     private func checkConsole(tabTextSize: Double, layoutVersion: Int = 1, startup: Bool = false) throws {
27 |         _ = NSApplication.shared
28 |         NSApplication.shared.accessibilitySetValue(true,
   |                              `- warning: 'accessibilitySetValue(_:forAttribute:)' was deprecated in macOS 10.10: Use the NSAccessibility protocol methods instead (see NSAccessibilityProtocols.h) [#DeprecatedDeclaration]
29 |             forAttribute: NSAccessibility.Attribute(rawValue: "AXEnhancedUserInterface"))
30 |         let suite = "full-console-" + UUID().uuidString

[#DeprecatedDeclaration]: <https://docs.swift.org/compiler/documentation/diagnostics/deprecated-declaration>
[130/156] Compiling MortimerHostTests FullConsoleRenderingTests.swift
/Users/admin/mortimer/verification/macos/MortimerHost/Tests/MortimerHostTests/DrawerTabStripKeyboardTests.swift:13:30: warning: 'accessibilitySetValue(_:forAttribute:)' was deprecated in macOS 10.10: Use the NSAccessibility protocol methods instead (see NSAccessibilityProtocols.h) [#DeprecatedDeclaration]
 11 |     func testArrowAndHomeEndKeysMoveSelectionAndRevealTheSelectedLabel() throws {
 12 |         _ = NSApplication.shared
 13 |         NSApplication.shared.accessibilitySetValue(true,
    |                              `- warning: 'accessibilitySetValue(_:forAttribute:)' was deprecated in macOS 10.10: Use the NSAccessibility protocol methods instead (see NSAccessibilityProtocols.h) [#DeprecatedDeclaration]
 14 |             forAttribute: NSAccessibility.Attribute(rawValue: "AXEnhancedUserInterface"))
 15 |         let selection = KeyboardHeaderSelection()

/Users/admin/mortimer/verification/macos/MortimerHost/Tests/MortimerHostTests/DrawerTabStripRenderingTests.swift:11:30: warning: 'accessibilitySetValue(_:forAttribute:)' was deprecated in macOS 10.10: Use the NSAccessibility protocol methods instead (see NSAccessibilityProtocols.h) [#DeprecatedDeclaration]
  9 |     func testNarrowStripRevealsEntireSelectedLastTab() throws {
 10 |         _ = NSApplication.shared
 11 |         NSApplication.shared.accessibilitySetValue(true,
    |                              `- warning: 'accessibilitySetValue(_:forAttribute:)' was deprecated in macOS 10.10: Use the NSAccessibility protocol methods instead (see NSAccessibilityProtocols.h) [#DeprecatedDeclaration]
 12 |             forAttribute: NSAccessibility.Attribute(rawValue: "AXEnhancedUserInterface"))
 13 |         let view = NSHostingView(rootView: DrawerTabStrip(selectedTab: "costs", attention: [:], select: { _ in })

/Users/admin/mortimer/verification/macos/MortimerHost/Tests/MortimerHostTests/DrawerTabStripRenderingTests.swift:53:30: warning: 'accessibilitySetValue(_:forAttribute:)' was deprecated in macOS 10.10: Use the NSAccessibility protocol methods instead (see NSAccessibilityProtocols.h) [#DeprecatedDeclaration]
 51 |     func testNarrowMountedStripRevealsEverySelectionInBothDirections() throws {
 52 |         _ = NSApplication.shared
 53 |         NSApplication.shared.accessibilitySetValue(true,
    |                              `- warning: 'accessibilitySetValue(_:forAttribute:)' was deprecated in macOS 10.10: Use the NSAccessibility protocol methods instead (see NSAccessibilityProtocols.h) [#DeprecatedDeclaration]
 54 |             forAttribute: NSAccessibility.Attribute(rawValue: "AXEnhancedUserInterface"))
 55 |         let selection = HeaderSelection()

/Users/admin/mortimer/verification/macos/MortimerHost/Tests/MortimerHostTests/DrawerTabStripRenderingTests.swift:100:30: warning: 'accessibilitySetValue(_:forAttribute:)' was deprecated in macOS 10.10: Use the NSAccessibility protocol methods instead (see NSAccessibilityProtocols.h) [#DeprecatedDeclaration]
 98 |     func testLargeTextMountedStripRevealsEverySelection() throws {
 99 |         _ = NSApplication.shared
100 |         NSApplication.shared.accessibilitySetValue(true,
    |                              `- warning: 'accessibilitySetValue(_:forAttribute:)' was deprecated in macOS 10.10: Use the NSAccessibility protocol methods instead (see NSAccessibilityProtocols.h) [#DeprecatedDeclaration]
101 |             forAttribute: NSAccessibility.Attribute(rawValue: "AXEnhancedUserInterface"))
102 |         let selection = HeaderSelection()

/Users/admin/mortimer/verification/macos/MortimerHost/Tests/MortimerHostTests/DrawerTabStripRenderingTests.swift:153:30: warning: 'accessibilitySetValue(_:forAttribute:)' was deprecated in macOS 10.10: Use the NSAccessibility protocol methods instead (see NSAccessibilityProtocols.h) [#DeprecatedDeclaration]
151 |     func testOverflowButtonsReachBothEndsWithoutChangingSelection() throws {
152 |         _ = NSApplication.shared
153 |         NSApplication.shared.accessibilitySetValue(true,
    |                              `- warning: 'accessibilitySetValue(_:forAttribute:)' was deprecated in macOS 10.10: Use the NSAccessibility protocol methods instead (see NSAccessibilityProtocols.h) [#DeprecatedDeclaration]
154 |             forAttribute: NSAccessibility.Attribute(rawValue: "AXEnhancedUserInterface"))
155 |         let selection = HeaderSelection()

/Users/admin/mortimer/verification/macos/MortimerHost/Tests/MortimerHostTests/DrawerTabStripRenderingTests.swift:203:30: warning: 'accessibilitySetValue(_:forAttribute:)' was deprecated in macOS 10.10: Use the NSAccessibility protocol methods instead (see NSAccessibilityProtocols.h) [#DeprecatedDeclaration]
201 |     func testWideHeaderExposesEveryLabel() throws {
202 |         _ = NSApplication.shared
203 |         NSApplication.shared.accessibilitySetValue(true,
    |                              `- warning: 'accessibilitySetValue(_:forAttribute:)' was deprecated in macOS 10.10: Use the NSAccessibility protocol methods instead (see NSAccessibilityProtocols.h) [#DeprecatedDeclaration]
204 |             forAttribute: NSAccessibility.Attribute(rawValue: "AXEnhancedUserInterface"))
205 |         let view = NSHostingView(rootView: DrawerTabStrip(selectedTab: "memory", attention: [:], select: { _ in })

/Users/admin/mortimer/verification/macos/MortimerHost/Tests/MortimerHostTests/DrawerViewMinimumWidthTests.swift:23:30: warning: 'accessibilitySetValue(_:forAttribute:)' was deprecated in macOS 10.10: Use the NSAccessibility protocol methods instead (see NSAccessibilityProtocols.h) [#DeprecatedDeclaration]
21 |     private func checkDrawer(poppedOut: Bool) throws {
22 |         _ = NSApplication.shared
23 |         NSApplication.shared.accessibilitySetValue(true,
   |                              `- warning: 'accessibilitySetValue(_:forAttribute:)' was deprecated in macOS 10.10: Use the NSAccessibility protocol methods instead (see NSAccessibilityProtocols.h) [#DeprecatedDeclaration]
24 |             forAttribute: NSAccessibility.Attribute(rawValue: "AXEnhancedUserInterface"))
25 |         let suite = "drawer-min-width-" + UUID().uuidString

/Users/admin/mortimer/verification/macos/MortimerHost/Tests/MortimerHostTests/FullConsoleRenderingTests.swift:28:30: warning: 'accessibilitySetValue(_:forAttribute:)' was deprecated in macOS 10.10: Use the NSAccessibility protocol methods instead (see NSAccessibilityProtocols.h) [#DeprecatedDeclaration]
26 |     private func checkConsole(tabTextSize: Double, layoutVersion: Int = 1, startup: Bool = false) throws {
27 |         _ = NSApplication.shared
28 |         NSApplication.shared.accessibilitySetValue(true,
   |                              `- warning: 'accessibilitySetValue(_:forAttribute:)' was deprecated in macOS 10.10: Use the NSAccessibility protocol methods instead (see NSAccessibilityProtocols.h) [#DeprecatedDeclaration]
29 |             forAttribute: NSAccessibility.Attribute(rawValue: "AXEnhancedUserInterface"))
30 |         let suite = "full-console-" + UUID().uuidString

[#DeprecatedDeclaration]: <https://docs.swift.org/compiler/documentation/diagnostics/deprecated-declaration>
[131/156] Compiling MortimerHostTests KnowledgeAtlasTests.swift
/Users/admin/mortimer/verification/macos/MortimerHost/Tests/MortimerHostTests/DrawerTabStripKeyboardTests.swift:13:30: warning: 'accessibilitySetValue(_:forAttribute:)' was deprecated in macOS 10.10: Use the NSAccessibility protocol methods instead (see NSAccessibilityProtocols.h) [#DeprecatedDeclaration]
 11 |     func testArrowAndHomeEndKeysMoveSelectionAndRevealTheSelectedLabel() throws {
 12 |         _ = NSApplication.shared
 13 |         NSApplication.shared.accessibilitySetValue(true,
    |                              `- warning: 'accessibilitySetValue(_:forAttribute:)' was deprecated in macOS 10.10: Use the NSAccessibility protocol methods instead (see NSAccessibilityProtocols.h) [#DeprecatedDeclaration]
 14 |             forAttribute: NSAccessibility.Attribute(rawValue: "AXEnhancedUserInterface"))
 15 |         let selection = KeyboardHeaderSelection()

/Users/admin/mortimer/verification/macos/MortimerHost/Tests/MortimerHostTests/DrawerTabStripRenderingTests.swift:11:30: warning: 'accessibilitySetValue(_:forAttribute:)' was deprecated in macOS 10.10: Use the NSAccessibility protocol methods instead (see NSAccessibilityProtocols.h) [#DeprecatedDeclaration]
  9 |     func testNarrowStripRevealsEntireSelectedLastTab() throws {
 10 |         _ = NSApplication.shared
 11 |         NSApplication.shared.accessibilitySetValue(true,
    |                              `- warning: 'accessibilitySetValue(_:forAttribute:)' was deprecated in macOS 10.10: Use the NSAccessibility protocol methods instead (see NSAccessibilityProtocols.h) [#DeprecatedDeclaration]
 12 |             forAttribute: NSAccessibility.Attribute(rawValue: "AXEnhancedUserInterface"))
 13 |         let view = NSHostingView(rootView: DrawerTabStrip(selectedTab: "costs", attention: [:], select: { _ in })

/Users/admin/mortimer/verification/macos/MortimerHost/Tests/MortimerHostTests/DrawerTabStripRenderingTests.swift:53:30: warning: 'accessibilitySetValue(_:forAttribute:)' was deprecated in macOS 10.10: Use the NSAccessibility protocol methods instead (see NSAccessibilityProtocols.h) [#DeprecatedDeclaration]
 51 |     func testNarrowMountedStripRevealsEverySelectionInBothDirections() throws {
 52 |         _ = NSApplication.shared
 53 |         NSApplication.shared.accessibilitySetValue(true,
    |                              `- warning: 'accessibilitySetValue(_:forAttribute:)' was deprecated in macOS 10.10: Use the NSAccessibility protocol methods instead (see NSAccessibilityProtocols.h) [#DeprecatedDeclaration]
 54 |             forAttribute: NSAccessibility.Attribute(rawValue: "AXEnhancedUserInterface"))
 55 |         let selection = HeaderSelection()

/Users/admin/mortimer/verification/macos/MortimerHost/Tests/MortimerHostTests/DrawerTabStripRenderingTests.swift:100:30: warning: 'accessibilitySetValue(_:forAttribute:)' was deprecated in macOS 10.10: Use the NSAccessibility protocol methods instead (see NSAccessibilityProtocols.h) [#DeprecatedDeclaration]
 98 |     func testLargeTextMountedStripRevealsEverySelection() throws {
 99 |         _ = NSApplication.shared
100 |         NSApplication.shared.accessibilitySetValue(true,
    |                              `- warning: 'accessibilitySetValue(_:forAttribute:)' was deprecated in macOS 10.10: Use the NSAccessibility protocol methods instead (see NSAccessibilityProtocols.h) [#DeprecatedDeclaration]
101 |             forAttribute: NSAccessibility.Attribute(rawValue: "AXEnhancedUserInterface"))
102 |         let selection = HeaderSelection()

/Users/admin/mortimer/verification/macos/MortimerHost/Tests/MortimerHostTests/DrawerTabStripRenderingTests.swift:153:30: warning: 'accessibilitySetValue(_:forAttribute:)' was deprecated in macOS 10.10: Use the NSAccessibility protocol methods instead (see NSAccessibilityProtocols.h) [#DeprecatedDeclaration]
151 |     func testOverflowButtonsReachBothEndsWithoutChangingSelection() throws {
152 |         _ = NSApplication.shared
153 |         NSApplication.shared.accessibilitySetValue(true,
    |                              `- warning: 'accessibilitySetValue(_:forAttribute:)' was deprecated in macOS 10.10: Use the NSAccessibility protocol methods instead (see NSAccessibilityProtocols.h) [#DeprecatedDeclaration]
154 |             forAttribute: NSAccessibility.Attribute(rawValue: "AXEnhancedUserInterface"))
155 |         let selection = HeaderSelection()

/Users/admin/mortimer/verification/macos/MortimerHost/Tests/MortimerHostTests/DrawerTabStripRenderingTests.swift:203:30: warning: 'accessibilitySetValue(_:forAttribute:)' was deprecated in macOS 10.10: Use the NSAccessibility protocol methods instead (see NSAccessibilityProtocols.h) [#DeprecatedDeclaration]
201 |     func testWideHeaderExposesEveryLabel() throws {
202 |         _ = NSApplication.shared
203 |         NSApplication.shared.accessibilitySetValue(true,
    |                              `- warning: 'accessibilitySetValue(_:forAttribute:)' was deprecated in macOS 10.10: Use the NSAccessibility protocol methods instead (see NSAccessibilityProtocols.h) [#DeprecatedDeclaration]
204 |             forAttribute: NSAccessibility.Attribute(rawValue: "AXEnhancedUserInterface"))
205 |         let view = NSHostingView(rootView: DrawerTabStrip(selectedTab: "memory", attention: [:], select: { _ in })

/Users/admin/mortimer/verification/macos/MortimerHost/Tests/MortimerHostTests/DrawerViewMinimumWidthTests.swift:23:30: warning: 'accessibilitySetValue(_:forAttribute:)' was deprecated in macOS 10.10: Use the NSAccessibility protocol methods instead (see NSAccessibilityProtocols.h) [#DeprecatedDeclaration]
21 |     private func checkDrawer(poppedOut: Bool) throws {
22 |         _ = NSApplication.shared
23 |         NSApplication.shared.accessibilitySetValue(true,
   |                              `- warning: 'accessibilitySetValue(_:forAttribute:)' was deprecated in macOS 10.10: Use the NSAccessibility protocol methods instead (see NSAccessibilityProtocols.h) [#DeprecatedDeclaration]
24 |             forAttribute: NSAccessibility.Attribute(rawValue: "AXEnhancedUserInterface"))
25 |         let suite = "drawer-min-width-" + UUID().uuidString

/Users/admin/mortimer/verification/macos/MortimerHost/Tests/MortimerHostTests/FullConsoleRenderingTests.swift:28:30: warning: 'accessibilitySetValue(_:forAttribute:)' was deprecated in macOS 10.10: Use the NSAccessibility protocol methods instead (see NSAccessibilityProtocols.h) [#DeprecatedDeclaration]
26 |     private func checkConsole(tabTextSize: Double, layoutVersion: Int = 1, startup: Bool = false) throws {
27 |         _ = NSApplication.shared
28 |         NSApplication.shared.accessibilitySetValue(true,
   |                              `- warning: 'accessibilitySetValue(_:forAttribute:)' was deprecated in macOS 10.10: Use the NSAccessibility protocol methods instead (see NSAccessibilityProtocols.h) [#DeprecatedDeclaration]
29 |             forAttribute: NSAccessibility.Attribute(rawValue: "AXEnhancedUserInterface"))
30 |         let suite = "full-console-" + UUID().uuidString

[#DeprecatedDeclaration]: <https://docs.swift.org/compiler/documentation/diagnostics/deprecated-declaration>
[132/167] Emitting module MortimerHostTests
/Users/admin/mortimer/verification/macos/MortimerHost/Tests/MortimerHostTests/CompactConversationTests.swift:11:30: warning: 'accessibilitySetValue(_:forAttribute:)' was deprecated in macOS 10.10: Use the NSAccessibility protocol methods instead (see NSAccessibilityProtocols.h) [#DeprecatedDeclaration]
 9 |     func testSavedCompactPreferenceChangesNativeConversationPresentation() throws {
10 |         _ = NSApplication.shared
11 |         NSApplication.shared.accessibilitySetValue(true,
   |                              `- warning: 'accessibilitySetValue(_:forAttribute:)' was deprecated in macOS 10.10: Use the NSAccessibility protocol methods instead (see NSAccessibilityProtocols.h) [#DeprecatedDeclaration]
12 |             forAttribute: NSAccessibility.Attribute(rawValue: "AXEnhancedUserInterface"))
13 |         let suite = "compact-conversation-" + UUID().uuidString

/Users/admin/mortimer/verification/macos/MortimerHost/Tests/MortimerHostTests/DrawerTabStripRenderingTests.swift:153:30: warning: 'accessibilitySetValue(_:forAttribute:)' was deprecated in macOS 10.10: Use the NSAccessibility protocol methods instead (see NSAccessibilityProtocols.h) [#DeprecatedDeclaration]
151 |     func testOverflowButtonsReachBothEndsWithoutChangingSelection() throws {
152 |         _ = NSApplication.shared
153 |         NSApplication.shared.accessibilitySetValue(true,
    |                              `- warning: 'accessibilitySetValue(_:forAttribute:)' was deprecated in macOS 10.10: Use the NSAccessibility protocol methods instead (see NSAccessibilityProtocols.h) [#DeprecatedDeclaration]
154 |             forAttribute: NSAccessibility.Attribute(rawValue: "AXEnhancedUserInterface"))
155 |         let selection = HeaderSelection()

/Users/admin/mortimer/verification/macos/MortimerHost/Tests/MortimerHostTests/SupportingDisplayAcceptanceTests.swift:125:30: warning: 'accessibilitySetValue(_:forAttribute:)' was deprecated in macOS 10.10: Use the NSAccessibility protocol methods instead (see NSAccessibilityProtocols.h) [#DeprecatedDeclaration]
123 |     func testReturningToOriginalPanelsPreservesResearchPinsAndReadingState() throws {
124 |         _ = NSApplication.shared
125 |         NSApplication.shared.accessibilitySetValue(true,
    |                              `- warning: 'accessibilitySetValue(_:forAttribute:)' was deprecated in macOS 10.10: Use the NSAccessibility protocol methods instead (see NSAccessibilityProtocols.h) [#DeprecatedDeclaration]
126 |             forAttribute: NSAccessibility.Attribute(rawValue: "AXEnhancedUserInterface"))
127 |         let suite = "supporting-display-" + UUID().uuidString

[#DeprecatedDeclaration]: <https://docs.swift.org/compiler/documentation/diagnostics/deprecated-declaration>
[133/167] Compiling MortimerHostTests AdaptiveInterfaceClosureC2Tests.swift
/Users/admin/mortimer/verification/macos/MortimerHost/Tests/MortimerHostTests/AdaptiveInterfaceClosureC2Tests.swift:165:30: warning: 'accessibilitySetValue(_:forAttribute:)' was deprecated in macOS 10.10: Use the NSAccessibility protocol methods instead (see NSAccessibilityProtocols.h) [#DeprecatedDeclaration]
163 |     func testCompactRailRendersAgentActivityAffordance() throws {
164 |         _ = NSApplication.shared
165 |         NSApplication.shared.accessibilitySetValue(true,
    |                              `- warning: 'accessibilitySetValue(_:forAttribute:)' was deprecated in macOS 10.10: Use the NSAccessibility protocol methods instead (see NSAccessibilityProtocols.h) [#DeprecatedDeclaration]
166 |             forAttribute: NSAccessibility.Attribute(rawValue: "AXEnhancedUserInterface"))
167 |         let client = JarvisClient(config: JarvisConfig(botURL: URL(string: "http://127.0.0.1:7860")!,

/Users/admin/mortimer/verification/macos/MortimerHost/Tests/MortimerHostTests/AdaptiveInterfaceClosureC2Tests.swift:190:30: warning: 'accessibilitySetValue(_:forAttribute:)' was deprecated in macOS 10.10: Use the NSAccessibility protocol methods instead (see NSAccessibilityProtocols.h) [#DeprecatedDeclaration]
188 |     func testCompactRailPinsClockAboveAgentActivity() throws {
189 |         _ = NSApplication.shared
190 |         NSApplication.shared.accessibilitySetValue(true,
    |                              `- warning: 'accessibilitySetValue(_:forAttribute:)' was deprecated in macOS 10.10: Use the NSAccessibility protocol methods instead (see NSAccessibilityProtocols.h) [#DeprecatedDeclaration]
191 |             forAttribute: NSAccessibility.Attribute(rawValue: "AXEnhancedUserInterface"))
192 |         let client = JarvisClient(config: JarvisConfig(botURL: URL(string: "http://127.0.0.1:7860")!,

/Users/admin/mortimer/verification/macos/MortimerHost/Tests/MortimerHostTests/CompactConversationTests.swift:11:30: warning: 'accessibilitySetValue(_:forAttribute:)' was deprecated in macOS 10.10: Use the NSAccessibility protocol methods instead (see NSAccessibilityProtocols.h) [#DeprecatedDeclaration]
 9 |     func testSavedCompactPreferenceChangesNativeConversationPresentation() throws {
10 |         _ = NSApplication.shared
11 |         NSApplication.shared.accessibilitySetValue(true,
   |                              `- warning: 'accessibilitySetValue(_:forAttribute:)' was deprecated in macOS 10.10: Use the NSAccessibility protocol methods instead (see NSAccessibilityProtocols.h) [#DeprecatedDeclaration]
12 |             forAttribute: NSAccessibility.Attribute(rawValue: "AXEnhancedUserInterface"))
13 |         let suite = "compact-conversation-" + UUID().uuidString

[#DeprecatedDeclaration]: <https://docs.swift.org/compiler/documentation/diagnostics/deprecated-declaration>
[134/167] Compiling MortimerHostTests AdaptiveLayoutMetricsTests.swift
/Users/admin/mortimer/verification/macos/MortimerHost/Tests/MortimerHostTests/AdaptiveInterfaceClosureC2Tests.swift:165:30: warning: 'accessibilitySetValue(_:forAttribute:)' was deprecated in macOS 10.10: Use the NSAccessibility protocol methods instead (see NSAccessibilityProtocols.h) [#DeprecatedDeclaration]
163 |     func testCompactRailRendersAgentActivityAffordance() throws {
164 |         _ = NSApplication.shared
165 |         NSApplication.shared.accessibilitySetValue(true,
    |                              `- warning: 'accessibilitySetValue(_:forAttribute:)' was deprecated in macOS 10.10: Use the NSAccessibility protocol methods instead (see NSAccessibilityProtocols.h) [#DeprecatedDeclaration]
166 |             forAttribute: NSAccessibility.Attribute(rawValue: "AXEnhancedUserInterface"))
167 |         let client = JarvisClient(config: JarvisConfig(botURL: URL(string: "http://127.0.0.1:7860")!,

/Users/admin/mortimer/verification/macos/MortimerHost/Tests/MortimerHostTests/AdaptiveInterfaceClosureC2Tests.swift:190:30: warning: 'accessibilitySetValue(_:forAttribute:)' was deprecated in macOS 10.10: Use the NSAccessibility protocol methods instead (see NSAccessibilityProtocols.h) [#DeprecatedDeclaration]
188 |     func testCompactRailPinsClockAboveAgentActivity() throws {
189 |         _ = NSApplication.shared
190 |         NSApplication.shared.accessibilitySetValue(true,
    |                              `- warning: 'accessibilitySetValue(_:forAttribute:)' was deprecated in macOS 10.10: Use the NSAccessibility protocol methods instead (see NSAccessibilityProtocols.h) [#DeprecatedDeclaration]
191 |             forAttribute: NSAccessibility.Attribute(rawValue: "AXEnhancedUserInterface"))
192 |         let client = JarvisClient(config: JarvisConfig(botURL: URL(string: "http://127.0.0.1:7860")!,

/Users/admin/mortimer/verification/macos/MortimerHost/Tests/MortimerHostTests/CompactConversationTests.swift:11:30: warning: 'accessibilitySetValue(_:forAttribute:)' was deprecated in macOS 10.10: Use the NSAccessibility protocol methods instead (see NSAccessibilityProtocols.h) [#DeprecatedDeclaration]
 9 |     func testSavedCompactPreferenceChangesNativeConversationPresentation() throws {
10 |         _ = NSApplication.shared
11 |         NSApplication.shared.accessibilitySetValue(true,
   |                              `- warning: 'accessibilitySetValue(_:forAttribute:)' was deprecated in macOS 10.10: Use the NSAccessibility protocol methods instead (see NSAccessibilityProtocols.h) [#DeprecatedDeclaration]
12 |             forAttribute: NSAccessibility.Attribute(rawValue: "AXEnhancedUserInterface"))
13 |         let suite = "compact-conversation-" + UUID().uuidString

[#DeprecatedDeclaration]: <https://docs.swift.org/compiler/documentation/diagnostics/deprecated-declaration>
[135/167] Compiling MortimerHostTests AgentRunStoreTests.swift
/Users/admin/mortimer/verification/macos/MortimerHost/Tests/MortimerHostTests/AdaptiveInterfaceClosureC2Tests.swift:165:30: warning: 'accessibilitySetValue(_:forAttribute:)' was deprecated in macOS 10.10: Use the NSAccessibility protocol methods instead (see NSAccessibilityProtocols.h) [#DeprecatedDeclaration]
163 |     func testCompactRailRendersAgentActivityAffordance() throws {
164 |         _ = NSApplication.shared
165 |         NSApplication.shared.accessibilitySetValue(true,
    |                              `- warning: 'accessibilitySetValue(_:forAttribute:)' was deprecated in macOS 10.10: Use the NSAccessibility protocol methods instead (see NSAccessibilityProtocols.h) [#DeprecatedDeclaration]
166 |             forAttribute: NSAccessibility.Attribute(rawValue: "AXEnhancedUserInterface"))
167 |         let client = JarvisClient(config: JarvisConfig(botURL: URL(string: "http://127.0.0.1:7860")!,

/Users/admin/mortimer/verification/macos/MortimerHost/Tests/MortimerHostTests/AdaptiveInterfaceClosureC2Tests.swift:190:30: warning: 'accessibilitySetValue(_:forAttribute:)' was deprecated in macOS 10.10: Use the NSAccessibility protocol methods instead (see NSAccessibilityProtocols.h) [#DeprecatedDeclaration]
188 |     func testCompactRailPinsClockAboveAgentActivity() throws {
189 |         _ = NSApplication.shared
190 |         NSApplication.shared.accessibilitySetValue(true,
    |                              `- warning: 'accessibilitySetValue(_:forAttribute:)' was deprecated in macOS 10.10: Use the NSAccessibility protocol methods instead (see NSAccessibilityProtocols.h) [#DeprecatedDeclaration]
191 |             forAttribute: NSAccessibility.Attribute(rawValue: "AXEnhancedUserInterface"))
192 |         let client = JarvisClient(config: JarvisConfig(botURL: URL(string: "http://127.0.0.1:7860")!,

/Users/admin/mortimer/verification/macos/MortimerHost/Tests/MortimerHostTests/CompactConversationTests.swift:11:30: warning: 'accessibilitySetValue(_:forAttribute:)' was deprecated in macOS 10.10: Use the NSAccessibility protocol methods instead (see NSAccessibilityProtocols.h) [#DeprecatedDeclaration]
 9 |     func testSavedCompactPreferenceChangesNativeConversationPresentation() throws {
10 |         _ = NSApplication.shared
11 |         NSApplication.shared.accessibilitySetValue(true,
   |                              `- warning: 'accessibilitySetValue(_:forAttribute:)' was deprecated in macOS 10.10: Use the NSAccessibility protocol methods instead (see NSAccessibilityProtocols.h) [#DeprecatedDeclaration]
12 |             forAttribute: NSAccessibility.Attribute(rawValue: "AXEnhancedUserInterface"))
13 |         let suite = "compact-conversation-" + UUID().uuidString

[#DeprecatedDeclaration]: <https://docs.swift.org/compiler/documentation/diagnostics/deprecated-declaration>
[136/167] Compiling MortimerHostTests AttachmentNormalizerTests.swift
/Users/admin/mortimer/verification/macos/MortimerHost/Tests/MortimerHostTests/AdaptiveInterfaceClosureC2Tests.swift:165:30: warning: 'accessibilitySetValue(_:forAttribute:)' was deprecated in macOS 10.10: Use the NSAccessibility protocol methods instead (see NSAccessibilityProtocols.h) [#DeprecatedDeclaration]
163 |     func testCompactRailRendersAgentActivityAffordance() throws {
164 |         _ = NSApplication.shared
165 |         NSApplication.shared.accessibilitySetValue(true,
    |                              `- warning: 'accessibilitySetValue(_:forAttribute:)' was deprecated in macOS 10.10: Use the NSAccessibility protocol methods instead (see NSAccessibilityProtocols.h) [#DeprecatedDeclaration]
166 |             forAttribute: NSAccessibility.Attribute(rawValue: "AXEnhancedUserInterface"))
167 |         let client = JarvisClient(config: JarvisConfig(botURL: URL(string: "http://127.0.0.1:7860")!,

/Users/admin/mortimer/verification/macos/MortimerHost/Tests/MortimerHostTests/AdaptiveInterfaceClosureC2Tests.swift:190:30: warning: 'accessibilitySetValue(_:forAttribute:)' was deprecated in macOS 10.10: Use the NSAccessibility protocol methods instead (see NSAccessibilityProtocols.h) [#DeprecatedDeclaration]
188 |     func testCompactRailPinsClockAboveAgentActivity() throws {
189 |         _ = NSApplication.shared
190 |         NSApplication.shared.accessibilitySetValue(true,
    |                              `- warning: 'accessibilitySetValue(_:forAttribute:)' was deprecated in macOS 10.10: Use the NSAccessibility protocol methods instead (see NSAccessibilityProtocols.h) [#DeprecatedDeclaration]
191 |             forAttribute: NSAccessibility.Attribute(rawValue: "AXEnhancedUserInterface"))
192 |         let client = JarvisClient(config: JarvisConfig(botURL: URL(string: "http://127.0.0.1:7860")!,

/Users/admin/mortimer/verification/macos/MortimerHost/Tests/MortimerHostTests/CompactConversationTests.swift:11:30: warning: 'accessibilitySetValue(_:forAttribute:)' was deprecated in macOS 10.10: Use the NSAccessibility protocol methods instead (see NSAccessibilityProtocols.h) [#DeprecatedDeclaration]
 9 |     func testSavedCompactPreferenceChangesNativeConversationPresentation() throws {
10 |         _ = NSApplication.shared
11 |         NSApplication.shared.accessibilitySetValue(true,
   |                              `- warning: 'accessibilitySetValue(_:forAttribute:)' was deprecated in macOS 10.10: Use the NSAccessibility protocol methods instead (see NSAccessibilityProtocols.h) [#DeprecatedDeclaration]
12 |             forAttribute: NSAccessibility.Attribute(rawValue: "AXEnhancedUserInterface"))
13 |         let suite = "compact-conversation-" + UUID().uuidString

[#DeprecatedDeclaration]: <https://docs.swift.org/compiler/documentation/diagnostics/deprecated-declaration>
[137/167] Compiling MortimerHostTests AttachmentStoreTests.swift
/Users/admin/mortimer/verification/macos/MortimerHost/Tests/MortimerHostTests/AdaptiveInterfaceClosureC2Tests.swift:165:30: warning: 'accessibilitySetValue(_:forAttribute:)' was deprecated in macOS 10.10: Use the NSAccessibility protocol methods instead (see NSAccessibilityProtocols.h) [#DeprecatedDeclaration]
163 |     func testCompactRailRendersAgentActivityAffordance() throws {
164 |         _ = NSApplication.shared
165 |         NSApplication.shared.accessibilitySetValue(true,
    |                              `- warning: 'accessibilitySetValue(_:forAttribute:)' was deprecated in macOS 10.10: Use the NSAccessibility protocol methods instead (see NSAccessibilityProtocols.h) [#DeprecatedDeclaration]
166 |             forAttribute: NSAccessibility.Attribute(rawValue: "AXEnhancedUserInterface"))
167 |         let client = JarvisClient(config: JarvisConfig(botURL: URL(string: "http://127.0.0.1:7860")!,

/Users/admin/mortimer/verification/macos/MortimerHost/Tests/MortimerHostTests/AdaptiveInterfaceClosureC2Tests.swift:190:30: warning: 'accessibilitySetValue(_:forAttribute:)' was deprecated in macOS 10.10: Use the NSAccessibility protocol methods instead (see NSAccessibilityProtocols.h) [#DeprecatedDeclaration]
188 |     func testCompactRailPinsClockAboveAgentActivity() throws {
189 |         _ = NSApplication.shared
190 |         NSApplication.shared.accessibilitySetValue(true,
    |                              `- warning: 'accessibilitySetValue(_:forAttribute:)' was deprecated in macOS 10.10: Use the NSAccessibility protocol methods instead (see NSAccessibilityProtocols.h) [#DeprecatedDeclaration]
191 |             forAttribute: NSAccessibility.Attribute(rawValue: "AXEnhancedUserInterface"))
192 |         let client = JarvisClient(config: JarvisConfig(botURL: URL(string: "http://127.0.0.1:7860")!,

/Users/admin/mortimer/verification/macos/MortimerHost/Tests/MortimerHostTests/CompactConversationTests.swift:11:30: warning: 'accessibilitySetValue(_:forAttribute:)' was deprecated in macOS 10.10: Use the NSAccessibility protocol methods instead (see NSAccessibilityProtocols.h) [#DeprecatedDeclaration]
 9 |     func testSavedCompactPreferenceChangesNativeConversationPresentation() throws {
10 |         _ = NSApplication.shared
11 |         NSApplication.shared.accessibilitySetValue(true,
   |                              `- warning: 'accessibilitySetValue(_:forAttribute:)' was deprecated in macOS 10.10: Use the NSAccessibility protocol methods instead (see NSAccessibilityProtocols.h) [#DeprecatedDeclaration]
12 |             forAttribute: NSAccessibility.Attribute(rawValue: "AXEnhancedUserInterface"))
13 |         let suite = "compact-conversation-" + UUID().uuidString

[#DeprecatedDeclaration]: <https://docs.swift.org/compiler/documentation/diagnostics/deprecated-declaration>
[138/167] Compiling MortimerHostTests AudioMeterLatencyReportTests.swift
/Users/admin/mortimer/verification/macos/MortimerHost/Tests/MortimerHostTests/AdaptiveInterfaceClosureC2Tests.swift:165:30: warning: 'accessibilitySetValue(_:forAttribute:)' was deprecated in macOS 10.10: Use the NSAccessibility protocol methods instead (see NSAccessibilityProtocols.h) [#DeprecatedDeclaration]
163 |     func testCompactRailRendersAgentActivityAffordance() throws {
164 |         _ = NSApplication.shared
165 |         NSApplication.shared.accessibilitySetValue(true,
    |                              `- warning: 'accessibilitySetValue(_:forAttribute:)' was deprecated in macOS 10.10: Use the NSAccessibility protocol methods instead (see NSAccessibilityProtocols.h) [#DeprecatedDeclaration]
166 |             forAttribute: NSAccessibility.Attribute(rawValue: "AXEnhancedUserInterface"))
167 |         let client = JarvisClient(config: JarvisConfig(botURL: URL(string: "http://127.0.0.1:7860")!,

/Users/admin/mortimer/verification/macos/MortimerHost/Tests/MortimerHostTests/AdaptiveInterfaceClosureC2Tests.swift:190:30: warning: 'accessibilitySetValue(_:forAttribute:)' was deprecated in macOS 10.10: Use the NSAccessibility protocol methods instead (see NSAccessibilityProtocols.h) [#DeprecatedDeclaration]
188 |     func testCompactRailPinsClockAboveAgentActivity() throws {
189 |         _ = NSApplication.shared
190 |         NSApplication.shared.accessibilitySetValue(true,
    |                              `- warning: 'accessibilitySetValue(_:forAttribute:)' was deprecated in macOS 10.10: Use the NSAccessibility protocol methods instead (see NSAccessibilityProtocols.h) [#DeprecatedDeclaration]
191 |             forAttribute: NSAccessibility.Attribute(rawValue: "AXEnhancedUserInterface"))
192 |         let client = JarvisClient(config: JarvisConfig(botURL: URL(string: "http://127.0.0.1:7860")!,

/Users/admin/mortimer/verification/macos/MortimerHost/Tests/MortimerHostTests/CompactConversationTests.swift:11:30: warning: 'accessibilitySetValue(_:forAttribute:)' was deprecated in macOS 10.10: Use the NSAccessibility protocol methods instead (see NSAccessibilityProtocols.h) [#DeprecatedDeclaration]
 9 |     func testSavedCompactPreferenceChangesNativeConversationPresentation() throws {
10 |         _ = NSApplication.shared
11 |         NSApplication.shared.accessibilitySetValue(true,
   |                              `- warning: 'accessibilitySetValue(_:forAttribute:)' was deprecated in macOS 10.10: Use the NSAccessibility protocol methods instead (see NSAccessibilityProtocols.h) [#DeprecatedDeclaration]
12 |             forAttribute: NSAccessibility.Attribute(rawValue: "AXEnhancedUserInterface"))
13 |         let suite = "compact-conversation-" + UUID().uuidString

[#DeprecatedDeclaration]: <https://docs.swift.org/compiler/documentation/diagnostics/deprecated-declaration>
[139/167] Compiling MortimerHostTests CompactConversationTests.swift
/Users/admin/mortimer/verification/macos/MortimerHost/Tests/MortimerHostTests/AdaptiveInterfaceClosureC2Tests.swift:165:30: warning: 'accessibilitySetValue(_:forAttribute:)' was deprecated in macOS 10.10: Use the NSAccessibility protocol methods instead (see NSAccessibilityProtocols.h) [#DeprecatedDeclaration]
163 |     func testCompactRailRendersAgentActivityAffordance() throws {
164 |         _ = NSApplication.shared
165 |         NSApplication.shared.accessibilitySetValue(true,
    |                              `- warning: 'accessibilitySetValue(_:forAttribute:)' was deprecated in macOS 10.10: Use the NSAccessibility protocol methods instead (see NSAccessibilityProtocols.h) [#DeprecatedDeclaration]
166 |             forAttribute: NSAccessibility.Attribute(rawValue: "AXEnhancedUserInterface"))
167 |         let client = JarvisClient(config: JarvisConfig(botURL: URL(string: "http://127.0.0.1:7860")!,

/Users/admin/mortimer/verification/macos/MortimerHost/Tests/MortimerHostTests/AdaptiveInterfaceClosureC2Tests.swift:190:30: warning: 'accessibilitySetValue(_:forAttribute:)' was deprecated in macOS 10.10: Use the NSAccessibility protocol methods instead (see NSAccessibilityProtocols.h) [#DeprecatedDeclaration]
188 |     func testCompactRailPinsClockAboveAgentActivity() throws {
189 |         _ = NSApplication.shared
190 |         NSApplication.shared.accessibilitySetValue(true,
    |                              `- warning: 'accessibilitySetValue(_:forAttribute:)' was deprecated in macOS 10.10: Use the NSAccessibility protocol methods instead (see NSAccessibilityProtocols.h) [#DeprecatedDeclaration]
191 |             forAttribute: NSAccessibility.Attribute(rawValue: "AXEnhancedUserInterface"))
192 |         let client = JarvisClient(config: JarvisConfig(botURL: URL(string: "http://127.0.0.1:7860")!,

/Users/admin/mortimer/verification/macos/MortimerHost/Tests/MortimerHostTests/CompactConversationTests.swift:11:30: warning: 'accessibilitySetValue(_:forAttribute:)' was deprecated in macOS 10.10: Use the NSAccessibility protocol methods instead (see NSAccessibilityProtocols.h) [#DeprecatedDeclaration]
 9 |     func testSavedCompactPreferenceChangesNativeConversationPresentation() throws {
10 |         _ = NSApplication.shared
11 |         NSApplication.shared.accessibilitySetValue(true,
   |                              `- warning: 'accessibilitySetValue(_:forAttribute:)' was deprecated in macOS 10.10: Use the NSAccessibility protocol methods instead (see NSAccessibilityProtocols.h) [#DeprecatedDeclaration]
12 |             forAttribute: NSAccessibility.Attribute(rawValue: "AXEnhancedUserInterface"))
13 |         let suite = "compact-conversation-" + UUID().uuidString

[#DeprecatedDeclaration]: <https://docs.swift.org/compiler/documentation/diagnostics/deprecated-declaration>
[140/167] Compiling MortimerHostTests ConsoleActionCoordinatorTests.swift
/Users/admin/mortimer/verification/macos/MortimerHost/Tests/MortimerHostTests/AdaptiveInterfaceClosureC2Tests.swift:165:30: warning: 'accessibilitySetValue(_:forAttribute:)' was deprecated in macOS 10.10: Use the NSAccessibility protocol methods instead (see NSAccessibilityProtocols.h) [#DeprecatedDeclaration]
163 |     func testCompactRailRendersAgentActivityAffordance() throws {
164 |         _ = NSApplication.shared
165 |         NSApplication.shared.accessibilitySetValue(true,
    |                              `- warning: 'accessibilitySetValue(_:forAttribute:)' was deprecated in macOS 10.10: Use the NSAccessibility protocol methods instead (see NSAccessibilityProtocols.h) [#DeprecatedDeclaration]
166 |             forAttribute: NSAccessibility.Attribute(rawValue: "AXEnhancedUserInterface"))
167 |         let client = JarvisClient(config: JarvisConfig(botURL: URL(string: "http://127.0.0.1:7860")!,

/Users/admin/mortimer/verification/macos/MortimerHost/Tests/MortimerHostTests/AdaptiveInterfaceClosureC2Tests.swift:190:30: warning: 'accessibilitySetValue(_:forAttribute:)' was deprecated in macOS 10.10: Use the NSAccessibility protocol methods instead (see NSAccessibilityProtocols.h) [#DeprecatedDeclaration]
188 |     func testCompactRailPinsClockAboveAgentActivity() throws {
189 |         _ = NSApplication.shared
190 |         NSApplication.shared.accessibilitySetValue(true,
    |                              `- warning: 'accessibilitySetValue(_:forAttribute:)' was deprecated in macOS 10.10: Use the NSAccessibility protocol methods instead (see NSAccessibilityProtocols.h) [#DeprecatedDeclaration]
191 |             forAttribute: NSAccessibility.Attribute(rawValue: "AXEnhancedUserInterface"))
192 |         let client = JarvisClient(config: JarvisConfig(botURL: URL(string: "http://127.0.0.1:7860")!,

/Users/admin/mortimer/verification/macos/MortimerHost/Tests/MortimerHostTests/CompactConversationTests.swift:11:30: warning: 'accessibilitySetValue(_:forAttribute:)' was deprecated in macOS 10.10: Use the NSAccessibility protocol methods instead (see NSAccessibilityProtocols.h) [#DeprecatedDeclaration]
 9 |     func testSavedCompactPreferenceChangesNativeConversationPresentation() throws {
10 |         _ = NSApplication.shared
11 |         NSApplication.shared.accessibilitySetValue(true,
   |                              `- warning: 'accessibilitySetValue(_:forAttribute:)' was deprecated in macOS 10.10: Use the NSAccessibility protocol methods instead (see NSAccessibilityProtocols.h) [#DeprecatedDeclaration]
12 |             forAttribute: NSAccessibility.Attribute(rawValue: "AXEnhancedUserInterface"))
13 |         let suite = "compact-conversation-" + UUID().uuidString

[#DeprecatedDeclaration]: <https://docs.swift.org/compiler/documentation/diagnostics/deprecated-declaration>
[141/167] Compiling MortimerHostTests ConsoleActionRegistryTests.swift
/Users/admin/mortimer/verification/macos/MortimerHost/Tests/MortimerHostTests/AdaptiveInterfaceClosureC2Tests.swift:165:30: warning: 'accessibilitySetValue(_:forAttribute:)' was deprecated in macOS 10.10: Use the NSAccessibility protocol methods instead (see NSAccessibilityProtocols.h) [#DeprecatedDeclaration]
163 |     func testCompactRailRendersAgentActivityAffordance() throws {
164 |         _ = NSApplication.shared
165 |         NSApplication.shared.accessibilitySetValue(true,
    |                              `- warning: 'accessibilitySetValue(_:forAttribute:)' was deprecated in macOS 10.10: Use the NSAccessibility protocol methods instead (see NSAccessibilityProtocols.h) [#DeprecatedDeclaration]
166 |             forAttribute: NSAccessibility.Attribute(rawValue: "AXEnhancedUserInterface"))
167 |         let client = JarvisClient(config: JarvisConfig(botURL: URL(string: "http://127.0.0.1:7860")!,

/Users/admin/mortimer/verification/macos/MortimerHost/Tests/MortimerHostTests/AdaptiveInterfaceClosureC2Tests.swift:190:30: warning: 'accessibilitySetValue(_:forAttribute:)' was deprecated in macOS 10.10: Use the NSAccessibility protocol methods instead (see NSAccessibilityProtocols.h) [#DeprecatedDeclaration]
188 |     func testCompactRailPinsClockAboveAgentActivity() throws {
189 |         _ = NSApplication.shared
190 |         NSApplication.shared.accessibilitySetValue(true,
    |                              `- warning: 'accessibilitySetValue(_:forAttribute:)' was deprecated in macOS 10.10: Use the NSAccessibility protocol methods instead (see NSAccessibilityProtocols.h) [#DeprecatedDeclaration]
191 |             forAttribute: NSAccessibility.Attribute(rawValue: "AXEnhancedUserInterface"))
192 |         let client = JarvisClient(config: JarvisConfig(botURL: URL(string: "http://127.0.0.1:7860")!,

/Users/admin/mortimer/verification/macos/MortimerHost/Tests/MortimerHostTests/CompactConversationTests.swift:11:30: warning: 'accessibilitySetValue(_:forAttribute:)' was deprecated in macOS 10.10: Use the NSAccessibility protocol methods instead (see NSAccessibilityProtocols.h) [#DeprecatedDeclaration]
 9 |     func testSavedCompactPreferenceChangesNativeConversationPresentation() throws {
10 |         _ = NSApplication.shared
11 |         NSApplication.shared.accessibilitySetValue(true,
   |                              `- warning: 'accessibilitySetValue(_:forAttribute:)' was deprecated in macOS 10.10: Use the NSAccessibility protocol methods instead (see NSAccessibilityProtocols.h) [#DeprecatedDeclaration]
12 |             forAttribute: NSAccessibility.Attribute(rawValue: "AXEnhancedUserInterface"))
13 |         let suite = "compact-conversation-" + UUID().uuidString

[#DeprecatedDeclaration]: <https://docs.swift.org/compiler/documentation/diagnostics/deprecated-declaration>
[142/167] Compiling MortimerHostTests ContentPanelTests.swift
/Users/admin/mortimer/verification/macos/MortimerHost/Tests/MortimerHostTests/AdaptiveInterfaceClosureC2Tests.swift:165:30: warning: 'accessibilitySetValue(_:forAttribute:)' was deprecated in macOS 10.10: Use the NSAccessibility protocol methods instead (see NSAccessibilityProtocols.h) [#DeprecatedDeclaration]
163 |     func testCompactRailRendersAgentActivityAffordance() throws {
164 |         _ = NSApplication.shared
165 |         NSApplication.shared.accessibilitySetValue(true,
    |                              `- warning: 'accessibilitySetValue(_:forAttribute:)' was deprecated in macOS 10.10: Use the NSAccessibility protocol methods instead (see NSAccessibilityProtocols.h) [#DeprecatedDeclaration]
166 |             forAttribute: NSAccessibility.Attribute(rawValue: "AXEnhancedUserInterface"))
167 |         let client = JarvisClient(config: JarvisConfig(botURL: URL(string: "http://127.0.0.1:7860")!,

/Users/admin/mortimer/verification/macos/MortimerHost/Tests/MortimerHostTests/AdaptiveInterfaceClosureC2Tests.swift:190:30: warning: 'accessibilitySetValue(_:forAttribute:)' was deprecated in macOS 10.10: Use the NSAccessibility protocol methods instead (see NSAccessibilityProtocols.h) [#DeprecatedDeclaration]
188 |     func testCompactRailPinsClockAboveAgentActivity() throws {
189 |         _ = NSApplication.shared
190 |         NSApplication.shared.accessibilitySetValue(true,
    |                              `- warning: 'accessibilitySetValue(_:forAttribute:)' was deprecated in macOS 10.10: Use the NSAccessibility protocol methods instead (see NSAccessibilityProtocols.h) [#DeprecatedDeclaration]
191 |             forAttribute: NSAccessibility.Attribute(rawValue: "AXEnhancedUserInterface"))
192 |         let client = JarvisClient(config: JarvisConfig(botURL: URL(string: "http://127.0.0.1:7860")!,

/Users/admin/mortimer/verification/macos/MortimerHost/Tests/MortimerHostTests/CompactConversationTests.swift:11:30: warning: 'accessibilitySetValue(_:forAttribute:)' was deprecated in macOS 10.10: Use the NSAccessibility protocol methods instead (see NSAccessibilityProtocols.h) [#DeprecatedDeclaration]
 9 |     func testSavedCompactPreferenceChangesNativeConversationPresentation() throws {
10 |         _ = NSApplication.shared
11 |         NSApplication.shared.accessibilitySetValue(true,
   |                              `- warning: 'accessibilitySetValue(_:forAttribute:)' was deprecated in macOS 10.10: Use the NSAccessibility protocol methods instead (see NSAccessibilityProtocols.h) [#DeprecatedDeclaration]
12 |             forAttribute: NSAccessibility.Attribute(rawValue: "AXEnhancedUserInterface"))
13 |         let suite = "compact-conversation-" + UUID().uuidString

[#DeprecatedDeclaration]: <https://docs.swift.org/compiler/documentation/diagnostics/deprecated-declaration>
[143/167] Compiling MortimerHostTests ContentWindowRegistryTests.swift
/Users/admin/mortimer/verification/macos/MortimerHost/Tests/MortimerHostTests/AdaptiveInterfaceClosureC2Tests.swift:165:30: warning: 'accessibilitySetValue(_:forAttribute:)' was deprecated in macOS 10.10: Use the NSAccessibility protocol methods instead (see NSAccessibilityProtocols.h) [#DeprecatedDeclaration]
163 |     func testCompactRailRendersAgentActivityAffordance() throws {
164 |         _ = NSApplication.shared
165 |         NSApplication.shared.accessibilitySetValue(true,
    |                              `- warning: 'accessibilitySetValue(_:forAttribute:)' was deprecated in macOS 10.10: Use the NSAccessibility protocol methods instead (see NSAccessibilityProtocols.h) [#DeprecatedDeclaration]
166 |             forAttribute: NSAccessibility.Attribute(rawValue: "AXEnhancedUserInterface"))
167 |         let client = JarvisClient(config: JarvisConfig(botURL: URL(string: "http://127.0.0.1:7860")!,

/Users/admin/mortimer/verification/macos/MortimerHost/Tests/MortimerHostTests/AdaptiveInterfaceClosureC2Tests.swift:190:30: warning: 'accessibilitySetValue(_:forAttribute:)' was deprecated in macOS 10.10: Use the NSAccessibility protocol methods instead (see NSAccessibilityProtocols.h) [#DeprecatedDeclaration]
188 |     func testCompactRailPinsClockAboveAgentActivity() throws {
189 |         _ = NSApplication.shared
190 |         NSApplication.shared.accessibilitySetValue(true,
    |                              `- warning: 'accessibilitySetValue(_:forAttribute:)' was deprecated in macOS 10.10: Use the NSAccessibility protocol methods instead (see NSAccessibilityProtocols.h) [#DeprecatedDeclaration]
191 |             forAttribute: NSAccessibility.Attribute(rawValue: "AXEnhancedUserInterface"))
192 |         let client = JarvisClient(config: JarvisConfig(botURL: URL(string: "http://127.0.0.1:7860")!,

/Users/admin/mortimer/verification/macos/MortimerHost/Tests/MortimerHostTests/CompactConversationTests.swift:11:30: warning: 'accessibilitySetValue(_:forAttribute:)' was deprecated in macOS 10.10: Use the NSAccessibility protocol methods instead (see NSAccessibilityProtocols.h) [#DeprecatedDeclaration]
 9 |     func testSavedCompactPreferenceChangesNativeConversationPresentation() throws {
10 |         _ = NSApplication.shared
11 |         NSApplication.shared.accessibilitySetValue(true,
   |                              `- warning: 'accessibilitySetValue(_:forAttribute:)' was deprecated in macOS 10.10: Use the NSAccessibility protocol methods instead (see NSAccessibilityProtocols.h) [#DeprecatedDeclaration]
12 |             forAttribute: NSAccessibility.Attribute(rawValue: "AXEnhancedUserInterface"))
13 |         let suite = "compact-conversation-" + UUID().uuidString

[#DeprecatedDeclaration]: <https://docs.swift.org/compiler/documentation/diagnostics/deprecated-declaration>
[144/167] Compiling MortimerHostTests MemoryGraphClosureC3Tests.swift
/Users/admin/mortimer/verification/macos/MortimerHost/Tests/MortimerHostTests/MemoryGraphRenderingTests.swift:30:26: warning: instance method 'run' is unavailable from asynchronous contexts; run(until:) cannot be used from async contexts.; this is an error in the Swift 6 language mode
28 |             defer { window.close() }
29 |             window.layoutIfNeeded(); view.layoutSubtreeIfNeeded()
30 |             RunLoop.main.run(until: Date().addingTimeInterval(0.2))
   |                          `- warning: instance method 'run' is unavailable from asynchronous contexts; run(until:) cannot be used from async contexts.; this is an error in the Swift 6 language mode
31 |             let bitmap = try XCTUnwrap(view.bitmapImageRepForCachingDisplay(in: view.bounds))
32 |             view.cacheDisplay(in: view.bounds, to: bitmap)

Foundation.RunLoop.run:2:11: note: 'run(until:)' declared here
1 | class RunLoop {
2 | open func run(until limitDate: Date)}
  |           `- note: 'run(until:)' declared here
3 | 
[145/167] Compiling MortimerHostTests MemoryGraphFrameTimeTests.swift
/Users/admin/mortimer/verification/macos/MortimerHost/Tests/MortimerHostTests/MemoryGraphRenderingTests.swift:30:26: warning: instance method 'run' is unavailable from asynchronous contexts; run(until:) cannot be used from async contexts.; this is an error in the Swift 6 language mode
28 |             defer { window.close() }
29 |             window.layoutIfNeeded(); view.layoutSubtreeIfNeeded()
30 |             RunLoop.main.run(until: Date().addingTimeInterval(0.2))
   |                          `- warning: instance method 'run' is unavailable from asynchronous contexts; run(until:) cannot be used from async contexts.; this is an error in the Swift 6 language mode
31 |             let bitmap = try XCTUnwrap(view.bitmapImageRepForCachingDisplay(in: view.bounds))
32 |             view.cacheDisplay(in: view.bounds, to: bitmap)

Foundation.RunLoop.run:2:11: note: 'run(until:)' declared here
1 | class RunLoop {
2 | open func run(until limitDate: Date)}
  |           `- note: 'run(until:)' declared here
3 | 
[146/167] Compiling MortimerHostTests MemoryGraphImageStoreTests.swift
/Users/admin/mortimer/verification/macos/MortimerHost/Tests/MortimerHostTests/MemoryGraphRenderingTests.swift:30:26: warning: instance method 'run' is unavailable from asynchronous contexts; run(until:) cannot be used from async contexts.; this is an error in the Swift 6 language mode
28 |             defer { window.close() }
29 |             window.layoutIfNeeded(); view.layoutSubtreeIfNeeded()
30 |             RunLoop.main.run(until: Date().addingTimeInterval(0.2))
   |                          `- warning: instance method 'run' is unavailable from asynchronous contexts; run(until:) cannot be used from async contexts.; this is an error in the Swift 6 language mode
31 |             let bitmap = try XCTUnwrap(view.bitmapImageRepForCachingDisplay(in: view.bounds))
32 |             view.cacheDisplay(in: view.bounds, to: bitmap)

Foundation.RunLoop.run:2:11: note: 'run(until:)' declared here
1 | class RunLoop {
2 | open func run(until limitDate: Date)}
  |           `- note: 'run(until:)' declared here
3 | 
[147/167] Compiling MortimerHostTests MemoryGraphRenderingTests.swift
/Users/admin/mortimer/verification/macos/MortimerHost/Tests/MortimerHostTests/MemoryGraphRenderingTests.swift:30:26: warning: instance method 'run' is unavailable from asynchronous contexts; run(until:) cannot be used from async contexts.; this is an error in the Swift 6 language mode
28 |             defer { window.close() }
29 |             window.layoutIfNeeded(); view.layoutSubtreeIfNeeded()
30 |             RunLoop.main.run(until: Date().addingTimeInterval(0.2))
   |                          `- warning: instance method 'run' is unavailable from asynchronous contexts; run(until:) cannot be used from async contexts.; this is an error in the Swift 6 language mode
31 |             let bitmap = try XCTUnwrap(view.bitmapImageRepForCachingDisplay(in: view.bounds))
32 |             view.cacheDisplay(in: view.bounds, to: bitmap)

Foundation.RunLoop.run:2:11: note: 'run(until:)' declared here
1 | class RunLoop {
2 | open func run(until limitDate: Date)}
  |           `- note: 'run(until:)' declared here
3 | 
[148/167] Compiling MortimerHostTests MemoryGraphTests.swift
/Users/admin/mortimer/verification/macos/MortimerHost/Tests/MortimerHostTests/MemoryGraphRenderingTests.swift:30:26: warning: instance method 'run' is unavailable from asynchronous contexts; run(until:) cannot be used from async contexts.; this is an error in the Swift 6 language mode
28 |             defer { window.close() }
29 |             window.layoutIfNeeded(); view.layoutSubtreeIfNeeded()
30 |             RunLoop.main.run(until: Date().addingTimeInterval(0.2))
   |                          `- warning: instance method 'run' is unavailable from asynchronous contexts; run(until:) cannot be used from async contexts.; this is an error in the Swift 6 language mode
31 |             let bitmap = try XCTUnwrap(view.bitmapImageRepForCachingDisplay(in: view.bounds))
32 |             view.cacheDisplay(in: view.bounds, to: bitmap)

Foundation.RunLoop.run:2:11: note: 'run(until:)' declared here
1 | class RunLoop {
2 | open func run(until limitDate: Date)}
  |           `- note: 'run(until:)' declared here
3 | 
[149/167] Compiling MortimerHostTests OrbShellFrameTimeTests.swift
/Users/admin/mortimer/verification/macos/MortimerHost/Tests/MortimerHostTests/MemoryGraphRenderingTests.swift:30:26: warning: instance method 'run' is unavailable from asynchronous contexts; run(until:) cannot be used from async contexts.; this is an error in the Swift 6 language mode
28 |             defer { window.close() }
29 |             window.layoutIfNeeded(); view.layoutSubtreeIfNeeded()
30 |             RunLoop.main.run(until: Date().addingTimeInterval(0.2))
   |                          `- warning: instance method 'run' is unavailable from asynchronous contexts; run(until:) cannot be used from async contexts.; this is an error in the Swift 6 language mode
31 |             let bitmap = try XCTUnwrap(view.bitmapImageRepForCachingDisplay(in: view.bounds))
32 |             view.cacheDisplay(in: view.bounds, to: bitmap)

Foundation.RunLoop.run:2:11: note: 'run(until:)' declared here
1 | class RunLoop {
2 | open func run(until limitDate: Date)}
  |           `- note: 'run(until:)' declared here
3 | 
[150/167] Compiling MortimerHostTests PanelStoreTests.swift
/Users/admin/mortimer/verification/macos/MortimerHost/Tests/MortimerHostTests/MemoryGraphRenderingTests.swift:30:26: warning: instance method 'run' is unavailable from asynchronous contexts; run(until:) cannot be used from async contexts.; this is an error in the Swift 6 language mode
28 |             defer { window.close() }
29 |             window.layoutIfNeeded(); view.layoutSubtreeIfNeeded()
30 |             RunLoop.main.run(until: Date().addingTimeInterval(0.2))
   |                          `- warning: instance method 'run' is unavailable from asynchronous contexts; run(until:) cannot be used from async contexts.; this is an error in the Swift 6 language mode
31 |             let bitmap = try XCTUnwrap(view.bitmapImageRepForCachingDisplay(in: view.bounds))
32 |             view.cacheDisplay(in: view.bounds, to: bitmap)

Foundation.RunLoop.run:2:11: note: 'run(until:)' declared here
1 | class RunLoop {
2 | open func run(until limitDate: Date)}
  |           `- note: 'run(until:)' declared here
3 | 
[151/167] Compiling MortimerHostTests ResponseResultRouterTests.swift
/Users/admin/mortimer/verification/macos/MortimerHost/Tests/MortimerHostTests/MemoryGraphRenderingTests.swift:30:26: warning: instance method 'run' is unavailable from asynchronous contexts; run(until:) cannot be used from async contexts.; this is an error in the Swift 6 language mode
28 |             defer { window.close() }
29 |             window.layoutIfNeeded(); view.layoutSubtreeIfNeeded()
30 |             RunLoop.main.run(until: Date().addingTimeInterval(0.2))
   |                          `- warning: instance method 'run' is unavailable from asynchronous contexts; run(until:) cannot be used from async contexts.; this is an error in the Swift 6 language mode
31 |             let bitmap = try XCTUnwrap(view.bitmapImageRepForCachingDisplay(in: view.bounds))
32 |             view.cacheDisplay(in: view.bounds, to: bitmap)

Foundation.RunLoop.run:2:11: note: 'run(until:)' declared here
1 | class RunLoop {
2 | open func run(until limitDate: Date)}
  |           `- note: 'run(until:)' declared here
3 | 
[152/167] Compiling MortimerHostTests RunsRequestOwnershipTests.swift
/Users/admin/mortimer/verification/macos/MortimerHost/Tests/MortimerHostTests/MemoryGraphRenderingTests.swift:30:26: warning: instance method 'run' is unavailable from asynchronous contexts; run(until:) cannot be used from async contexts.; this is an error in the Swift 6 language mode
28 |             defer { window.close() }
29 |             window.layoutIfNeeded(); view.layoutSubtreeIfNeeded()
30 |             RunLoop.main.run(until: Date().addingTimeInterval(0.2))
   |                          `- warning: instance method 'run' is unavailable from asynchronous contexts; run(until:) cannot be used from async contexts.; this is an error in the Swift 6 language mode
31 |             let bitmap = try XCTUnwrap(view.bitmapImageRepForCachingDisplay(in: view.bounds))
32 |             view.cacheDisplay(in: view.bounds, to: bitmap)

Foundation.RunLoop.run:2:11: note: 'run(until:)' declared here
1 | class RunLoop {
2 | open func run(until limitDate: Date)}
  |           `- note: 'run(until:)' declared here
3 | 
[153/167] Compiling MortimerHostTests ScreenPlacementTests.swift
/Users/admin/mortimer/verification/macos/MortimerHost/Tests/MortimerHostTests/MemoryGraphRenderingTests.swift:30:26: warning: instance method 'run' is unavailable from asynchronous contexts; run(until:) cannot be used from async contexts.; this is an error in the Swift 6 language mode
28 |             defer { window.close() }
29 |             window.layoutIfNeeded(); view.layoutSubtreeIfNeeded()
30 |             RunLoop.main.run(until: Date().addingTimeInterval(0.2))
   |                          `- warning: instance method 'run' is unavailable from asynchronous contexts; run(until:) cannot be used from async contexts.; this is an error in the Swift 6 language mode
31 |             let bitmap = try XCTUnwrap(view.bitmapImageRepForCachingDisplay(in: view.bounds))
32 |             view.cacheDisplay(in: view.bounds, to: bitmap)

Foundation.RunLoop.run:2:11: note: 'run(until:)' declared here
1 | class RunLoop {
2 | open func run(until limitDate: Date)}
  |           `- note: 'run(until:)' declared here
3 | 
[154/167] Compiling MortimerHostTests ShareCoordinatorTests.swift
/Users/admin/mortimer/verification/macos/MortimerHost/Tests/MortimerHostTests/MemoryGraphRenderingTests.swift:30:26: warning: instance method 'run' is unavailable from asynchronous contexts; run(until:) cannot be used from async contexts.; this is an error in the Swift 6 language mode
28 |             defer { window.close() }
29 |             window.layoutIfNeeded(); view.layoutSubtreeIfNeeded()
30 |             RunLoop.main.run(until: Date().addingTimeInterval(0.2))
   |                          `- warning: instance method 'run' is unavailable from asynchronous contexts; run(until:) cannot be used from async contexts.; this is an error in the Swift 6 language mode
31 |             let bitmap = try XCTUnwrap(view.bitmapImageRepForCachingDisplay(in: view.bounds))
32 |             view.cacheDisplay(in: view.bounds, to: bitmap)

Foundation.RunLoop.run:2:11: note: 'run(until:)' declared here
1 | class RunLoop {
2 | open func run(until limitDate: Date)}
  |           `- note: 'run(until:)' declared here
3 | 
[155/167] Compiling MortimerHostTests SupportingDisplayAcceptanceTests.swift
/Users/admin/mortimer/verification/macos/MortimerHost/Tests/MortimerHostTests/SupportingDisplayAcceptanceTests.swift:13:30: warning: 'accessibilitySetValue(_:forAttribute:)' was deprecated in macOS 10.10: Use the NSAccessibility protocol methods instead (see NSAccessibilityProtocols.h) [#DeprecatedDeclaration]
 11 |     func testStreamedResponseRendersOnlyOnSupportingDisplayThenReturnsToMain() throws {
 12 |         _ = NSApplication.shared
 13 |         NSApplication.shared.accessibilitySetValue(true,
    |                              `- warning: 'accessibilitySetValue(_:forAttribute:)' was deprecated in macOS 10.10: Use the NSAccessibility protocol methods instead (see NSAccessibilityProtocols.h) [#DeprecatedDeclaration]
 14 |             forAttribute: NSAccessibility.Attribute(rawValue: "AXEnhancedUserInterface"))
 15 |         let screens = NSScreen.screens

/Users/admin/mortimer/verification/macos/MortimerHost/Tests/MortimerHostTests/SupportingDisplayAcceptanceTests.swift:67:30: warning: 'accessibilitySetValue(_:forAttribute:)' was deprecated in macOS 10.10: Use the NSAccessibility protocol methods instead (see NSAccessibilityProtocols.h) [#DeprecatedDeclaration]
 65 |     func testPointerSelectedResultSharesStageOnConnectedDisplays() throws {
 66 |         _ = NSApplication.shared
 67 |         NSApplication.shared.accessibilitySetValue(true,
    |                              `- warning: 'accessibilitySetValue(_:forAttribute:)' was deprecated in macOS 10.10: Use the NSAccessibility protocol methods instead (see NSAccessibilityProtocols.h) [#DeprecatedDeclaration]
 68 |             forAttribute: NSAccessibility.Attribute(rawValue: "AXEnhancedUserInterface"))
 69 |         let screens = NSScreen.screens

/Users/admin/mortimer/verification/macos/MortimerHost/Tests/MortimerHostTests/SupportingDisplayAcceptanceTests.swift:125:30: warning: 'accessibilitySetValue(_:forAttribute:)' was deprecated in macOS 10.10: Use the NSAccessibility protocol methods instead (see NSAccessibilityProtocols.h) [#DeprecatedDeclaration]
123 |     func testReturningToOriginalPanelsPreservesResearchPinsAndReadingState() throws {
124 |         _ = NSApplication.shared
125 |         NSApplication.shared.accessibilitySetValue(true,
    |                              `- warning: 'accessibilitySetValue(_:forAttribute:)' was deprecated in macOS 10.10: Use the NSAccessibility protocol methods instead (see NSAccessibilityProtocols.h) [#DeprecatedDeclaration]
126 |             forAttribute: NSAccessibility.Attribute(rawValue: "AXEnhancedUserInterface"))
127 |         let suite = "supporting-display-" + UUID().uuidString

[#DeprecatedDeclaration]: <https://docs.swift.org/compiler/documentation/diagnostics/deprecated-declaration>
[156/167] Compiling MortimerHostTests TabStateTests.swift
/Users/admin/mortimer/verification/macos/MortimerHost/Tests/MortimerHostTests/SupportingDisplayAcceptanceTests.swift:13:30: warning: 'accessibilitySetValue(_:forAttribute:)' was deprecated in macOS 10.10: Use the NSAccessibility protocol methods instead (see NSAccessibilityProtocols.h) [#DeprecatedDeclaration]
 11 |     func testStreamedResponseRendersOnlyOnSupportingDisplayThenReturnsToMain() throws {
 12 |         _ = NSApplication.shared
 13 |         NSApplication.shared.accessibilitySetValue(true,
    |                              `- warning: 'accessibilitySetValue(_:forAttribute:)' was deprecated in macOS 10.10: Use the NSAccessibility protocol methods instead (see NSAccessibilityProtocols.h) [#DeprecatedDeclaration]
 14 |             forAttribute: NSAccessibility.Attribute(rawValue: "AXEnhancedUserInterface"))
 15 |         let screens = NSScreen.screens

/Users/admin/mortimer/verification/macos/MortimerHost/Tests/MortimerHostTests/SupportingDisplayAcceptanceTests.swift:67:30: warning: 'accessibilitySetValue(_:forAttribute:)' was deprecated in macOS 10.10: Use the NSAccessibility protocol methods instead (see NSAccessibilityProtocols.h) [#DeprecatedDeclaration]
 65 |     func testPointerSelectedResultSharesStageOnConnectedDisplays() throws {
 66 |         _ = NSApplication.shared
 67 |         NSApplication.shared.accessibilitySetValue(true,
    |                              `- warning: 'accessibilitySetValue(_:forAttribute:)' was deprecated in macOS 10.10: Use the NSAccessibility protocol methods instead (see NSAccessibilityProtocols.h) [#DeprecatedDeclaration]
 68 |             forAttribute: NSAccessibility.Attribute(rawValue: "AXEnhancedUserInterface"))
 69 |         let screens = NSScreen.screens

/Users/admin/mortimer/verification/macos/MortimerHost/Tests/MortimerHostTests/SupportingDisplayAcceptanceTests.swift:125:30: warning: 'accessibilitySetValue(_:forAttribute:)' was deprecated in macOS 10.10: Use the NSAccessibility protocol methods instead (see NSAccessibilityProtocols.h) [#DeprecatedDeclaration]
123 |     func testReturningToOriginalPanelsPreservesResearchPinsAndReadingState() throws {
124 |         _ = NSApplication.shared
125 |         NSApplication.shared.accessibilitySetValue(true,
    |                              `- warning: 'accessibilitySetValue(_:forAttribute:)' was deprecated in macOS 10.10: Use the NSAccessibility protocol methods instead (see NSAccessibilityProtocols.h) [#DeprecatedDeclaration]
126 |             forAttribute: NSAccessibility.Attribute(rawValue: "AXEnhancedUserInterface"))
127 |         let suite = "supporting-display-" + UUID().uuidString

[#DeprecatedDeclaration]: <https://docs.swift.org/compiler/documentation/diagnostics/deprecated-declaration>
[157/167] Compiling MortimerHostTests TabStripViewportTests.swift
/Users/admin/mortimer/verification/macos/MortimerHost/Tests/MortimerHostTests/SupportingDisplayAcceptanceTests.swift:13:30: warning: 'accessibilitySetValue(_:forAttribute:)' was deprecated in macOS 10.10: Use the NSAccessibility protocol methods instead (see NSAccessibilityProtocols.h) [#DeprecatedDeclaration]
 11 |     func testStreamedResponseRendersOnlyOnSupportingDisplayThenReturnsToMain() throws {
 12 |         _ = NSApplication.shared
 13 |         NSApplication.shared.accessibilitySetValue(true,
    |                              `- warning: 'accessibilitySetValue(_:forAttribute:)' was deprecated in macOS 10.10: Use the NSAccessibility protocol methods instead (see NSAccessibilityProtocols.h) [#DeprecatedDeclaration]
 14 |             forAttribute: NSAccessibility.Attribute(rawValue: "AXEnhancedUserInterface"))
 15 |         let screens = NSScreen.screens

/Users/admin/mortimer/verification/macos/MortimerHost/Tests/MortimerHostTests/SupportingDisplayAcceptanceTests.swift:67:30: warning: 'accessibilitySetValue(_:forAttribute:)' was deprecated in macOS 10.10: Use the NSAccessibility protocol methods instead (see NSAccessibilityProtocols.h) [#DeprecatedDeclaration]
 65 |     func testPointerSelectedResultSharesStageOnConnectedDisplays() throws {
 66 |         _ = NSApplication.shared
 67 |         NSApplication.shared.accessibilitySetValue(true,
    |                              `- warning: 'accessibilitySetValue(_:forAttribute:)' was deprecated in macOS 10.10: Use the NSAccessibility protocol methods instead (see NSAccessibilityProtocols.h) [#DeprecatedDeclaration]
 68 |             forAttribute: NSAccessibility.Attribute(rawValue: "AXEnhancedUserInterface"))
 69 |         let screens = NSScreen.screens

/Users/admin/mortimer/verification/macos/MortimerHost/Tests/MortimerHostTests/SupportingDisplayAcceptanceTests.swift:125:30: warning: 'accessibilitySetValue(_:forAttribute:)' was deprecated in macOS 10.10: Use the NSAccessibility protocol methods instead (see NSAccessibilityProtocols.h) [#DeprecatedDeclaration]
123 |     func testReturningToOriginalPanelsPreservesResearchPinsAndReadingState() throws {
124 |         _ = NSApplication.shared
125 |         NSApplication.shared.accessibilitySetValue(true,
    |                              `- warning: 'accessibilitySetValue(_:forAttribute:)' was deprecated in macOS 10.10: Use the NSAccessibility protocol methods instead (see NSAccessibilityProtocols.h) [#DeprecatedDeclaration]
126 |             forAttribute: NSAccessibility.Attribute(rawValue: "AXEnhancedUserInterface"))
127 |         let suite = "supporting-display-" + UUID().uuidString

[#DeprecatedDeclaration]: <https://docs.swift.org/compiler/documentation/diagnostics/deprecated-declaration>
[158/167] Compiling MortimerHostTests UICommandRouterTests.swift
/Users/admin/mortimer/verification/macos/MortimerHost/Tests/MortimerHostTests/SupportingDisplayAcceptanceTests.swift:13:30: warning: 'accessibilitySetValue(_:forAttribute:)' was deprecated in macOS 10.10: Use the NSAccessibility protocol methods instead (see NSAccessibilityProtocols.h) [#DeprecatedDeclaration]
 11 |     func testStreamedResponseRendersOnlyOnSupportingDisplayThenReturnsToMain() throws {
 12 |         _ = NSApplication.shared
 13 |         NSApplication.shared.accessibilitySetValue(true,
    |                              `- warning: 'accessibilitySetValue(_:forAttribute:)' was deprecated in macOS 10.10: Use the NSAccessibility protocol methods instead (see NSAccessibilityProtocols.h) [#DeprecatedDeclaration]
 14 |             forAttribute: NSAccessibility.Attribute(rawValue: "AXEnhancedUserInterface"))
 15 |         let screens = NSScreen.screens

/Users/admin/mortimer/verification/macos/MortimerHost/Tests/MortimerHostTests/SupportingDisplayAcceptanceTests.swift:67:30: warning: 'accessibilitySetValue(_:forAttribute:)' was deprecated in macOS 10.10: Use the NSAccessibility protocol methods instead (see NSAccessibilityProtocols.h) [#DeprecatedDeclaration]
 65 |     func testPointerSelectedResultSharesStageOnConnectedDisplays() throws {
 66 |         _ = NSApplication.shared
 67 |         NSApplication.shared.accessibilitySetValue(true,
    |                              `- warning: 'accessibilitySetValue(_:forAttribute:)' was deprecated in macOS 10.10: Use the NSAccessibility protocol methods instead (see NSAccessibilityProtocols.h) [#DeprecatedDeclaration]
 68 |             forAttribute: NSAccessibility.Attribute(rawValue: "AXEnhancedUserInterface"))
 69 |         let screens = NSScreen.screens

/Users/admin/mortimer/verification/macos/MortimerHost/Tests/MortimerHostTests/SupportingDisplayAcceptanceTests.swift:125:30: warning: 'accessibilitySetValue(_:forAttribute:)' was deprecated in macOS 10.10: Use the NSAccessibility protocol methods instead (see NSAccessibilityProtocols.h) [#DeprecatedDeclaration]
123 |     func testReturningToOriginalPanelsPreservesResearchPinsAndReadingState() throws {
124 |         _ = NSApplication.shared
125 |         NSApplication.shared.accessibilitySetValue(true,
    |                              `- warning: 'accessibilitySetValue(_:forAttribute:)' was deprecated in macOS 10.10: Use the NSAccessibility protocol methods instead (see NSAccessibilityProtocols.h) [#DeprecatedDeclaration]
126 |             forAttribute: NSAccessibility.Attribute(rawValue: "AXEnhancedUserInterface"))
127 |         let suite = "supporting-display-" + UUID().uuidString

[#DeprecatedDeclaration]: <https://docs.swift.org/compiler/documentation/diagnostics/deprecated-declaration>
[159/167] Compiling MortimerHostTests VoicePresentationStateTests.swift
/Users/admin/mortimer/verification/macos/MortimerHost/Tests/MortimerHostTests/SupportingDisplayAcceptanceTests.swift:13:30: warning: 'accessibilitySetValue(_:forAttribute:)' was deprecated in macOS 10.10: Use the NSAccessibility protocol methods instead (see NSAccessibilityProtocols.h) [#DeprecatedDeclaration]
 11 |     func testStreamedResponseRendersOnlyOnSupportingDisplayThenReturnsToMain() throws {
 12 |         _ = NSApplication.shared
 13 |         NSApplication.shared.accessibilitySetValue(true,
    |                              `- warning: 'accessibilitySetValue(_:forAttribute:)' was deprecated in macOS 10.10: Use the NSAccessibility protocol methods instead (see NSAccessibilityProtocols.h) [#DeprecatedDeclaration]
 14 |             forAttribute: NSAccessibility.Attribute(rawValue: "AXEnhancedUserInterface"))
 15 |         let screens = NSScreen.screens

/Users/admin/mortimer/verification/macos/MortimerHost/Tests/MortimerHostTests/SupportingDisplayAcceptanceTests.swift:67:30: warning: 'accessibilitySetValue(_:forAttribute:)' was deprecated in macOS 10.10: Use the NSAccessibility protocol methods instead (see NSAccessibilityProtocols.h) [#DeprecatedDeclaration]
 65 |     func testPointerSelectedResultSharesStageOnConnectedDisplays() throws {
 66 |         _ = NSApplication.shared
 67 |         NSApplication.shared.accessibilitySetValue(true,
    |                              `- warning: 'accessibilitySetValue(_:forAttribute:)' was deprecated in macOS 10.10: Use the NSAccessibility protocol methods instead (see NSAccessibilityProtocols.h) [#DeprecatedDeclaration]
 68 |             forAttribute: NSAccessibility.Attribute(rawValue: "AXEnhancedUserInterface"))
 69 |         let screens = NSScreen.screens

/Users/admin/mortimer/verification/macos/MortimerHost/Tests/MortimerHostTests/SupportingDisplayAcceptanceTests.swift:125:30: warning: 'accessibilitySetValue(_:forAttribute:)' was deprecated in macOS 10.10: Use the NSAccessibility protocol methods instead (see NSAccessibilityProtocols.h) [#DeprecatedDeclaration]
123 |     func testReturningToOriginalPanelsPreservesResearchPinsAndReadingState() throws {
124 |         _ = NSApplication.shared
125 |         NSApplication.shared.accessibilitySetValue(true,
    |                              `- warning: 'accessibilitySetValue(_:forAttribute:)' was deprecated in macOS 10.10: Use the NSAccessibility protocol methods instead (see NSAccessibilityProtocols.h) [#DeprecatedDeclaration]
126 |             forAttribute: NSAccessibility.Attribute(rawValue: "AXEnhancedUserInterface"))
127 |         let suite = "supporting-display-" + UUID().uuidString

[#DeprecatedDeclaration]: <https://docs.swift.org/compiler/documentation/diagnostics/deprecated-declaration>
[160/167] Compiling MortimerHostTests VoiceWaveRenderingTests.swift
/Users/admin/mortimer/verification/macos/MortimerHost/Tests/MortimerHostTests/SupportingDisplayAcceptanceTests.swift:13:30: warning: 'accessibilitySetValue(_:forAttribute:)' was deprecated in macOS 10.10: Use the NSAccessibility protocol methods instead (see NSAccessibilityProtocols.h) [#DeprecatedDeclaration]
 11 |     func testStreamedResponseRendersOnlyOnSupportingDisplayThenReturnsToMain() throws {
 12 |         _ = NSApplication.shared
 13 |         NSApplication.shared.accessibilitySetValue(true,
    |                              `- warning: 'accessibilitySetValue(_:forAttribute:)' was deprecated in macOS 10.10: Use the NSAccessibility protocol methods instead (see NSAccessibilityProtocols.h) [#DeprecatedDeclaration]
 14 |             forAttribute: NSAccessibility.Attribute(rawValue: "AXEnhancedUserInterface"))
 15 |         let screens = NSScreen.screens

/Users/admin/mortimer/verification/macos/MortimerHost/Tests/MortimerHostTests/SupportingDisplayAcceptanceTests.swift:67:30: warning: 'accessibilitySetValue(_:forAttribute:)' was deprecated in macOS 10.10: Use the NSAccessibility protocol methods instead (see NSAccessibilityProtocols.h) [#DeprecatedDeclaration]
 65 |     func testPointerSelectedResultSharesStageOnConnectedDisplays() throws {
 66 |         _ = NSApplication.shared
 67 |         NSApplication.shared.accessibilitySetValue(true,
    |                              `- warning: 'accessibilitySetValue(_:forAttribute:)' was deprecated in macOS 10.10: Use the NSAccessibility protocol methods instead (see NSAccessibilityProtocols.h) [#DeprecatedDeclaration]
 68 |             forAttribute: NSAccessibility.Attribute(rawValue: "AXEnhancedUserInterface"))
 69 |         let screens = NSScreen.screens

/Users/admin/mortimer/verification/macos/MortimerHost/Tests/MortimerHostTests/SupportingDisplayAcceptanceTests.swift:125:30: warning: 'accessibilitySetValue(_:forAttribute:)' was deprecated in macOS 10.10: Use the NSAccessibility protocol methods instead (see NSAccessibilityProtocols.h) [#DeprecatedDeclaration]
123 |     func testReturningToOriginalPanelsPreservesResearchPinsAndReadingState() throws {
124 |         _ = NSApplication.shared
125 |         NSApplication.shared.accessibilitySetValue(true,
    |                              `- warning: 'accessibilitySetValue(_:forAttribute:)' was deprecated in macOS 10.10: Use the NSAccessibility protocol methods instead (see NSAccessibilityProtocols.h) [#DeprecatedDeclaration]
126 |             forAttribute: NSAccessibility.Attribute(rawValue: "AXEnhancedUserInterface"))
127 |         let suite = "supporting-display-" + UUID().uuidString

[#DeprecatedDeclaration]: <https://docs.swift.org/compiler/documentation/diagnostics/deprecated-declaration>
[161/167] Compiling MortimerHostTests WindowVisibilityTests.swift
/Users/admin/mortimer/verification/macos/MortimerHost/Tests/MortimerHostTests/SupportingDisplayAcceptanceTests.swift:13:30: warning: 'accessibilitySetValue(_:forAttribute:)' was deprecated in macOS 10.10: Use the NSAccessibility protocol methods instead (see NSAccessibilityProtocols.h) [#DeprecatedDeclaration]
 11 |     func testStreamedResponseRendersOnlyOnSupportingDisplayThenReturnsToMain() throws {
 12 |         _ = NSApplication.shared
 13 |         NSApplication.shared.accessibilitySetValue(true,
    |                              `- warning: 'accessibilitySetValue(_:forAttribute:)' was deprecated in macOS 10.10: Use the NSAccessibility protocol methods instead (see NSAccessibilityProtocols.h) [#DeprecatedDeclaration]
 14 |             forAttribute: NSAccessibility.Attribute(rawValue: "AXEnhancedUserInterface"))
 15 |         let screens = NSScreen.screens

/Users/admin/mortimer/verification/macos/MortimerHost/Tests/MortimerHostTests/SupportingDisplayAcceptanceTests.swift:67:30: warning: 'accessibilitySetValue(_:forAttribute:)' was deprecated in macOS 10.10: Use the NSAccessibility protocol methods instead (see NSAccessibilityProtocols.h) [#DeprecatedDeclaration]
 65 |     func testPointerSelectedResultSharesStageOnConnectedDisplays() throws {
 66 |         _ = NSApplication.shared
 67 |         NSApplication.shared.accessibilitySetValue(true,
    |                              `- warning: 'accessibilitySetValue(_:forAttribute:)' was deprecated in macOS 10.10: Use the NSAccessibility protocol methods instead (see NSAccessibilityProtocols.h) [#DeprecatedDeclaration]
 68 |             forAttribute: NSAccessibility.Attribute(rawValue: "AXEnhancedUserInterface"))
 69 |         let screens = NSScreen.screens

/Users/admin/mortimer/verification/macos/MortimerHost/Tests/MortimerHostTests/SupportingDisplayAcceptanceTests.swift:125:30: warning: 'accessibilitySetValue(_:forAttribute:)' was deprecated in macOS 10.10: Use the NSAccessibility protocol methods instead (see NSAccessibilityProtocols.h) [#DeprecatedDeclaration]
123 |     func testReturningToOriginalPanelsPreservesResearchPinsAndReadingState() throws {
124 |         _ = NSApplication.shared
125 |         NSApplication.shared.accessibilitySetValue(true,
    |                              `- warning: 'accessibilitySetValue(_:forAttribute:)' was deprecated in macOS 10.10: Use the NSAccessibility protocol methods instead (see NSAccessibilityProtocols.h) [#DeprecatedDeclaration]
126 |             forAttribute: NSAccessibility.Attribute(rawValue: "AXEnhancedUserInterface"))
127 |         let suite = "supporting-display-" + UUID().uuidString

[#DeprecatedDeclaration]: <https://docs.swift.org/compiler/documentation/diagnostics/deprecated-declaration>
[162/167] Compiling MortimerHostTests WorkspaceRenderingTests.swift
/Users/admin/mortimer/verification/macos/MortimerHost/Tests/MortimerHostTests/SupportingDisplayAcceptanceTests.swift:13:30: warning: 'accessibilitySetValue(_:forAttribute:)' was deprecated in macOS 10.10: Use the NSAccessibility protocol methods instead (see NSAccessibilityProtocols.h) [#DeprecatedDeclaration]
 11 |     func testStreamedResponseRendersOnlyOnSupportingDisplayThenReturnsToMain() throws {
 12 |         _ = NSApplication.shared
 13 |         NSApplication.shared.accessibilitySetValue(true,
    |                              `- warning: 'accessibilitySetValue(_:forAttribute:)' was deprecated in macOS 10.10: Use the NSAccessibility protocol methods instead (see NSAccessibilityProtocols.h) [#DeprecatedDeclaration]
 14 |             forAttribute: NSAccessibility.Attribute(rawValue: "AXEnhancedUserInterface"))
 15 |         let screens = NSScreen.screens

/Users/admin/mortimer/verification/macos/MortimerHost/Tests/MortimerHostTests/SupportingDisplayAcceptanceTests.swift:67:30: warning: 'accessibilitySetValue(_:forAttribute:)' was deprecated in macOS 10.10: Use the NSAccessibility protocol methods instead (see NSAccessibilityProtocols.h) [#DeprecatedDeclaration]
 65 |     func testPointerSelectedResultSharesStageOnConnectedDisplays() throws {
 66 |         _ = NSApplication.shared
 67 |         NSApplication.shared.accessibilitySetValue(true,
    |                              `- warning: 'accessibilitySetValue(_:forAttribute:)' was deprecated in macOS 10.10: Use the NSAccessibility protocol methods instead (see NSAccessibilityProtocols.h) [#DeprecatedDeclaration]
 68 |             forAttribute: NSAccessibility.Attribute(rawValue: "AXEnhancedUserInterface"))
 69 |         let screens = NSScreen.screens

/Users/admin/mortimer/verification/macos/MortimerHost/Tests/MortimerHostTests/SupportingDisplayAcceptanceTests.swift:125:30: warning: 'accessibilitySetValue(_:forAttribute:)' was deprecated in macOS 10.10: Use the NSAccessibility protocol methods instead (see NSAccessibilityProtocols.h) [#DeprecatedDeclaration]
123 |     func testReturningToOriginalPanelsPreservesResearchPinsAndReadingState() throws {
124 |         _ = NSApplication.shared
125 |         NSApplication.shared.accessibilitySetValue(true,
    |                              `- warning: 'accessibilitySetValue(_:forAttribute:)' was deprecated in macOS 10.10: Use the NSAccessibility protocol methods instead (see NSAccessibilityProtocols.h) [#DeprecatedDeclaration]
126 |             forAttribute: NSAccessibility.Attribute(rawValue: "AXEnhancedUserInterface"))
127 |         let suite = "supporting-display-" + UUID().uuidString

[#DeprecatedDeclaration]: <https://docs.swift.org/compiler/documentation/diagnostics/deprecated-declaration>
[163/167] Compiling MortimerHostTests WorkspaceResultDetailsTests.swift
/Users/admin/mortimer/verification/macos/MortimerHost/Tests/MortimerHostTests/SupportingDisplayAcceptanceTests.swift:13:30: warning: 'accessibilitySetValue(_:forAttribute:)' was deprecated in macOS 10.10: Use the NSAccessibility protocol methods instead (see NSAccessibilityProtocols.h) [#DeprecatedDeclaration]
 11 |     func testStreamedResponseRendersOnlyOnSupportingDisplayThenReturnsToMain() throws {
 12 |         _ = NSApplication.shared
 13 |         NSApplication.shared.accessibilitySetValue(true,
    |                              `- warning: 'accessibilitySetValue(_:forAttribute:)' was deprecated in macOS 10.10: Use the NSAccessibility protocol methods instead (see NSAccessibilityProtocols.h) [#DeprecatedDeclaration]
 14 |             forAttribute: NSAccessibility.Attribute(rawValue: "AXEnhancedUserInterface"))
 15 |         let screens = NSScreen.screens

/Users/admin/mortimer/verification/macos/MortimerHost/Tests/MortimerHostTests/SupportingDisplayAcceptanceTests.swift:67:30: warning: 'accessibilitySetValue(_:forAttribute:)' was deprecated in macOS 10.10: Use the NSAccessibility protocol methods instead (see NSAccessibilityProtocols.h) [#DeprecatedDeclaration]
 65 |     func testPointerSelectedResultSharesStageOnConnectedDisplays() throws {
 66 |         _ = NSApplication.shared
 67 |         NSApplication.shared.accessibilitySetValue(true,
    |                              `- warning: 'accessibilitySetValue(_:forAttribute:)' was deprecated in macOS 10.10: Use the NSAccessibility protocol methods instead (see NSAccessibilityProtocols.h) [#DeprecatedDeclaration]
 68 |             forAttribute: NSAccessibility.Attribute(rawValue: "AXEnhancedUserInterface"))
 69 |         let screens = NSScreen.screens

/Users/admin/mortimer/verification/macos/MortimerHost/Tests/MortimerHostTests/SupportingDisplayAcceptanceTests.swift:125:30: warning: 'accessibilitySetValue(_:forAttribute:)' was deprecated in macOS 10.10: Use the NSAccessibility protocol methods instead (see NSAccessibilityProtocols.h) [#DeprecatedDeclaration]
123 |     func testReturningToOriginalPanelsPreservesResearchPinsAndReadingState() throws {
124 |         _ = NSApplication.shared
125 |         NSApplication.shared.accessibilitySetValue(true,
    |                              `- warning: 'accessibilitySetValue(_:forAttribute:)' was deprecated in macOS 10.10: Use the NSAccessibility protocol methods instead (see NSAccessibilityProtocols.h) [#DeprecatedDeclaration]
126 |             forAttribute: NSAccessibility.Attribute(rawValue: "AXEnhancedUserInterface"))
127 |         let suite = "supporting-display-" + UUID().uuidString

[#DeprecatedDeclaration]: <https://docs.swift.org/compiler/documentation/diagnostics/deprecated-declaration>
[164/167] Compiling MortimerHostTests WorkspaceSourcesRenderingTests.swift
/Users/admin/mortimer/verification/macos/MortimerHost/Tests/MortimerHostTests/SupportingDisplayAcceptanceTests.swift:13:30: warning: 'accessibilitySetValue(_:forAttribute:)' was deprecated in macOS 10.10: Use the NSAccessibility protocol methods instead (see NSAccessibilityProtocols.h) [#DeprecatedDeclaration]
 11 |     func testStreamedResponseRendersOnlyOnSupportingDisplayThenReturnsToMain() throws {
 12 |         _ = NSApplication.shared
 13 |         NSApplication.shared.accessibilitySetValue(true,
    |                              `- warning: 'accessibilitySetValue(_:forAttribute:)' was deprecated in macOS 10.10: Use the NSAccessibility protocol methods instead (see NSAccessibilityProtocols.h) [#DeprecatedDeclaration]
 14 |             forAttribute: NSAccessibility.Attribute(rawValue: "AXEnhancedUserInterface"))
 15 |         let screens = NSScreen.screens

/Users/admin/mortimer/verification/macos/MortimerHost/Tests/MortimerHostTests/SupportingDisplayAcceptanceTests.swift:67:30: warning: 'accessibilitySetValue(_:forAttribute:)' was deprecated in macOS 10.10: Use the NSAccessibility protocol methods instead (see NSAccessibilityProtocols.h) [#DeprecatedDeclaration]
 65 |     func testPointerSelectedResultSharesStageOnConnectedDisplays() throws {
 66 |         _ = NSApplication.shared
 67 |         NSApplication.shared.accessibilitySetValue(true,
    |                              `- warning: 'accessibilitySetValue(_:forAttribute:)' was deprecated in macOS 10.10: Use the NSAccessibility protocol methods instead (see NSAccessibilityProtocols.h) [#DeprecatedDeclaration]
 68 |             forAttribute: NSAccessibility.Attribute(rawValue: "AXEnhancedUserInterface"))
 69 |         let screens = NSScreen.screens

/Users/admin/mortimer/verification/macos/MortimerHost/Tests/MortimerHostTests/SupportingDisplayAcceptanceTests.swift:125:30: warning: 'accessibilitySetValue(_:forAttribute:)' was deprecated in macOS 10.10: Use the NSAccessibility protocol methods instead (see NSAccessibilityProtocols.h) [#DeprecatedDeclaration]
123 |     func testReturningToOriginalPanelsPreservesResearchPinsAndReadingState() throws {
124 |         _ = NSApplication.shared
125 |         NSApplication.shared.accessibilitySetValue(true,
    |                              `- warning: 'accessibilitySetValue(_:forAttribute:)' was deprecated in macOS 10.10: Use the NSAccessibility protocol methods instead (see NSAccessibilityProtocols.h) [#DeprecatedDeclaration]
126 |             forAttribute: NSAccessibility.Attribute(rawValue: "AXEnhancedUserInterface"))
127 |         let suite = "supporting-display-" + UUID().uuidString

[#DeprecatedDeclaration]: <https://docs.swift.org/compiler/documentation/diagnostics/deprecated-declaration>
[165/167] Compiling MortimerHostTests WorkspaceStoreTests.swift
/Users/admin/mortimer/verification/macos/MortimerHost/Tests/MortimerHostTests/SupportingDisplayAcceptanceTests.swift:13:30: warning: 'accessibilitySetValue(_:forAttribute:)' was deprecated in macOS 10.10: Use the NSAccessibility protocol methods instead (see NSAccessibilityProtocols.h) [#DeprecatedDeclaration]
 11 |     func testStreamedResponseRendersOnlyOnSupportingDisplayThenReturnsToMain() throws {
 12 |         _ = NSApplication.shared
 13 |         NSApplication.shared.accessibilitySetValue(true,
    |                              `- warning: 'accessibilitySetValue(_:forAttribute:)' was deprecated in macOS 10.10: Use the NSAccessibility protocol methods instead (see NSAccessibilityProtocols.h) [#DeprecatedDeclaration]
 14 |             forAttribute: NSAccessibility.Attribute(rawValue: "AXEnhancedUserInterface"))
 15 |         let screens = NSScreen.screens

/Users/admin/mortimer/verification/macos/MortimerHost/Tests/MortimerHostTests/SupportingDisplayAcceptanceTests.swift:67:30: warning: 'accessibilitySetValue(_:forAttribute:)' was deprecated in macOS 10.10: Use the NSAccessibility protocol methods instead (see NSAccessibilityProtocols.h) [#DeprecatedDeclaration]
 65 |     func testPointerSelectedResultSharesStageOnConnectedDisplays() throws {
 66 |         _ = NSApplication.shared
 67 |         NSApplication.shared.accessibilitySetValue(true,
    |                              `- warning: 'accessibilitySetValue(_:forAttribute:)' was deprecated in macOS 10.10: Use the NSAccessibility protocol methods instead (see NSAccessibilityProtocols.h) [#DeprecatedDeclaration]
 68 |             forAttribute: NSAccessibility.Attribute(rawValue: "AXEnhancedUserInterface"))
 69 |         let screens = NSScreen.screens

/Users/admin/mortimer/verification/macos/MortimerHost/Tests/MortimerHostTests/SupportingDisplayAcceptanceTests.swift:125:30: warning: 'accessibilitySetValue(_:forAttribute:)' was deprecated in macOS 10.10: Use the NSAccessibility protocol methods instead (see NSAccessibilityProtocols.h) [#DeprecatedDeclaration]
123 |     func testReturningToOriginalPanelsPreservesResearchPinsAndReadingState() throws {
124 |         _ = NSApplication.shared
125 |         NSApplication.shared.accessibilitySetValue(true,
    |                              `- warning: 'accessibilitySetValue(_:forAttribute:)' was deprecated in macOS 10.10: Use the NSAccessibility protocol methods instead (see NSAccessibilityProtocols.h) [#DeprecatedDeclaration]
126 |             forAttribute: NSAccessibility.Attribute(rawValue: "AXEnhancedUserInterface"))
127 |         let suite = "supporting-display-" + UUID().uuidString

[#DeprecatedDeclaration]: <https://docs.swift.org/compiler/documentation/diagnostics/deprecated-declaration>
[166/169] Compiling MortimerHostPackageTests runner.swift
[167/169] Emitting module MortimerHostPackageTests
[167/169] Write Objects.LinkFileList
[168/169] Linking MortimerHostPackageTests
Build complete! (17.27s)
