Test Suite 'All tests' started at 2026-09-28 21:40:01.717.
Test Suite 'MortimerHostPackageTests.xctest' started at 2026-09-28 21:40:01.717.
Test Suite 'AdaptiveInterfaceClosureC2Tests' started at 2026-09-28 21:40:01.717.
Test Case '-[MortimerHostTests.AdaptiveInterfaceClosureC2Tests testCompactRailPinsClockAboveAgentActivity]' started.
Test Case '-[MortimerHostTests.AdaptiveInterfaceClosureC2Tests testCompactRailPinsClockAboveAgentActivity]' passed (0.483 seconds).
Test Case '-[MortimerHostTests.AdaptiveInterfaceClosureC2Tests testCompactRailRendersAgentActivityAffordance]' started.
Test Case '-[MortimerHostTests.AdaptiveInterfaceClosureC2Tests testCompactRailRendersAgentActivityAffordance]' passed (0.385 seconds).
Test Case '-[MortimerHostTests.AdaptiveInterfaceClosureC2Tests testCompactRailRendersWithReducedMotionWhileAgentIsActive]' started.
Test Case '-[MortimerHostTests.AdaptiveInterfaceClosureC2Tests testCompactRailRendersWithReducedMotionWhileAgentIsActive]' passed (0.390 seconds).
Test Case '-[MortimerHostTests.AdaptiveInterfaceClosureC2Tests testEnvelopeUsesTheTunedAttackAndRelease]' started.
Test Case '-[MortimerHostTests.AdaptiveInterfaceClosureC2Tests testEnvelopeUsesTheTunedAttackAndRelease]' passed (0.000 seconds).
Test Case '-[MortimerHostTests.AdaptiveInterfaceClosureC2Tests testLargeWaveOnlyWhenReturnedToConversationAndReturnKeepsTheActiveResult]' started.
Test Case '-[MortimerHostTests.AdaptiveInterfaceClosureC2Tests testLargeWaveOnlyWhenReturnedToConversationAndReturnKeepsTheActiveResult]' passed (0.001 seconds).
Test Case '-[MortimerHostTests.AdaptiveInterfaceClosureC2Tests testOverlapLabelIsDerivedAndRendered]' started.
Test Case '-[MortimerHostTests.AdaptiveInterfaceClosureC2Tests testOverlapLabelIsDerivedAndRendered]' passed (0.576 seconds).
Test Case '-[MortimerHostTests.AdaptiveInterfaceClosureC2Tests testProductionPinLimitOfTwentyRefusesTheTwentyFirstWithoutEviction]' started.
Test Case '-[MortimerHostTests.AdaptiveInterfaceClosureC2Tests testProductionPinLimitOfTwentyRefusesTheTwentyFirstWithoutEviction]' passed (0.002 seconds).
Test Case '-[MortimerHostTests.AdaptiveInterfaceClosureC2Tests testTransitionIsSuppressedUnderReduceMotion]' started.
Test Case '-[MortimerHostTests.AdaptiveInterfaceClosureC2Tests testTransitionIsSuppressedUnderReduceMotion]' passed (0.001 seconds).
Test Case '-[MortimerHostTests.AdaptiveInterfaceClosureC2Tests testTuningConstantsMatchInterfacePlanSection7]' started.
Test Case '-[MortimerHostTests.AdaptiveInterfaceClosureC2Tests testTuningConstantsMatchInterfacePlanSection7]' passed (0.000 seconds).
Test Case '-[MortimerHostTests.AdaptiveInterfaceClosureC2Tests testWindowSurfaceResultsShareTheWorkspaceIdentity]' started.
Test Case '-[MortimerHostTests.AdaptiveInterfaceClosureC2Tests testWindowSurfaceResultsShareTheWorkspaceIdentity]' passed (0.000 seconds).
Test Suite 'AdaptiveInterfaceClosureC2Tests' passed at 2026-09-28 21:40:03.556.
	 Executed 10 tests, with 0 failures (0 unexpected) in 1.838 (1.839) seconds
Test Suite 'AdaptiveLayoutMetricsTests' started at 2026-09-28 21:40:03.556.
Test Case '-[MortimerHostTests.AdaptiveLayoutMetricsTests testComparisonThresholdPreservesBothReadablePanes]' started.
Test Case '-[MortimerHostTests.AdaptiveLayoutMetricsTests testComparisonThresholdPreservesBothReadablePanes]' passed (0.000 seconds).
Test Case '-[MortimerHostTests.AdaptiveLayoutMetricsTests testDrawerLeavesReadableResultsAtAllSupportedWindowSizes]' started.
Test Case '-[MortimerHostTests.AdaptiveLayoutMetricsTests testDrawerLeavesReadableResultsAtAllSupportedWindowSizes]' passed (0.000 seconds).
Test Case '-[MortimerHostTests.AdaptiveLayoutMetricsTests testRailThresholdIncludesResultPaddingAndDivider]' started.
Test Case '-[MortimerHostTests.AdaptiveLayoutMetricsTests testRailThresholdIncludesResultPaddingAndDivider]' passed (0.000 seconds).
Test Case '-[MortimerHostTests.AdaptiveLayoutMetricsTests testTemporaryConstraintDoesNotChangeSavedWidth]' started.
Test Case '-[MortimerHostTests.AdaptiveLayoutMetricsTests testTemporaryConstraintDoesNotChangeSavedWidth]' passed (0.001 seconds).
Test Suite 'AdaptiveLayoutMetricsTests' passed at 2026-09-28 21:40:03.557.
	 Executed 4 tests, with 0 failures (0 unexpected) in 0.001 (0.001) seconds
Test Suite 'AgentRunStoreTests' started at 2026-09-28 21:40:03.557.
Test Case '-[MortimerHostTests.AgentRunStoreTests testActivityFallsBackToLiveRun]' started.
Test Case '-[MortimerHostTests.AgentRunStoreTests testActivityFallsBackToLiveRun]' passed (0.001 seconds).
Test Case '-[MortimerHostTests.AgentRunStoreTests testActivityMatchedByRunId]' started.
Test Case '-[MortimerHostTests.AgentRunStoreTests testActivityMatchedByRunId]' passed (0.000 seconds).
Test Case '-[MortimerHostTests.AgentRunStoreTests testCreatorProgressAndCompletionTargetOnlyItsDeveloperRun]' started.
Test Case '-[MortimerHostTests.AgentRunStoreTests testCreatorProgressAndCompletionTargetOnlyItsDeveloperRun]' passed (0.002 seconds).
Test Case '-[MortimerHostTests.AgentRunStoreTests testDoneSetsOkAndDetail]' started.
Test Case '-[MortimerHostTests.AgentRunStoreTests testDoneSetsOkAndDetail]' passed (0.000 seconds).
Test Case '-[MortimerHostTests.AgentRunStoreTests testNonSelfEditReplaces]' started.
Test Case '-[MortimerHostTests.AgentRunStoreTests testNonSelfEditReplaces]' passed (0.000 seconds).
Test Case '-[MortimerHostTests.AgentRunStoreTests testPlannerModelSticks]' started.
Test Case '-[MortimerHostTests.AgentRunStoreTests testPlannerModelSticks]' passed (0.000 seconds).
Test Case '-[MortimerHostTests.AgentRunStoreTests testSelfEditRunsAppendAndCap]' started.
Test Case '-[MortimerHostTests.AgentRunStoreTests testSelfEditRunsAppendAndCap]' passed (0.003 seconds).
Test Case '-[MortimerHostTests.AgentRunStoreTests testUnknownRunCannotFallBackToAnUnidentifiedDeveloperCard]' started.
Test Case '-[MortimerHostTests.AgentRunStoreTests testUnknownRunCannotFallBackToAnUnidentifiedDeveloperCard]' passed (0.000 seconds).
Test Case '-[MortimerHostTests.AgentRunStoreTests testWorkingInsertsRun]' started.
Test Case '-[MortimerHostTests.AgentRunStoreTests testWorkingInsertsRun]' passed (0.000 seconds).
Test Suite 'AgentRunStoreTests' passed at 2026-09-28 21:40:03.565.
	 Executed 9 tests, with 0 failures (0 unexpected) in 0.007 (0.008) seconds
Test Suite 'AttachmentNormalizerTests' started at 2026-09-28 21:40:03.565.
Test Case '-[MortimerHostTests.AttachmentNormalizerTests testImageTypeAndQuotaAreEnforced]' started.
Test Case '-[MortimerHostTests.AttachmentNormalizerTests testImageTypeAndQuotaAreEnforced]' passed (0.011 seconds).
Test Case '-[MortimerHostTests.AttachmentNormalizerTests testTextIsNormalizedAndBounded]' started.
Test Case '-[MortimerHostTests.AttachmentNormalizerTests testTextIsNormalizedAndBounded]' passed (0.001 seconds).
Test Suite 'AttachmentNormalizerTests' passed at 2026-09-28 21:40:03.577.
	 Executed 2 tests, with 0 failures (0 unexpected) in 0.012 (0.012) seconds
Test Suite 'AttachmentStoreTests' started at 2026-09-28 21:40:03.577.
Test Case '-[MortimerHostTests.AttachmentStoreTests testClearInvalidatesLateProviderCompletions]' started.
Test Case '-[MortimerHostTests.AttachmentStoreTests testClearInvalidatesLateProviderCompletions]' passed (0.000 seconds).
Test Case '-[MortimerHostTests.AttachmentStoreTests testSpokenConsentIsAcceptedOnlyForTheVisibleOffer]' started.
Test Case '-[MortimerHostTests.AttachmentStoreTests testSpokenConsentIsAcceptedOnlyForTheVisibleOffer]' passed (0.000 seconds).
Test Case '-[MortimerHostTests.AttachmentStoreTests testStagingApprovalRemovalAndClearAreBoundedAndEphemeral]' started.
Test Case '-[MortimerHostTests.AttachmentStoreTests testStagingApprovalRemovalAndClearAreBoundedAndEphemeral]' passed (0.000 seconds).
Test Case '-[MortimerHostTests.AttachmentStoreTests testVoiceOfferIsVisibleUntilExplicitApprovalOrCancellation]' started.
Test Case '-[MortimerHostTests.AttachmentStoreTests testVoiceOfferIsVisibleUntilExplicitApprovalOrCancellation]' passed (0.000 seconds).
Test Suite 'AttachmentStoreTests' passed at 2026-09-28 21:40:03.578.
	 Executed 4 tests, with 0 failures (0 unexpected) in 0.001 (0.001) seconds
Test Suite 'AudioMeterLatencyReportTests' started at 2026-09-28 21:40:03.578.
Test Case '-[MortimerHostTests.AudioMeterLatencyReportTests testAChannelWithNoObservationsCannotPass]' started.
Test Case '-[MortimerHostTests.AudioMeterLatencyReportTests testAChannelWithNoObservationsCannotPass]' passed (0.001 seconds).
Test Case '-[MortimerHostTests.AudioMeterLatencyReportTests testAnArrivalP95OverTheGateFails]' started.
Test Case '-[MortimerHostTests.AudioMeterLatencyReportTests testAnArrivalP95OverTheGateFails]' passed (0.000 seconds).
Test Case '-[MortimerHostTests.AudioMeterLatencyReportTests testAPassingSessionRecordsTheNumbersAndTheVerdict]' started.
Test Case '-[MortimerHostTests.AudioMeterLatencyReportTests testAPassingSessionRecordsTheNumbersAndTheVerdict]' passed (0.000 seconds).
Test Case '-[MortimerHostTests.AudioMeterLatencyReportTests testAQuietBotDoesNotFailTheGate]' started.
Test Case '-[MortimerHostTests.AudioMeterLatencyReportTests testAQuietBotDoesNotFailTheGate]' passed (0.000 seconds).
Test Case '-[MortimerHostTests.AudioMeterLatencyReportTests testCoverageDescribesActivityAcrossTheSixtySecondWindow]' started.
Test Case '-[MortimerHostTests.AudioMeterLatencyReportTests testCoverageDescribesActivityAcrossTheSixtySecondWindow]' passed (0.000 seconds).
Test Case '-[MortimerHostTests.AudioMeterLatencyReportTests testHeldSnapshotsCannotTurnAShortSampleIntoAPass]' started.
Test Case '-[MortimerHostTests.AudioMeterLatencyReportTests testHeldSnapshotsCannotTurnAShortSampleIntoAPass]' passed (0.000 seconds).
Test Case '-[MortimerHostTests.AudioMeterLatencyReportTests testNoObservationsIsRecordedAsNoDataRatherThanZero]' started.
Test Case '-[MortimerHostTests.AudioMeterLatencyReportTests testNoObservationsIsRecordedAsNoDataRatherThanZero]' passed (0.000 seconds).
Test Case '-[MortimerHostTests.AudioMeterLatencyReportTests testTheReportLandsInTheAcceptanceDirectoryWhenRunFromTheWorkingCopy]' started.
Test Case '-[MortimerHostTests.AudioMeterLatencyReportTests testTheReportLandsInTheAcceptanceDirectoryWhenRunFromTheWorkingCopy]' passed (0.000 seconds).
Test Suite 'AudioMeterLatencyReportTests' passed at 2026-09-28 21:40:03.580.
	 Executed 8 tests, with 0 failures (0 unexpected) in 0.002 (0.002) seconds
Test Suite 'CompactConversationTests' started at 2026-09-28 21:40:03.580.
Test Case '-[MortimerHostTests.CompactConversationTests testSavedCompactPreferenceChangesNativeConversationPresentation]' started.
Test Case '-[MortimerHostTests.CompactConversationTests testSavedCompactPreferenceChangesNativeConversationPresentation]' passed (2.109 seconds).
Test Suite 'CompactConversationTests' passed at 2026-09-28 21:40:05.689.
	 Executed 1 test, with 0 failures (0 unexpected) in 2.109 (2.109) seconds
Test Suite 'ConsoleActionCoordinatorTests' started at 2026-09-28 21:40:05.689.
Test Case '-[MortimerHostTests.ConsoleActionCoordinatorTests testAtlasGroupingAndOrderingAreDeterministic]' started.
Test Case '-[MortimerHostTests.ConsoleActionCoordinatorTests testAtlasGroupingAndOrderingAreDeterministic]' passed (0.002 seconds).
Test Case '-[MortimerHostTests.ConsoleActionCoordinatorTests testComparisonShareRejectsProtectedContentOnEitherSide]' started.
Test Case '-[MortimerHostTests.ConsoleActionCoordinatorTests testComparisonShareRejectsProtectedContentOnEitherSide]' passed (0.000 seconds).
Test Case '-[MortimerHostTests.ConsoleActionCoordinatorTests testCreatorOpenWithoutMountedAuthorizedComposerCannotStartDrafting]' started.
Test Case '-[MortimerHostTests.ConsoleActionCoordinatorTests testCreatorOpenWithoutMountedAuthorizedComposerCannotStartDrafting]' passed (0.000 seconds).
Test Case '-[MortimerHostTests.ConsoleActionCoordinatorTests testDynamicContentPanelUsesStableIdentityAndDoesNotDuplicate]' started.
Test Case '-[MortimerHostTests.ConsoleActionCoordinatorTests testDynamicContentPanelUsesStableIdentityAndDoesNotDuplicate]' passed (0.001 seconds).
Test Case '-[MortimerHostTests.ConsoleActionCoordinatorTests testExtendedResultAtlasPanelAndSidecarActionsUseSharedState]' started.
Test Case '-[MortimerHostTests.ConsoleActionCoordinatorTests testExtendedResultAtlasPanelAndSidecarActionsUseSharedState]' passed (0.001 seconds).
Test Case '-[MortimerHostTests.ConsoleActionCoordinatorTests testGraphActionsRejectUnknownIdentitiesAndOutOfBoundsCoordinates]' started.
Test Case '-[MortimerHostTests.ConsoleActionCoordinatorTests testGraphActionsRejectUnknownIdentitiesAndOutOfBoundsCoordinates]' passed (0.042 seconds).
Test Case '-[MortimerHostTests.ConsoleActionCoordinatorTests testInputAndPresentationActionsRemainBoundedAndTruthful]' started.
Test Case '-[MortimerHostTests.ConsoleActionCoordinatorTests testInputAndPresentationActionsRemainBoundedAndTruthful]' passed (0.001 seconds).
Test Case '-[MortimerHostTests.ConsoleActionCoordinatorTests testInvalidTargetsNeverMutateState]' started.
Test Case '-[MortimerHostTests.ConsoleActionCoordinatorTests testInvalidTargetsNeverMutateState]' passed (0.000 seconds).
Test Case '-[MortimerHostTests.ConsoleActionCoordinatorTests testPanelAndSidecarActionsUseExistingStateOwners]' started.
Test Case '-[MortimerHostTests.ConsoleActionCoordinatorTests testPanelAndSidecarActionsUseExistingStateOwners]' passed (0.000 seconds).
Test Case '-[MortimerHostTests.ConsoleActionCoordinatorTests testPanelDetachAndMoveOpenValueAddressedWindow]' started.
Test Case '-[MortimerHostTests.ConsoleActionCoordinatorTests testPanelDetachAndMoveOpenValueAddressedWindow]' passed (0.000 seconds).
Test Case '-[MortimerHostTests.ConsoleActionCoordinatorTests testPointerHelperUsesTheSameDispatcherAsVoiceRequests]' started.
Test Case '-[MortimerHostTests.ConsoleActionCoordinatorTests testPointerHelperUsesTheSameDispatcherAsVoiceRequests]' passed (0.000 seconds).
Test Case '-[MortimerHostTests.ConsoleActionCoordinatorTests testPointerSkillSelectionUsesCoordinatorDispatcherAndPublishesMutation]' started.
Test Case '-[MortimerHostTests.ConsoleActionCoordinatorTests testPointerSkillSelectionUsesCoordinatorDispatcherAndPublishesMutation]' passed (0.000 seconds).
Test Case '-[MortimerHostTests.ConsoleActionCoordinatorTests testProtectedImagePreviewCannotReachCopySaveOrShareActions]' started.
Test Case '-[MortimerHostTests.ConsoleActionCoordinatorTests testProtectedImagePreviewCannotReachCopySaveOrShareActions]' passed (0.000 seconds).
Test Case '-[MortimerHostTests.ConsoleActionCoordinatorTests testProtectedLocalResultCannotBeSharedThroughConsoleActions]' started.
Test Case '-[MortimerHostTests.ConsoleActionCoordinatorTests testProtectedLocalResultCannotBeSharedThroughConsoleActions]' passed (0.000 seconds).
Test Case '-[MortimerHostTests.ConsoleActionCoordinatorTests testReturnAllDismissesEveryValueAddressedPanelWindow]' started.
Test Case '-[MortimerHostTests.ConsoleActionCoordinatorTests testReturnAllDismissesEveryValueAddressedPanelWindow]' passed (0.000 seconds).
Test Case '-[MortimerHostTests.ConsoleActionCoordinatorTests testSameStepIDInDifferentSkillsCannotUseAStaleSelectionContext]' started.
Test Case '-[MortimerHostTests.ConsoleActionCoordinatorTests testSameStepIDInDifferentSkillsCannotUseAStaleSelectionContext]' passed (0.000 seconds).
Test Case '-[MortimerHostTests.ConsoleActionCoordinatorTests testSharePreviewAndCopyUseTheFrozenResult]' started.
Test Case '-[MortimerHostTests.ConsoleActionCoordinatorTests testSharePreviewAndCopyUseTheFrozenResult]' passed (0.001 seconds).
Test Case '-[MortimerHostTests.ConsoleActionCoordinatorTests testSkillDisplayTransferRequiresTheCurrentlySelectedSkill]' started.
Test Case '-[MortimerHostTests.ConsoleActionCoordinatorTests testSkillDisplayTransferRequiresTheCurrentlySelectedSkill]' passed (0.000 seconds).
Test Case '-[MortimerHostTests.ConsoleActionCoordinatorTests testSkillsInventoryIsBoundedAndOmitsUnreviewedTaskFields]' started.
Test Case '-[MortimerHostTests.ConsoleActionCoordinatorTests testSkillsInventoryIsBoundedAndOmitsUnreviewedTaskFields]' passed (0.001 seconds).
Test Case '-[MortimerHostTests.ConsoleActionCoordinatorTests testSkillsViewSetUsesTheSharedWorkspaceOwner]' started.
Test Case '-[MortimerHostTests.ConsoleActionCoordinatorTests testSkillsViewSetUsesTheSharedWorkspaceOwner]' passed (0.000 seconds).
Test Case '-[MortimerHostTests.ConsoleActionCoordinatorTests testSkillsVoiceActionRejectsStaleInventoryAndUnknownTargetsActionably]' started.
Test Case '-[MortimerHostTests.ConsoleActionCoordinatorTests testSkillsVoiceActionRejectsStaleInventoryAndUnknownTargetsActionably]' passed (0.000 seconds).
Test Case '-[MortimerHostTests.ConsoleActionCoordinatorTests testSkillsVoiceNavigationUsesLoadedCatalogAndProcessInventory]' started.
Test Case '-[MortimerHostTests.ConsoleActionCoordinatorTests testSkillsVoiceNavigationUsesLoadedCatalogAndProcessInventory]' passed (0.000 seconds).
Test Case '-[MortimerHostTests.ConsoleActionCoordinatorTests testStaleRevisionAndUnknownArgumentsNeverMutateState]' started.
Test Case '-[MortimerHostTests.ConsoleActionCoordinatorTests testStaleRevisionAndUnknownArgumentsNeverMutateState]' passed (0.000 seconds).
Test Case '-[MortimerHostTests.ConsoleActionCoordinatorTests testUnclassifiedMemoryGraphBitmapCannotBeSharedAsPublicResultPNG]' started.
Test Case '-[MortimerHostTests.ConsoleActionCoordinatorTests testUnclassifiedMemoryGraphBitmapCannotBeSharedAsPublicResultPNG]' passed (0.001 seconds).
Test Case '-[MortimerHostTests.ConsoleActionCoordinatorTests testViewOwnedSkillControlsShareTheValidatedCoordinatorPath]' started.
Test Case '-[MortimerHostTests.ConsoleActionCoordinatorTests testViewOwnedSkillControlsShareTheValidatedCoordinatorPath]' passed (0.000 seconds).
Test Case '-[MortimerHostTests.ConsoleActionCoordinatorTests testViewSetAndResultModeUseTheSharedWorkspaceOwner]' started.
Test Case '-[MortimerHostTests.ConsoleActionCoordinatorTests testViewSetAndResultModeUseTheSharedWorkspaceOwner]' passed (0.000 seconds).
Test Case '-[MortimerHostTests.ConsoleActionCoordinatorTests testViewSetUsesTheCatalogModeArgumentWithoutRequiringATarget]' started.
Test Case '-[MortimerHostTests.ConsoleActionCoordinatorTests testViewSetUsesTheCatalogModeArgumentWithoutRequiringATarget]' passed (0.000 seconds).
Test Case '-[MortimerHostTests.ConsoleActionCoordinatorTests testVoiceDraftPreviewExpiresAfterFiveMinutes]' started.
Test Case '-[MortimerHostTests.ConsoleActionCoordinatorTests testVoiceDraftPreviewExpiresAfterFiveMinutes]' passed (0.000 seconds).
Test Case '-[MortimerHostTests.ConsoleActionCoordinatorTests testVoiceDraftPreviewIsOpaqueSingleUseAndNeverEntersInventory]' started.
Test Case '-[MortimerHostTests.ConsoleActionCoordinatorTests testVoiceDraftPreviewIsOpaqueSingleUseAndNeverEntersInventory]' passed (0.001 seconds).
Test Case '-[MortimerHostTests.ConsoleActionCoordinatorTests testVoiceExamplePreviewRequiresDeclaredSkillAndExample]' started.
Test Case '-[MortimerHostTests.ConsoleActionCoordinatorTests testVoiceExamplePreviewRequiresDeclaredSkillAndExample]' passed (0.000 seconds).
Test Suite 'ConsoleActionCoordinatorTests' passed at 2026-09-28 21:40:05.747.
	 Executed 30 tests, with 0 failures (0 unexpected) in 0.056 (0.058) seconds
Test Suite 'ConsoleActionRegistryTests' started at 2026-09-28 21:40:05.747.
Test Case '-[MortimerHostTests.ConsoleActionRegistryTests testCatalogScalarTypesAreValidatedBeforeMutation]' started.
Test Case '-[MortimerHostTests.ConsoleActionRegistryTests testCatalogScalarTypesAreValidatedBeforeMutation]' passed (0.000 seconds).
Test Case '-[MortimerHostTests.ConsoleActionRegistryTests testDisabledActionCannotValidate]' started.
Test Case '-[MortimerHostTests.ConsoleActionRegistryTests testDisabledActionCannotValidate]' passed (0.000 seconds).
Test Case '-[MortimerHostTests.ConsoleActionRegistryTests testIdentityDependentActionsRequireTheSameSecondaryTargetAsPython]' started.
Test Case '-[MortimerHostTests.ConsoleActionRegistryTests testIdentityDependentActionsRequireTheSameSecondaryTargetAsPython]' passed (0.000 seconds).
Test Case '-[MortimerHostTests.ConsoleActionRegistryTests testRegistryEnumeratesEverySharedActionAndTargetRules]' started.
Test Case '-[MortimerHostTests.ConsoleActionRegistryTests testRegistryEnumeratesEverySharedActionAndTargetRules]' passed (0.000 seconds).
Test Case '-[MortimerHostTests.ConsoleActionRegistryTests testSkillsNavigationActionsUseClosedArgumentsAndTargets]' started.
Test Case '-[MortimerHostTests.ConsoleActionRegistryTests testSkillsNavigationActionsUseClosedArgumentsAndTargets]' passed (0.001 seconds).
Test Case '-[MortimerHostTests.ConsoleActionRegistryTests testSkillWorkspaceControlsHaveTypedSharedActions]' started.
Test Case '-[MortimerHostTests.ConsoleActionRegistryTests testSkillWorkspaceControlsHaveTypedSharedActions]' passed (0.000 seconds).
Test Suite 'ConsoleActionRegistryTests' passed at 2026-09-28 21:40:05.750.
	 Executed 6 tests, with 0 failures (0 unexpected) in 0.002 (0.002) seconds
Test Suite 'ContentPanelTests' started at 2026-09-28 21:40:05.750.
Test Case '-[MortimerHostTests.ContentPanelTests testAdditionalPanelRequiresExplicitPinAction]' started.
Test Case '-[MortimerHostTests.ContentPanelTests testAdditionalPanelRequiresExplicitPinAction]' passed (0.000 seconds).
Test Case '-[MortimerHostTests.ContentPanelTests testAllVisibleResultsHaveLocatorsAndRepeatSelectionDoesNotDuplicate]' started.
Test Case '-[MortimerHostTests.ContentPanelTests testAllVisibleResultsHaveLocatorsAndRepeatSelectionDoesNotDuplicate]' passed (0.000 seconds).
Test Case '-[MortimerHostTests.ContentPanelTests testClosedDisplayAlsoKeepsFallbackStageBounded]' started.
Test Case '-[MortimerHostTests.ContentPanelTests testClosedDisplayAlsoKeepsFallbackStageBounded]' passed (0.000 seconds).
Test Case '-[MortimerHostTests.ContentPanelTests testDeveloperRunAppendsDistinctResultsIntoOneDisplayPanel]' started.
Test Case '-[MortimerHostTests.ContentPanelTests testDeveloperRunAppendsDistinctResultsIntoOneDisplayPanel]' passed (0.000 seconds).
Test Case '-[MortimerHostTests.ContentPanelTests testDisplayPanelsKeepIdentityAndRespectBounds]' started.
Test Case '-[MortimerHostTests.ContentPanelTests testDisplayPanelsKeepIdentityAndRespectBounds]' passed (0.000 seconds).
Test Case '-[MortimerHostTests.ContentPanelTests testExactRepeatReusesTheExistingWorkspaceOwnerButNewRunSectionDoesNot]' started.
Test Case '-[MortimerHostTests.ContentPanelTests testExactRepeatReusesTheExistingWorkspaceOwnerButNewRunSectionDoesNot]' passed (0.000 seconds).
Test Case '-[MortimerHostTests.ContentPanelTests testFitRequiresMeasuredViewportAndPreservesReachablePanel]' started.
Test Case '-[MortimerHostTests.ContentPanelTests testFitRequiresMeasuredViewportAndPreservesReachablePanel]' passed (0.000 seconds).
Test Case '-[MortimerHostTests.ContentPanelTests testLastSupportingPanelCanReturnOwnershipToMainWorkspace]' started.
Test Case '-[MortimerHostTests.ContentPanelTests testLastSupportingPanelCanReturnOwnershipToMainWorkspace]' passed (0.000 seconds).
Test Case '-[MortimerHostTests.ContentPanelTests testMainLocatorRequiresALiveSupportingPanel]' started.
Test Case '-[MortimerHostTests.ContentPanelTests testMainLocatorRequiresALiveSupportingPanel]' passed (0.000 seconds).
Test Case '-[MortimerHostTests.ContentPanelTests testOpeningSupportingDisplayPreservesBoundedUnpinnedPanelsAndPins]' started.
Test Case '-[MortimerHostTests.ContentPanelTests testOpeningSupportingDisplayPreservesBoundedUnpinnedPanelsAndPins]' passed (0.000 seconds).
Test Case '-[MortimerHostTests.ContentPanelTests testPanelCapacityRetiresUnpinnedBeforePinnedContent]' started.
Test Case '-[MortimerHostTests.ContentPanelTests testPanelCapacityRetiresUnpinnedBeforePinnedContent]' passed (0.001 seconds).
Test Case '-[MortimerHostTests.ContentPanelTests testPinnedDeveloperRunStillAppendsToItsSinglePanel]' started.
Test Case '-[MortimerHostTests.ContentPanelTests testPinnedDeveloperRunStillAppendsToItsSinglePanel]' passed (0.000 seconds).
Test Case '-[MortimerHostTests.ContentPanelTests testPinnedPanelStaysOutsideStageWhenUnpinnedResultsRemain]' started.
Test Case '-[MortimerHostTests.ContentPanelTests testPinnedPanelStaysOutsideStageWhenUnpinnedResultsRemain]' passed (0.000 seconds).
Test Case '-[MortimerHostTests.ContentPanelTests testPointerGraphSharesFullStageWithoutHidingDisplacedResult]' started.
Test Case '-[MortimerHostTests.ContentPanelTests testPointerGraphSharesFullStageWithoutHidingDisplacedResult]' passed (0.000 seconds).
Test Case '-[MortimerHostTests.ContentPanelTests testSeparateDeveloperRunsRemainSeparateDisplayPanels]' started.
Test Case '-[MortimerHostTests.ContentPanelTests testSeparateDeveloperRunsRemainSeparateDisplayPanels]' passed (0.000 seconds).
Test Case '-[MortimerHostTests.ContentPanelTests testSkillDetailTransferUsesOneSharedStageAndReturnsToMainWhenDisplayCloses]' started.
Test Case '-[MortimerHostTests.ContentPanelTests testSkillDetailTransferUsesOneSharedStageAndReturnsToMainWhenDisplayCloses]' passed (0.000 seconds).
Test Case '-[MortimerHostTests.ContentPanelTests testSupportingDisplaySharesBoundedUnpinnedPresentations]' started.
Test Case '-[MortimerHostTests.ContentPanelTests testSupportingDisplaySharesBoundedUnpinnedPresentations]' passed (0.000 seconds).
Test Case '-[MortimerHostTests.ContentPanelTests testSupportingStageCapsUnpinnedResultsAndKeepsNewestFocused]' started.
Test Case '-[MortimerHostTests.ContentPanelTests testSupportingStageCapsUnpinnedResultsAndKeepsNewestFocused]' passed (0.000 seconds).
Test Case '-[MortimerHostTests.ContentPanelTests testSupportingStageLeavesPinnedCopiesAsExplicitExtras]' started.
Test Case '-[MortimerHostTests.ContentPanelTests testSupportingStageLeavesPinnedCopiesAsExplicitExtras]' passed (0.000 seconds).
Test Suite 'ContentPanelTests' passed at 2026-09-28 21:40:05.756.
	 Executed 19 tests, with 0 failures (0 unexpected) in 0.005 (0.006) seconds
Test Suite 'ContentWindowRegistryTests' started at 2026-09-28 21:40:05.756.
Test Case '-[MortimerHostTests.ContentWindowRegistryTests testRegistrationIsValueAddressedAndLifecycleOperationsAreIdempotent]' started.
Test Case '-[MortimerHostTests.ContentWindowRegistryTests testRegistrationIsValueAddressedAndLifecycleOperationsAreIdempotent]' passed (0.001 seconds).
Test Suite 'ContentWindowRegistryTests' passed at 2026-09-28 21:40:05.757.
	 Executed 1 test, with 0 failures (0 unexpected) in 0.001 (0.001) seconds
Test Suite 'CrystalOrbShellTests' started at 2026-09-28 21:40:05.757.
Test Case '-[MortimerHostTests.CrystalOrbShellTests testCometsAndNucleusAreUnchanged]' started.
Test Case '-[MortimerHostTests.CrystalOrbShellTests testCometsAndNucleusAreUnchanged]' passed (4.264 seconds).
Test Case '-[MortimerHostTests.CrystalOrbShellTests testCrystalKeepsItsReflectionsInStandby]' started.
Test Case '-[MortimerHostTests.CrystalOrbShellTests testCrystalKeepsItsReflectionsInStandby]' passed (0.865 seconds).
Test Case '-[MortimerHostTests.CrystalOrbShellTests testCrystalReflectionsDoNotFollowVoiceState]' started.
Test Case '-[MortimerHostTests.CrystalOrbShellTests testCrystalReflectionsDoNotFollowVoiceState]' passed (2.281 seconds).
Test Case '-[MortimerHostTests.CrystalOrbShellTests testFresnelStopsFollowSchlickForGlass]' started.
Test Case '-[MortimerHostTests.CrystalOrbShellTests testFresnelStopsFollowSchlickForGlass]' passed (0.000 seconds).
Test Case '-[MortimerHostTests.CrystalOrbShellTests testMirrorPointIsTheHalfVector]' started.
Test Case '-[MortimerHostTests.CrystalOrbShellTests testMirrorPointIsTheHalfVector]' passed (0.000 seconds).
Test Case '-[MortimerHostTests.CrystalOrbShellTests testTheKeyWindowSitsUpperLeftNearTheRim]' started.
Test Case '-[MortimerHostTests.CrystalOrbShellTests testTheKeyWindowSitsUpperLeftNearTheRim]' passed (0.000 seconds).
Test Case '-[MortimerHostTests.CrystalOrbShellTests testTheShellDefaultsToCrystal]' started.
Test Case '-[MortimerHostTests.CrystalOrbShellTests testTheShellDefaultsToCrystal]' passed (0.000 seconds).
Test Suite 'CrystalOrbShellTests' passed at 2026-09-28 21:40:13.167.
	 Executed 7 tests, with 0 failures (0 unexpected) in 7.410 (7.410) seconds
Test Suite 'DisplayPlacementPolicyTests' started at 2026-09-28 21:40:13.167.
Test Case '-[MortimerHostTests.DisplayPlacementPolicyTests testCloseOrDockCancelsReconnectRecovery]' started.
Test Case '-[MortimerHostTests.DisplayPlacementPolicyTests testCloseOrDockCancelsReconnectRecovery]' passed (0.000 seconds).
Test Case '-[MortimerHostTests.DisplayPlacementPolicyTests testFreshConsoleDefaultsToMainDisplayWhenAppKitRestoredItOnAuxiliary]' started.
Test Case '-[MortimerHostTests.DisplayPlacementPolicyTests testFreshConsoleDefaultsToMainDisplayWhenAppKitRestoredItOnAuxiliary]' passed (0.000 seconds).
Test Case '-[MortimerHostTests.DisplayPlacementPolicyTests testManualMoveAfterRecoveryWinsOverReconnect]' started.
Test Case '-[MortimerHostTests.DisplayPlacementPolicyTests testManualMoveAfterRecoveryWinsOverReconnect]' passed (0.000 seconds).
Test Case '-[MortimerHostTests.DisplayPlacementPolicyTests testManualWindowRecoversAfterUnplugEvenWhenAppKitAlreadyMovedIt]' started.
Test Case '-[MortimerHostTests.DisplayPlacementPolicyTests testManualWindowRecoversAfterUnplugEvenWhenAppKitAlreadyMovedIt]' passed (0.000 seconds).
Test Case '-[MortimerHostTests.DisplayPlacementPolicyTests testMirroredDisplaysDoNotCreateAnExtendedAreaOrEmptyWindows]' started.
Test Case '-[MortimerHostTests.DisplayPlacementPolicyTests testMirroredDisplaysDoNotCreateAnExtendedAreaOrEmptyWindows]' passed (0.000 seconds).
Test Case '-[MortimerHostTests.DisplayPlacementPolicyTests testOffscreenTitleBarIsRecoveredAndNegativeCoordinatesAreValid]' started.
Test Case '-[MortimerHostTests.DisplayPlacementPolicyTests testOffscreenTitleBarIsRecoveredAndNegativeCoordinatesAreValid]' passed (0.000 seconds).
Test Case '-[MortimerHostTests.DisplayPlacementPolicyTests testOpeningSecondAuxiliaryUsesLegacySplitWithoutMovingManualWindow]' started.
Test Case '-[MortimerHostTests.DisplayPlacementPolicyTests testOpeningSecondAuxiliaryUsesLegacySplitWithoutMovingManualWindow]' passed (0.000 seconds).
Test Case '-[MortimerHostTests.DisplayPlacementPolicyTests testReopenedManualWindowRestoresItsSavedFrame]' started.
Test Case '-[MortimerHostTests.DisplayPlacementPolicyTests testReopenedManualWindowRestoresItsSavedFrame]' passed (0.000 seconds).
Test Case '-[MortimerHostTests.DisplayPlacementPolicyTests testResolutionShrinkClampsManualWindowAndRestoresWhenItFitsAgain]' started.
Test Case '-[MortimerHostTests.DisplayPlacementPolicyTests testResolutionShrinkClampsManualWindowAndRestoresWhenItFitsAgain]' passed (0.000 seconds).
Test Case '-[MortimerHostTests.DisplayPlacementPolicyTests testStableDisplayRolesSurviveScreenArrayReordering]' started.
Test Case '-[MortimerHostTests.DisplayPlacementPolicyTests testStableDisplayRolesSurviveScreenArrayReordering]' passed (0.000 seconds).
Test Suite 'DisplayPlacementPolicyTests' passed at 2026-09-28 21:40:13.168.
	 Executed 10 tests, with 0 failures (0 unexpected) in 0.001 (0.001) seconds
Test Suite 'DisplayWindowPrivacyBoundaryTests' started at 2026-09-28 21:40:13.168.
Test Case '-[MortimerHostTests.DisplayWindowPrivacyBoundaryTests testDirectDisplaySinkRejectsProtectedPayloadBeforeDeveloperBatchAppend]' started.
Test Case '-[MortimerHostTests.DisplayWindowPrivacyBoundaryTests testDirectDisplaySinkRejectsProtectedPayloadBeforeDeveloperBatchAppend]' passed (0.000 seconds).
Test Case '-[MortimerHostTests.DisplayWindowPrivacyBoundaryTests testStreamedResponseSinkRejectsProtectedCreationAndReplacement]' started.
Test Case '-[MortimerHostTests.DisplayWindowPrivacyBoundaryTests testStreamedResponseSinkRejectsProtectedCreationAndReplacement]' passed (0.000 seconds).
Test Suite 'DisplayWindowPrivacyBoundaryTests' passed at 2026-09-28 21:40:13.169.
	 Executed 2 tests, with 0 failures (0 unexpected) in 0.001 (0.001) seconds
Test Suite 'DisplayWindowStoreFitTests' started at 2026-09-28 21:40:13.169.
Test Case '-[MortimerHostTests.DisplayWindowStoreFitTests testFitFillsTheViewportAndDropsTheCascadeOffset]' started.
Test Case '-[MortimerHostTests.DisplayWindowStoreFitTests testFitFillsTheViewportAndDropsTheCascadeOffset]' passed (0.000 seconds).
Test Case '-[MortimerHostTests.DisplayWindowStoreFitTests testFitIsANoOpUntilTheViewportIsMeasured]' started.
Test Case '-[MortimerHostTests.DisplayWindowStoreFitTests testFitIsANoOpUntilTheViewportIsMeasured]' passed (0.000 seconds).
Test Case '-[MortimerHostTests.DisplayWindowStoreFitTests testFittedSizeIsNilWhenUnmeasuredOrTooSmall]' started.
Test Case '-[MortimerHostTests.DisplayWindowStoreFitTests testFittedSizeIsNilWhenUnmeasuredOrTooSmall]' passed (0.000 seconds).
Test Case '-[MortimerHostTests.DisplayWindowStoreFitTests testFittedSizeIsViewportMinusInsetOnEverySide]' started.
Test Case '-[MortimerHostTests.DisplayWindowStoreFitTests testFittedSizeIsViewportMinusInsetOnEverySide]' passed (0.000 seconds).
Test Case '-[MortimerHostTests.DisplayWindowStoreFitTests testResizeHasAMinimumButNoMaximum]' started.
Test Case '-[MortimerHostTests.DisplayWindowStoreFitTests testResizeHasAMinimumButNoMaximum]' passed (0.000 seconds).
Test Suite 'DisplayWindowStoreFitTests' passed at 2026-09-28 21:40:13.170.
	 Executed 5 tests, with 0 failures (0 unexpected) in 0.000 (0.001) seconds
Test Suite 'DrawerModelsTests' started at 2026-09-28 21:40:13.170.
Test Case '-[MortimerHostTests.DrawerModelsTests testDraftsAndModelIdentitySurviveSecondPresentationAndTokenRefresh]' started.
Test Case '-[MortimerHostTests.DrawerModelsTests testDraftsAndModelIdentitySurviveSecondPresentationAndTokenRefresh]' passed (0.000 seconds).
Test Case '-[MortimerHostTests.DrawerModelsTests testOutgoingPresentationCannotReleaseIncomingLease]' started.
Test Case '-[MortimerHostTests.DrawerModelsTests testOutgoingPresentationCannotReleaseIncomingLease]' passed (0.000 seconds).
Test Suite 'DrawerModelsTests' passed at 2026-09-28 21:40:13.170.
	 Executed 2 tests, with 0 failures (0 unexpected) in 0.001 (0.001) seconds
Test Suite 'DrawerScrollRestorationTests' started at 2026-09-28 21:40:13.170.
Test Case '-[MortimerHostTests.DrawerScrollRestorationTests testScrollRestoresIntoReplacementNativeWindow]' started.
Test Case '-[MortimerHostTests.DrawerScrollRestorationTests testScrollRestoresIntoReplacementNativeWindow]' passed (0.045 seconds).
Test Suite 'DrawerScrollRestorationTests' passed at 2026-09-28 21:40:13.216.
	 Executed 1 test, with 0 failures (0 unexpected) in 0.045 (0.046) seconds
Test Suite 'DrawerScrollWriterTests' started at 2026-09-28 21:40:13.216.
Test Case '-[MortimerHostTests.DrawerScrollWriterTests testOnlyTheMostRecentlyMountedPresentationRecordsScroll]' started.
Test Case '-[MortimerHostTests.DrawerScrollWriterTests testOnlyTheMostRecentlyMountedPresentationRecordsScroll]' passed (0.000 seconds).
Test Case '-[MortimerHostTests.DrawerScrollWriterTests testWriterLeasesAreIndependentPerTabAndRejectNonFiniteOffsets]' started.
Test Case '-[MortimerHostTests.DrawerScrollWriterTests testWriterLeasesAreIndependentPerTabAndRejectNonFiniteOffsets]' passed (0.000 seconds).
Test Suite 'DrawerScrollWriterTests' passed at 2026-09-28 21:40:13.216.
	 Executed 2 tests, with 0 failures (0 unexpected) in 0.000 (0.000) seconds
Test Suite 'DrawerTabStripKeyboardTests' started at 2026-09-28 21:40:13.216.
Test Case '-[MortimerHostTests.DrawerTabStripKeyboardTests testArrowAndHomeEndKeysMoveSelectionAndRevealTheSelectedLabel]' started.
Test Case '-[MortimerHostTests.DrawerTabStripKeyboardTests testArrowAndHomeEndKeysMoveSelectionAndRevealTheSelectedLabel]' passed (4.623 seconds).
Test Suite 'DrawerTabStripKeyboardTests' passed at 2026-09-28 21:40:17.840.
	 Executed 1 test, with 0 failures (0 unexpected) in 4.623 (4.623) seconds
Test Suite 'DrawerTabStripRenderingTests' started at 2026-09-28 21:40:17.840.
Test Case '-[MortimerHostTests.DrawerTabStripRenderingTests testLargeTextMountedStripRevealsEverySelection]' started.
Test Case '-[MortimerHostTests.DrawerTabStripRenderingTests testLargeTextMountedStripRevealsEverySelection]' passed (6.852 seconds).
Test Case '-[MortimerHostTests.DrawerTabStripRenderingTests testNarrowMountedStripRevealsEverySelectionInBothDirections]' started.
Test Case '-[MortimerHostTests.DrawerTabStripRenderingTests testNarrowMountedStripRevealsEverySelectionInBothDirections]' passed (5.698 seconds).
Test Case '-[MortimerHostTests.DrawerTabStripRenderingTests testNarrowStripRevealsEntireSelectedLastTab]' started.
Test Case '-[MortimerHostTests.DrawerTabStripRenderingTests testNarrowStripRevealsEntireSelectedLastTab]' passed (0.288 seconds).
Test Case '-[MortimerHostTests.DrawerTabStripRenderingTests testOverflowButtonsReachBothEndsWithoutChangingSelection]' started.
Test Case '-[MortimerHostTests.DrawerTabStripRenderingTests testOverflowButtonsReachBothEndsWithoutChangingSelection]' passed (3.894 seconds).
Test Case '-[MortimerHostTests.DrawerTabStripRenderingTests testWideHeaderExposesEveryLabel]' started.
Test Case '-[MortimerHostTests.DrawerTabStripRenderingTests testWideHeaderExposesEveryLabel]' passed (0.180 seconds).
Test Suite 'DrawerTabStripRenderingTests' passed at 2026-09-28 21:40:34.751.
	 Executed 5 tests, with 0 failures (0 unexpected) in 16.911 (16.912) seconds
Test Suite 'DrawerViewMinimumWidthTests' started at 2026-09-28 21:40:34.752.
Test Case '-[MortimerHostTests.DrawerViewMinimumWidthTests testDetachedDrawerAtMinimumWidthKeepsChromeAndEverySelectedLabelReachable]' started.
Test Case '-[MortimerHostTests.DrawerViewMinimumWidthTests testDetachedDrawerAtMinimumWidthKeepsChromeAndEverySelectedLabelReachable]' passed (3.414 seconds).
Test Case '-[MortimerHostTests.DrawerViewMinimumWidthTests testDockedDrawerAtMinimumWidthKeepsChromeAndEverySelectedLabelReachable]' started.
Test Case '-[MortimerHostTests.DrawerViewMinimumWidthTests testDockedDrawerAtMinimumWidthKeepsChromeAndEverySelectedLabelReachable]' passed (3.552 seconds).
Test Suite 'DrawerViewMinimumWidthTests' passed at 2026-09-28 21:40:41.718.
	 Executed 2 tests, with 0 failures (0 unexpected) in 6.966 (6.967) seconds
Test Suite 'FullConsoleRenderingTests' started at 2026-09-28 21:40:41.718.
Test Case '-[MortimerHostTests.FullConsoleRenderingTests testCommandConsoleStartsInConversationWithVoiceControls]' started.
Test Case '-[MortimerHostTests.FullConsoleRenderingTests testCommandConsoleStartsInConversationWithVoiceControls]' passed (3.069 seconds).
Test Case '-[MortimerHostTests.FullConsoleRenderingTests testEnlargedTabTextKeepsFullConsoleControlsReachable]' started.
Test Case '-[MortimerHostTests.FullConsoleRenderingTests testEnlargedTabTextKeepsFullConsoleControlsReachable]' passed (3.262 seconds).
Test Case '-[MortimerHostTests.FullConsoleRenderingTests testMinimumConsoleKeepsOutputAndMicrophoneControlsReachable]' started.
Test Case '-[MortimerHostTests.FullConsoleRenderingTests testMinimumConsoleKeepsOutputAndMicrophoneControlsReachable]' passed (3.207 seconds).
Test Case '-[MortimerHostTests.FullConsoleRenderingTests testPreviousLayoutRollbackKeepsSidecarAndVoiceControlsReachable]' started.
Test Case '-[MortimerHostTests.FullConsoleRenderingTests testPreviousLayoutRollbackKeepsSidecarAndVoiceControlsReachable]' passed (3.521 seconds).
Test Case '-[MortimerHostTests.FullConsoleRenderingTests testUnknownPersistedLayoutFallsBackToAdaptive]' started.
Test Case '-[MortimerHostTests.FullConsoleRenderingTests testUnknownPersistedLayoutFallsBackToAdaptive]' passed (0.000 seconds).
Test Suite 'FullConsoleRenderingTests' passed at 2026-09-28 21:40:54.777.
	 Executed 5 tests, with 0 failures (0 unexpected) in 13.059 (13.059) seconds
Test Suite 'GlassAccessibilityTests' started at 2026-09-28 21:40:54.777.
Test Case '-[MortimerHostTests.GlassAccessibilityTests testExplicitGlassRollbackRemainsOpaque]' started.
Test Case '-[MortimerHostTests.GlassAccessibilityTests testExplicitGlassRollbackRemainsOpaque]' passed (0.000 seconds).
Test Case '-[MortimerHostTests.GlassAccessibilityTests testIncreasedContrastForcesOpaqueSurface]' started.
Test Case '-[MortimerHostTests.GlassAccessibilityTests testIncreasedContrastForcesOpaqueSurface]' passed (0.000 seconds).
Test Case '-[MortimerHostTests.GlassAccessibilityTests testNormalGlassPreferenceKeepsLiquidSurface]' started.
Test Case '-[MortimerHostTests.GlassAccessibilityTests testNormalGlassPreferenceKeepsLiquidSurface]' passed (0.000 seconds).
Test Case '-[MortimerHostTests.GlassAccessibilityTests testReduceTransparencyForcesOpaqueSurface]' started.
Test Case '-[MortimerHostTests.GlassAccessibilityTests testReduceTransparencyForcesOpaqueSurface]' passed (0.000 seconds).
Test Suite 'GlassAccessibilityTests' passed at 2026-09-28 21:40:54.778.
	 Executed 4 tests, with 0 failures (0 unexpected) in 0.000 (0.000) seconds
Test Suite 'GraphImageURLTests' started at 2026-09-28 21:40:54.778.
Test Case '-[MortimerHostTests.GraphImageURLTests testIsGraphImageMatchesOnlyTheSidecarImageEndpoints]' started.
Test Case '-[MortimerHostTests.GraphImageURLTests testIsGraphImageMatchesOnlyTheSidecarImageEndpoints]' passed (0.000 seconds).
Test Case '-[MortimerHostTests.GraphImageURLTests testRequestSizeClampsToTheSidecarRange]' started.
Test Case '-[MortimerHostTests.GraphImageURLTests testRequestSizeClampsToTheSidecarRange]' passed (0.000 seconds).
Test Case '-[MortimerHostTests.GraphImageURLTests testRequestSizeIsNilUntilMeasured]' started.
Test Case '-[MortimerHostTests.GraphImageURLTests testRequestSizeIsNilUntilMeasured]' passed (0.000 seconds).
Test Case '-[MortimerHostTests.GraphImageURLTests testRequestSizeIsViewportTimesScaleMinusReserve]' started.
Test Case '-[MortimerHostTests.GraphImageURLTests testRequestSizeIsViewportTimesScaleMinusReserve]' passed (0.000 seconds).
Test Case '-[MortimerHostTests.GraphImageURLTests testSizedAppendsWAndHAndKeepsEveryOtherQueryItem]' started.
Test Case '-[MortimerHostTests.GraphImageURLTests testSizedAppendsWAndHAndKeepsEveryOtherQueryItem]' passed (0.000 seconds).
Test Case '-[MortimerHostTests.GraphImageURLTests testSizedReplacesRatherThanDuplicates]' started.
Test Case '-[MortimerHostTests.GraphImageURLTests testSizedReplacesRatherThanDuplicates]' passed (0.000 seconds).
Test Suite 'GraphImageURLTests' passed at 2026-09-28 21:40:54.779.
	 Executed 6 tests, with 0 failures (0 unexpected) in 0.001 (0.001) seconds
Test Suite 'KnowledgeAtlasTests' started at 2026-09-28 21:40:54.779.
Test Case '-[MortimerHostTests.KnowledgeAtlasTests testAtlasCardAccessibilityExposesSummaryAndSource]' started.
Test Case '-[MortimerHostTests.KnowledgeAtlasTests testAtlasCardAccessibilityExposesSummaryAndSource]' passed (0.000 seconds).
Test Case '-[MortimerHostTests.KnowledgeAtlasTests testAtlasSearchAndSelectionPreserveStableCardIdentity]' started.
Test Case '-[MortimerHostTests.KnowledgeAtlasTests testAtlasSearchAndSelectionPreserveStableCardIdentity]' passed (0.001 seconds).
Test Case '-[MortimerHostTests.KnowledgeAtlasTests testContextRefreshRetainsResultIdentityAndManualPlacement]' started.
Test Case '-[MortimerHostTests.KnowledgeAtlasTests testContextRefreshRetainsResultIdentityAndManualPlacement]' passed (0.001 seconds).
Test Case '-[MortimerHostTests.KnowledgeAtlasTests testExplicitRetryRecoversAfterTransientSourceFailure]' started.
Test Case '-[MortimerHostTests.KnowledgeAtlasTests testExplicitRetryRecoversAfterTransientSourceFailure]' passed (0.017 seconds).
Test Case '-[MortimerHostTests.KnowledgeAtlasTests testIndependentSourceFailurePreservesOtherSourceCardsAndHealth]' started.
Test Case '-[MortimerHostTests.KnowledgeAtlasTests testIndependentSourceFailurePreservesOtherSourceCardsAndHealth]' passed (0.014 seconds).
Test Case '-[MortimerHostTests.KnowledgeAtlasTests testMountedAtlasResultControlExposesAccessibilityLabelAndValue]' started.
Test Case '-[MortimerHostTests.KnowledgeAtlasTests testMountedAtlasResultControlExposesAccessibilityLabelAndValue]' passed (0.238 seconds).
Test Case '-[MortimerHostTests.KnowledgeAtlasTests testOverlappingRefreshesCoalescePerSource]' started.
Test Case '-[MortimerHostTests.KnowledgeAtlasTests testOverlappingRefreshesCoalescePerSource]' passed (0.014 seconds).
Test Case '-[MortimerHostTests.KnowledgeAtlasTests testSourceRefreshRejectsObsoleteResponsesAndPreservesLastGoodCards]' started.
Test Case '-[MortimerHostTests.KnowledgeAtlasTests testSourceRefreshRejectsObsoleteResponsesAndPreservesLastGoodCards]' passed (0.000 seconds).
Test Case '-[MortimerHostTests.KnowledgeAtlasTests testStableContextIdentityIsRepeatableAndNamespaced]' started.
Test Case '-[MortimerHostTests.KnowledgeAtlasTests testStableContextIdentityIsRepeatableAndNamespaced]' passed (0.000 seconds).
Test Case '-[MortimerHostTests.KnowledgeAtlasTests testStoreOwnedRefreshLoadsCardsAndRecordsFailure]' started.
Test Case '-[MortimerHostTests.KnowledgeAtlasTests testStoreOwnedRefreshLoadsCardsAndRecordsFailure]' passed (0.012 seconds).
Test Case '-[MortimerHostTests.KnowledgeAtlasTests testSuccessfulEmptySourceIsDistinctFromLoadFailure]' started.
Test Case '-[MortimerHostTests.KnowledgeAtlasTests testSuccessfulEmptySourceIsDistinctFromLoadFailure]' passed (0.000 seconds).
Test Case '-[MortimerHostTests.KnowledgeAtlasTests testVoicePlacementSupportsExactGridAndCollisionSafeRelativeMoves]' started.
Test Case '-[MortimerHostTests.KnowledgeAtlasTests testVoicePlacementSupportsExactGridAndCollisionSafeRelativeMoves]' passed (0.000 seconds).
Test Suite 'KnowledgeAtlasTests' passed at 2026-09-28 21:40:55.075.
	 Executed 12 tests, with 0 failures (0 unexpected) in 0.296 (0.297) seconds
Test Suite 'LiveVoiceResponseStreamTests' started at 2026-09-28 21:40:55.075.
Test Case '-[MortimerHostTests.LiveVoiceResponseStreamTests testProtectedWindowDisplayStaysInMainWorkspaceAndNeverEntersSupportingDisplay]' started.
Test Case '-[MortimerHostTests.LiveVoiceResponseStreamTests testProtectedWindowDisplayStaysInMainWorkspaceAndNeverEntersSupportingDisplay]' passed (0.005 seconds).
Test Case '-[MortimerHostTests.LiveVoiceResponseStreamTests testRTVIChunksReachTheExistingSingleResponseResult]' started.
Test Case '-[MortimerHostTests.LiveVoiceResponseStreamTests testRTVIChunksReachTheExistingSingleResponseResult]' passed (0.016 seconds).
Test Suite 'LiveVoiceResponseStreamTests' passed at 2026-09-28 21:40:55.097.
	 Executed 2 tests, with 0 failures (0 unexpected) in 0.021 (0.021) seconds
Test Suite 'MemoryGraphClosureC3Tests' started at 2026-09-28 21:40:55.097.
Test Case '-[MortimerHostTests.MemoryGraphClosureC3Tests testDenseHubFixtureHasTheRequiredShapeAndABoundedFiniteLayout]' started.
Test Case '-[MortimerHostTests.MemoryGraphClosureC3Tests testDenseHubFixtureHasTheRequiredShapeAndABoundedFiniteLayout]' passed (1.282 seconds).
Test Case '-[MortimerHostTests.MemoryGraphClosureC3Tests testNoPathWordingMatchesTheInterfacePlanExactly]' started.
Test Case '-[MortimerHostTests.MemoryGraphClosureC3Tests testNoPathWordingMatchesTheInterfacePlanExactly]' passed (0.007 seconds).
Test Case '-[MortimerHostTests.MemoryGraphClosureC3Tests testSelectingAHiddenOrCollapsedNodeKeepsTheFilterAndRevealIsExplicit]' started.
Test Case '-[MortimerHostTests.MemoryGraphClosureC3Tests testSelectingAHiddenOrCollapsedNodeKeepsTheFilterAndRevealIsExplicit]' passed (0.022 seconds).
Test Case '-[MortimerHostTests.MemoryGraphClosureC3Tests testURLSessionSharedIsOnlyUsedByJarvisHTTPAndTheWakeWordSocket]' started.
Test Case '-[MortimerHostTests.MemoryGraphClosureC3Tests testURLSessionSharedIsOnlyUsedByJarvisHTTPAndTheWakeWordSocket]' passed (0.068 seconds).
Test Suite 'MemoryGraphClosureC3Tests' passed at 2026-09-28 21:40:56.476.
	 Executed 4 tests, with 0 failures (0 unexpected) in 1.379 (1.379) seconds
Test Suite 'MemoryGraphFrameTimeTests' started at 2026-09-28 21:40:56.476.
Test Case '-[MortimerHostTests.MemoryGraphFrameTimeTests testPanAndZoomFrameTimesOnTheDenseHubFixtureMeetTheP95Gate]' started.
Test Case '-[MortimerHostTests.MemoryGraphFrameTimeTests testPanAndZoomFrameTimesOnTheDenseHubFixtureMeetTheP95Gate]' passed (18.724 seconds).
Test Suite 'MemoryGraphFrameTimeTests' passed at 2026-09-28 21:41:15.200.
	 Executed 1 test, with 0 failures (0 unexpected) in 18.724 (18.725) seconds
Test Suite 'MemoryGraphImageStoreTests' started at 2026-09-28 21:41:15.200.
Test Case '-[MortimerHostTests.MemoryGraphImageStoreTests testCancelledImageStaysStoppedUntilExplicitReload]' started.
Test Case '-[MortimerHostTests.MemoryGraphImageStoreTests testCancelledImageStaysStoppedUntilExplicitReload]' passed (0.274 seconds).
Test Case '-[MortimerHostTests.MemoryGraphImageStoreTests testInvalidImageHasExplicitErrorAndCanRetry]' started.
Test Case '-[MortimerHostTests.MemoryGraphImageStoreTests testInvalidImageHasExplicitErrorAndCanRetry]' passed (0.053 seconds).
Test Case '-[MortimerHostTests.MemoryGraphImageStoreTests testReparentingReusesImageAndStaleFocusCannotOverwriteIt]' started.
Test Case '-[MortimerHostTests.MemoryGraphImageStoreTests testReparentingReusesImageAndStaleFocusCannotOverwriteIt]' passed (0.207 seconds).
Test Suite 'MemoryGraphImageStoreTests' passed at 2026-09-28 21:41:15.735.
	 Executed 3 tests, with 0 failures (0 unexpected) in 0.534 (0.534) seconds
Test Suite 'MemoryGraphLayoutTests' started at 2026-09-28 21:41:15.735.
Test Case '-[MortimerHostTests.MemoryGraphLayoutTests testDeterministicLayoutAndExpansionPreserveExistingPositions]' started.
Test Case '-[MortimerHostTests.MemoryGraphLayoutTests testDeterministicLayoutAndExpansionPreserveExistingPositions]' passed (0.002 seconds).
Test Case '-[MortimerHostTests.MemoryGraphLayoutTests testFitAndCameraRoundTripSupportNegativeCoordinates]' started.
Test Case '-[MortimerHostTests.MemoryGraphLayoutTests testFitAndCameraRoundTripSupportNegativeCoordinates]' passed (0.000 seconds).
Test Case '-[MortimerHostTests.MemoryGraphLayoutTests testPathUsesUndirectedLoadedEdgesAndFiltersMatter]' started.
Test Case '-[MortimerHostTests.MemoryGraphLayoutTests testPathUsesUndirectedLoadedEdgesAndFiltersMatter]' passed (0.001 seconds).
Test Case '-[MortimerHostTests.MemoryGraphLayoutTests testStressFixturesProduceFiniteBoundedLayout]' started.
Test Case '-[MortimerHostTests.MemoryGraphLayoutTests testStressFixturesProduceFiniteBoundedLayout]' passed (1.463 seconds).
Test Suite 'MemoryGraphLayoutTests' passed at 2026-09-28 21:41:17.202.
	 Executed 4 tests, with 0 failures (0 unexpected) in 1.467 (1.467) seconds
Test Suite 'MemoryGraphRenderingTests' started at 2026-09-28 21:41:17.202.
Test Case '-[MortimerHostTests.MemoryGraphRenderingTests testGraphLayoutsRenderAtCompactAndWideSizes]' started.
Test Case '-[MortimerHostTests.MemoryGraphRenderingTests testGraphLayoutsRenderAtCompactAndWideSizes]' passed (3.765 seconds).
Test Suite 'MemoryGraphRenderingTests' passed at 2026-09-28 21:41:20.967.
	 Executed 1 test, with 0 failures (0 unexpected) in 3.765 (3.765) seconds
Test Suite 'MemoryGraphStoreTests' started at 2026-09-28 21:41:20.967.
Test Case '-[MortimerHostTests.MemoryGraphStoreTests testAmbiguousRefreshedRelationshipsDoNotInventSelectionIdentity]' started.
Test Case '-[MortimerHostTests.MemoryGraphStoreTests testAmbiguousRefreshedRelationshipsDoNotInventSelectionIdentity]' passed (0.026 seconds).
Test Case '-[MortimerHostTests.MemoryGraphStoreTests testBackRestoresCameraSelectionAndFilters]' started.
Test Case '-[MortimerHostTests.MemoryGraphStoreTests testBackRestoresCameraSelectionAndFilters]' passed (0.056 seconds).
Test Case '-[MortimerHostTests.MemoryGraphStoreTests testBackRestoresRelationshipPathSearchAndInspectorState]' started.
Test Case '-[MortimerHostTests.MemoryGraphStoreTests testBackRestoresRelationshipPathSearchAndInspectorState]' passed (0.093 seconds).
Test Case '-[MortimerHostTests.MemoryGraphStoreTests testFailedFullDetailCanRetryWithoutReselectingNode]' started.
Test Case '-[MortimerHostTests.MemoryGraphStoreTests testFailedFullDetailCanRetryWithoutReselectingNode]' passed (0.090 seconds).
Test Case '-[MortimerHostTests.MemoryGraphStoreTests testFirstSuccessfulLoadFitsAfterRestoringFailedVisit]' started.
Test Case '-[MortimerHostTests.MemoryGraphStoreTests testFirstSuccessfulLoadFitsAfterRestoringFailedVisit]' passed (0.040 seconds).
Test Case '-[MortimerHostTests.MemoryGraphStoreTests testGraphRefreshInvalidatesPreviouslyLoadedFullFact]' started.
Test Case '-[MortimerHostTests.MemoryGraphStoreTests testGraphRefreshInvalidatesPreviouslyLoadedFullFact]' passed (0.122 seconds).
Test Case '-[MortimerHostTests.MemoryGraphStoreTests testInitialFitWaitsForUsableViewportAndVisibleNodes]' started.
Test Case '-[MortimerHostTests.MemoryGraphStoreTests testInitialFitWaitsForUsableViewportAndVisibleNodes]' passed (0.039 seconds).
Test Case '-[MortimerHostTests.MemoryGraphStoreTests testLateDetailCannotReplaceNewSelection]' started.
Test Case '-[MortimerHostTests.MemoryGraphStoreTests testLateDetailCannotReplaceNewSelection]' passed (0.152 seconds).
Test Case '-[MortimerHostTests.MemoryGraphStoreTests testManualCameraChangeSupersedesPendingLayoutReset]' started.
Test Case '-[MortimerHostTests.MemoryGraphStoreTests testManualCameraChangeSupersedesPendingLayoutReset]' passed (0.336 seconds).
Test Case '-[MortimerHostTests.MemoryGraphStoreTests testManualNodeMoveRejectsNonFiniteAndOutOfBoundsCoordinates]' started.
Test Case '-[MortimerHostTests.MemoryGraphStoreTests testManualNodeMoveRejectsNonFiniteAndOutOfBoundsCoordinates]' passed (0.057 seconds).
Test Case '-[MortimerHostTests.MemoryGraphStoreTests testRefreshKeepsRelationshipSelectionAndUpdatesSuppliedAttributes]' started.
Test Case '-[MortimerHostTests.MemoryGraphStoreTests testRefreshKeepsRelationshipSelectionAndUpdatesSuppliedAttributes]' passed (0.153 seconds).
Test Case '-[MortimerHostTests.MemoryGraphStoreTests testRefreshPreservesNodeDraggedWhileRequestIsInFlight]' started.
Test Case '-[MortimerHostTests.MemoryGraphStoreTests testRefreshPreservesNodeDraggedWhileRequestIsInFlight]' passed (0.160 seconds).
Test Case '-[MortimerHostTests.MemoryGraphStoreTests testRestoredPopulatedViewKeepsManualCameraAfterReload]' started.
Test Case '-[MortimerHostTests.MemoryGraphStoreTests testRestoredPopulatedViewKeepsManualCameraAfterReload]' passed (0.072 seconds).
Test Case '-[MortimerHostTests.MemoryGraphStoreTests testSavedMetadataContainsNoNodeContentAndRejectsInvalidVersion]' started.
Test Case '-[MortimerHostTests.MemoryGraphStoreTests testSavedMetadataContainsNoNodeContentAndRejectsInvalidVersion]' passed (0.049 seconds).
Test Case '-[MortimerHostTests.MemoryGraphStoreTests testSearchGroupingAndRefreshDoNotInventOrLoseNodes]' started.
Test Case '-[MortimerHostTests.MemoryGraphStoreTests testSearchGroupingAndRefreshDoNotInventOrLoseNodes]' passed (0.072 seconds).
Test Case '-[MortimerHostTests.MemoryGraphStoreTests testStaleRequestCannotReplaceNewerFocus]' started.
Test Case '-[MortimerHostTests.MemoryGraphStoreTests testStaleRequestCannotReplaceNewerFocus]' passed (0.194 seconds).
Test Suite 'MemoryGraphStoreTests' passed at 2026-09-28 21:41:22.682.
	 Executed 16 tests, with 0 failures (0 unexpected) in 1.712 (1.715) seconds
Test Suite 'OrbShellFrameTimeTests' started at 2026-09-28 21:41:22.682.
Test Case '-[MortimerHostTests.OrbShellFrameTimeTests testCrystalShellStaysWithinTheFrameBudget]' started.
Test Case '-[MortimerHostTests.OrbShellFrameTimeTests testCrystalShellStaysWithinTheFrameBudget]' passed (8.267 seconds).
Test Suite 'OrbShellFrameTimeTests' passed at 2026-09-28 21:41:30.949.
	 Executed 1 test, with 0 failures (0 unexpected) in 8.267 (8.267) seconds
Test Suite 'PanelStoreTests' started at 2026-09-28 21:41:30.949.
Test Case '-[MortimerHostTests.PanelStoreTests testContentPanelsFocusExistingAndRefuseTheSeventhWithoutEviction]' started.
Test Case '-[MortimerHostTests.PanelStoreTests testContentPanelsFocusExistingAndRefuseTheSeventhWithoutEviction]' passed (0.000 seconds).
Test Case '-[MortimerHostTests.PanelStoreTests testDetachReturnAndReturnAllAreIdempotent]' started.
Test Case '-[MortimerHostTests.PanelStoreTests testDetachReturnAndReturnAllAreIdempotent]' passed (0.000 seconds).
Test Case '-[MortimerHostTests.PanelStoreTests testReturningContentReleasesCapacityAndInventoryUsesStableIdentity]' started.
Test Case '-[MortimerHostTests.PanelStoreTests testReturningContentReleasesCapacityAndInventoryUsesStableIdentity]' passed (0.000 seconds).
Test Suite 'PanelStoreTests' passed at 2026-09-28 21:41:30.950.
	 Executed 3 tests, with 0 failures (0 unexpected) in 0.001 (0.001) seconds
Test Suite 'PresentationLevelMappingTests' started at 2026-09-28 21:41:30.950.
Test Case '-[MortimerHostTests.PresentationLevelMappingTests testAbsentAndSilentAreDistinct]' started.
Test Case '-[MortimerHostTests.PresentationLevelMappingTests testAbsentAndSilentAreDistinct]' passed (0.000 seconds).
Test Case '-[MortimerHostTests.PresentationLevelMappingTests testAStoredWindowOverridesTheMeasuredDefault]' started.
Test Case '-[MortimerHostTests.PresentationLevelMappingTests testAStoredWindowOverridesTheMeasuredDefault]' passed (0.001 seconds).
Test Case '-[MortimerHostTests.PresentationLevelMappingTests testInvalidWindowsPreserveTheDefaultChannelResponse]' started.
Test Case '-[MortimerHostTests.PresentationLevelMappingTests testInvalidWindowsPreserveTheDefaultChannelResponse]' passed (0.001 seconds).
Test Case '-[MortimerHostTests.PresentationLevelMappingTests testMeasuredVoiceGainMakesQuietInputVisiblyResponsive]' started.
Test Case '-[MortimerHostTests.PresentationLevelMappingTests testMeasuredVoiceGainMakesQuietInputVisiblyResponsive]' passed (0.000 seconds).
Test Case '-[MortimerHostTests.PresentationLevelMappingTests testTheInputWindowSpreadsMeasuredSpeechAcrossItsRange]' started.
Test Case '-[MortimerHostTests.PresentationLevelMappingTests testTheInputWindowSpreadsMeasuredSpeechAcrossItsRange]' passed (0.000 seconds).
Test Case '-[MortimerHostTests.PresentationLevelMappingTests testTheMappingIsClampedSoTheEnvelopeNeverRejectsIt]' started.
Test Case '-[MortimerHostTests.PresentationLevelMappingTests testTheMappingIsClampedSoTheEnvelopeNeverRejectsIt]' passed (0.000 seconds).
Test Case '-[MortimerHostTests.PresentationLevelMappingTests testTheMappingIsMonotonic]' started.
Test Case '-[MortimerHostTests.PresentationLevelMappingTests testTheMappingIsMonotonic]' passed (0.000 seconds).
Test Case '-[MortimerHostTests.PresentationLevelMappingTests testThePlayoutWindowKeepsMortimersVoiceMoving]' started.
Test Case '-[MortimerHostTests.PresentationLevelMappingTests testThePlayoutWindowKeepsMortimersVoiceMoving]' passed (0.000 seconds).
Test Suite 'PresentationLevelMappingTests' passed at 2026-09-28 21:41:30.953.
	 Executed 8 tests, with 0 failures (0 unexpected) in 0.003 (0.003) seconds
Test Suite 'ProtectedDisplayContentTests' started at 2026-09-28 21:41:30.953.
Test Case '-[MortimerHostTests.ProtectedDisplayContentTests testOrdinaryPayloadKeepsCommandCopyAffordance]' started.
Test Case '-[MortimerHostTests.ProtectedDisplayContentTests testOrdinaryPayloadKeepsCommandCopyAffordance]' passed (0.270 seconds).
Test Case '-[MortimerHostTests.ProtectedDisplayContentTests testProtectedAutomatedPNGContainsOnlyTheLocalBody]' started.
Test Case '-[MortimerHostTests.ProtectedDisplayContentTests testProtectedAutomatedPNGContainsOnlyTheLocalBody]' passed (2.939 seconds).
Test Case '-[MortimerHostTests.ProtectedDisplayContentTests testProtectedContentInActualWindowCaptureMatchesBodyOnlyReference]' started.
/Users/admin/mortimer/source/macos/MortimerHost/Tests/MortimerHostTests/ProtectedDisplayContentTests.swift:87: -[MortimerHostTests.ProtectedDisplayContentTests testProtectedContentInActualWindowCaptureMatchesBodyOnlyReference] : Test skipped - Grant Screen Recording to the test runner to exercise real window capture
Test Case '-[MortimerHostTests.ProtectedDisplayContentTests testProtectedContentInActualWindowCaptureMatchesBodyOnlyReference]' skipped (0.203 seconds).
Test Case '-[MortimerHostTests.ProtectedDisplayContentTests testProtectedPayloadRendersOnlyItsNonSelectableLocalBody]' started.
Test Case '-[MortimerHostTests.ProtectedDisplayContentTests testProtectedPayloadRendersOnlyItsNonSelectableLocalBody]' passed (0.839 seconds).
Test Suite 'ProtectedDisplayContentTests' passed at 2026-09-28 21:41:35.205.
	 Executed 4 tests, with 1 test skipped and 0 failures (0 unexpected) in 4.252 (4.252) seconds
Test Suite 'ResponseResultRouterTests' started at 2026-09-28 21:41:35.205.
Test Case '-[MortimerHostTests.ResponseResultRouterTests testAtlasGraphAndComparisonAreNotReplacedByReply]' started.
Test Case '-[MortimerHostTests.ResponseResultRouterTests testAtlasGraphAndComparisonAreNotReplacedByReply]' passed (0.004 seconds).
Test Case '-[MortimerHostTests.ResponseResultRouterTests testClosingResponseOrTileIsNotUndoneByStreaming]' started.
Test Case '-[MortimerHostTests.ResponseResultRouterTests testClosingResponseOrTileIsNotUndoneByStreaming]' passed (0.000 seconds).
Test Case '-[MortimerHostTests.ResponseResultRouterTests testEmptyAssistantDoesNotOpenResultsAndCaptionShowsLatestWords]' started.
Test Case '-[MortimerHostTests.ResponseResultRouterTests testEmptyAssistantDoesNotOpenResultsAndCaptionShowsLatestWords]' passed (0.000 seconds).
Test Case '-[MortimerHostTests.ResponseResultRouterTests testIdenticalAnswersToSeparateRequestsRemainSeparateAndFollowResponses]' started.
Test Case '-[MortimerHostTests.ResponseResultRouterTests testIdenticalAnswersToSeparateRequestsRemainSeparateAndFollowResponses]' passed (0.000 seconds).
Test Case '-[MortimerHostTests.ResponseResultRouterTests testManyResponsesKeepStageBoundedAndHistoryAvailable]' started.
Test Case '-[MortimerHostTests.ResponseResultRouterTests testManyResponsesKeepStageBoundedAndHistoryAvailable]' passed (0.001 seconds).
Test Case '-[MortimerHostTests.ResponseResultRouterTests testStreamingAndToolSubturnsUpdateOneResultWithoutLosingReadingState]' started.
Test Case '-[MortimerHostTests.ResponseResultRouterTests testStreamingAndToolSubturnsUpdateOneResultWithoutLosingReadingState]' passed (0.000 seconds).
Test Case '-[MortimerHostTests.ResponseResultRouterTests testSupportingDisplayOwnsAnswerAndClosingReturnsItToMain]' started.
Test Case '-[MortimerHostTests.ResponseResultRouterTests testSupportingDisplayOwnsAnswerAndClosingReturnsItToMain]' passed (0.000 seconds).
Test Suite 'ResponseResultRouterTests' passed at 2026-09-28 21:41:35.212.
	 Executed 7 tests, with 0 failures (0 unexpected) in 0.006 (0.007) seconds
Test Suite 'RunsRequestOwnershipTests' started at 2026-09-28 21:41:35.212.
Test Case '-[MortimerHostTests.RunsRequestOwnershipTests testCancelledQueuedRefreshDoesNotStartAnotherRequest]' started.
Test Case '-[MortimerHostTests.RunsRequestOwnershipTests testCancelledQueuedRefreshDoesNotStartAnotherRequest]' passed (0.006 seconds).
Test Case '-[MortimerHostTests.RunsRequestOwnershipTests testDetailFailureIsVisibleInsteadOfAnEndlessSpinner]' started.
Test Case '-[MortimerHostTests.RunsRequestOwnershipTests testDetailFailureIsVisibleInsteadOfAnEndlessSpinner]' passed (0.043 seconds).
Test Case '-[MortimerHostTests.RunsRequestOwnershipTests testOldDetailCannotReplaceNewSelectionOrReopenClosedDetail]' started.
Test Case '-[MortimerHostTests.RunsRequestOwnershipTests testOldDetailCannotReplaceNewSelectionOrReopenClosedDetail]' passed (0.586 seconds).
Test Case '-[MortimerHostTests.RunsRequestOwnershipTests testOldFilterErrorCannotReplaceNewResults]' started.
Test Case '-[MortimerHostTests.RunsRequestOwnershipTests testOldFilterErrorCannotReplaceNewResults]' passed (0.323 seconds).
Test Suite 'RunsRequestOwnershipTests' passed at 2026-09-28 21:41:36.171.
	 Executed 4 tests, with 0 failures (0 unexpected) in 0.958 (0.958) seconds
Test Suite 'ScreenPlacementTests' started at 2026-09-28 21:41:36.171.
Test Case '-[MortimerHostTests.ScreenPlacementTests testAppliedMovesAreNotRecordedAsManualButLiveResizeIs]' started.
Test Case '-[MortimerHostTests.ScreenPlacementTests testAppliedMovesAreNotRecordedAsManualButLiveResizeIs]' passed (0.460 seconds).
Test Case '-[MortimerHostTests.ScreenPlacementTests testBurstOfSignalsCollapsesIntoOneRepositionThatRemembersTopology]' started.
Test Case '-[MortimerHostTests.ScreenPlacementTests testBurstOfSignalsCollapsesIntoOneRepositionThatRemembersTopology]' passed (0.006 seconds).
Test Case '-[MortimerHostTests.ScreenPlacementTests testConnectedExternalDisplayIsExposedToPlacementTopology]' started.
/Users/admin/mortimer/source/macos/MortimerHost/Tests/MortimerHostTests/ScreenPlacementTests.swift:69: -[MortimerHostTests.ScreenPlacementTests testConnectedExternalDisplayIsExposedToPlacementTopology] : Test skipped - requires at least two non-mirrored displays
Test Case '-[MortimerHostTests.ScreenPlacementTests testConnectedExternalDisplayIsExposedToPlacementTopology]' skipped (0.001 seconds).
Test Case '-[MortimerHostTests.ScreenPlacementTests testDetachedPanelPlacementClampsToRequestedVirtualScreen]' started.
Test Case '-[MortimerHostTests.ScreenPlacementTests testDetachedPanelPlacementClampsToRequestedVirtualScreen]' passed (0.004 seconds).
Test Case '-[MortimerHostTests.ScreenPlacementTests testDetachedPanelRecoversAcrossVirtualScreenDisconnectAndReconnect]' started.
Test Case '-[MortimerHostTests.ScreenPlacementTests testDetachedPanelRecoversAcrossVirtualScreenDisconnectAndReconnect]' passed (0.004 seconds).
Test Case '-[MortimerHostTests.ScreenPlacementTests testLostSupportingScreenRequestsDisplaySceneClosureBeforeFrameRecovery]' started.
Test Case '-[MortimerHostTests.ScreenPlacementTests testLostSupportingScreenRequestsDisplaySceneClosureBeforeFrameRecovery]' passed (0.009 seconds).
Test Case '-[MortimerHostTests.ScreenPlacementTests testPersistedRecordsDecodeOrAreRejectedFieldByField]' started.
Test Case '-[MortimerHostTests.ScreenPlacementTests testPersistedRecordsDecodeOrAreRejectedFieldByField]' passed (0.005 seconds).
Test Case '-[MortimerHostTests.ScreenPlacementTests testResetLayoutClearsOnlyPlacementState]' started.
Test Case '-[MortimerHostTests.ScreenPlacementTests testResetLayoutClearsOnlyPlacementState]' passed (0.087 seconds).
Test Case '-[MortimerHostTests.ScreenPlacementTests testWakeSessionScreensAndUnlockSignalsAllScheduleATopologyReposition]' started.
Test Case '-[MortimerHostTests.ScreenPlacementTests testWakeSessionScreensAndUnlockSignalsAllScheduleATopologyReposition]' passed (0.425 seconds).
Test Suite 'ScreenPlacementTests' passed at 2026-09-28 21:41:37.173.
	 Executed 9 tests, with 1 test skipped and 0 failures (0 unexpected) in 1.001 (1.002) seconds
Test Suite 'ScreenPlacementUserAdjustedTests' started at 2026-09-28 21:41:37.173.
Test Case '-[MortimerHostTests.ScreenPlacementUserAdjustedTests testAMoveIsUserAdjusted]' started.
Test Case '-[MortimerHostTests.ScreenPlacementUserAdjustedTests testAMoveIsUserAdjusted]' passed (0.000 seconds).
Test Case '-[MortimerHostTests.ScreenPlacementUserAdjustedTests testAPointOfAppKitRoundingIsNotUserAdjusted]' started.
Test Case '-[MortimerHostTests.ScreenPlacementUserAdjustedTests testAPointOfAppKitRoundingIsNotUserAdjusted]' passed (0.000 seconds).
Test Case '-[MortimerHostTests.ScreenPlacementUserAdjustedTests testAResizeIsUserAdjusted]' started.
Test Case '-[MortimerHostTests.ScreenPlacementUserAdjustedTests testAResizeIsUserAdjusted]' passed (0.000 seconds).
Test Case '-[MortimerHostTests.ScreenPlacementUserAdjustedTests testExactMatchIsNotUserAdjusted]' started.
Test Case '-[MortimerHostTests.ScreenPlacementUserAdjustedTests testExactMatchIsNotUserAdjusted]' passed (0.000 seconds).
Test Case '-[MortimerHostTests.ScreenPlacementUserAdjustedTests testNeverPlacedIsNotUserAdjusted]' started.
Test Case '-[MortimerHostTests.ScreenPlacementUserAdjustedTests testNeverPlacedIsNotUserAdjusted]' passed (0.000 seconds).
Test Suite 'ScreenPlacementUserAdjustedTests' passed at 2026-09-28 21:41:37.175.
	 Executed 5 tests, with 0 failures (0 unexpected) in 0.001 (0.002) seconds
Test Suite 'ShareCoordinatorTests' started at 2026-09-28 21:41:37.175.
Test Case '-[MortimerHostTests.ShareCoordinatorTests testEveryNonExternalPolicyFailsClosedAcrossTextSinks]' started.
Test Case '-[MortimerHostTests.ShareCoordinatorTests testEveryNonExternalPolicyFailsClosedAcrossTextSinks]' passed (0.003 seconds).
Test Case '-[MortimerHostTests.ShareCoordinatorTests testFailedWriterIsNeverReportedAsSaved]' started.
Test Case '-[MortimerHostTests.ShareCoordinatorTests testFailedWriterIsNeverReportedAsSaved]' passed (0.001 seconds).
Test Case '-[MortimerHostTests.ShareCoordinatorTests testImageShareRequiresExactApprovedResultReferenceAndReencodesBitmap]' started.
Test Case '-[MortimerHostTests.ShareCoordinatorTests testImageShareRequiresExactApprovedResultReferenceAndReencodesBitmap]' passed (0.002 seconds).
Test Case '-[MortimerHostTests.ShareCoordinatorTests testLocalExportCoordinatorCopiesOnlyAnUnprotectedResult]' started.
Test Case '-[MortimerHostTests.ShareCoordinatorTests testLocalExportCoordinatorCopiesOnlyAnUnprotectedResult]' passed (0.000 seconds).
Test Case '-[MortimerHostTests.ShareCoordinatorTests testPreviewIsAnImmutableSnapshot]' started.
Test Case '-[MortimerHostTests.ShareCoordinatorTests testPreviewIsAnImmutableSnapshot]' passed (0.000 seconds).
Test Case '-[MortimerHostTests.ShareCoordinatorTests testProtectedLocalResultCannotCreateSharePreview]' started.
Test Case '-[MortimerHostTests.ShareCoordinatorTests testProtectedLocalResultCannotCreateSharePreview]' passed (0.000 seconds).
Test Case '-[MortimerHostTests.ShareCoordinatorTests testSaveReportsActualWriterOutcomeAndCancelClearsPreview]' started.
Test Case '-[MortimerHostTests.ShareCoordinatorTests testSaveReportsActualWriterOutcomeAndCancelClearsPreview]' passed (0.001 seconds).
Test Suite 'ShareCoordinatorTests' passed at 2026-09-28 21:41:37.182.
	 Executed 7 tests, with 0 failures (0 unexpected) in 0.007 (0.007) seconds
Test Suite 'SkillsRenderedNavigationBenchmarkTests' started at 2026-09-28 21:41:37.182.
Test Case '-[MortimerHostTests.SkillsRenderedNavigationBenchmarkTests testRenderedCatalogSelectionAndCachedNavigationP95AtWideAndCompactSizes]' started.
Test Case '-[MortimerHostTests.SkillsRenderedNavigationBenchmarkTests testRenderedCatalogSelectionAndCachedNavigationP95AtWideAndCompactSizes]' passed (15.448 seconds).
Test Suite 'SkillsRenderedNavigationBenchmarkTests' passed at 2026-09-28 21:41:52.630.
	 Executed 1 test, with 0 failures (0 unexpected) in 15.448 (15.448) seconds
Test Suite 'SkillsStoreCatalogSelectionTests' started at 2026-09-28 21:41:52.630.
Test Case '-[MortimerHostTests.SkillsStoreCatalogSelectionTests testCachedDetailIsRevisionBoundAndRejectsMismatchedIdentity]' started.
Test Case '-[MortimerHostTests.SkillsStoreCatalogSelectionTests testCachedDetailIsRevisionBoundAndRejectsMismatchedIdentity]' passed (0.003 seconds).
Test Case '-[MortimerHostTests.SkillsStoreCatalogSelectionTests testCachedDetailResolutionP95OverOneHundredSamples]' started.
Test Case '-[MortimerHostTests.SkillsStoreCatalogSelectionTests testCachedDetailResolutionP95OverOneHundredSamples]' passed (0.010 seconds).
Test Case '-[MortimerHostTests.SkillsStoreCatalogSelectionTests testCachedStoreNavigationP95WithHundredSkillCatalog]' started.
Test Case '-[MortimerHostTests.SkillsStoreCatalogSelectionTests testCachedStoreNavigationP95WithHundredSkillCatalog]' passed (0.201 seconds).
Test Case '-[MortimerHostTests.SkillsStoreCatalogSelectionTests testDetailResolverRejectsWrongSkillOrPackageRevision]' started.
Test Case '-[MortimerHostTests.SkillsStoreCatalogSelectionTests testDetailResolverRejectsWrongSkillOrPackageRevision]' passed (0.000 seconds).
Test Case '-[MortimerHostTests.SkillsStoreCatalogSelectionTests testFailedDetailLoadDoesNotCreateCacheEntry]' started.
Test Case '-[MortimerHostTests.SkillsStoreCatalogSelectionTests testFailedDetailLoadDoesNotCreateCacheEntry]' passed (0.000 seconds).
Test Case '-[MortimerHostTests.SkillsStoreCatalogSelectionTests testNewRevisionReplacesOlderDetailAndCacheIsBounded]' started.
Test Case '-[MortimerHostTests.SkillsStoreCatalogSelectionTests testNewRevisionReplacesOlderDetailAndCacheIsBounded]' passed (0.002 seconds).
Test Case '-[MortimerHostTests.SkillsStoreCatalogSelectionTests testRepeatedAcceptedNavigationRequestsRemainObservableWithoutStateChanges]' started.
Test Case '-[MortimerHostTests.SkillsStoreCatalogSelectionTests testRepeatedAcceptedNavigationRequestsRemainObservableWithoutStateChanges]' passed (0.000 seconds).
Test Case '-[MortimerHostTests.SkillsStoreCatalogSelectionTests testRevisitingDetailUsesCacheAndChangedCatalogRevisionReloads]' started.
Test Case '-[MortimerHostTests.SkillsStoreCatalogSelectionTests testRevisitingDetailUsesCacheAndChangedCatalogRevisionReloads]' passed (0.000 seconds).
Test Case '-[MortimerHostTests.SkillsStoreCatalogSelectionTests testSelectionIncludesCatalogEntriesBeyondVoiceInventoryAndFirstPage]' started.
Test Case '-[MortimerHostTests.SkillsStoreCatalogSelectionTests testSelectionIncludesCatalogEntriesBeyondVoiceInventoryAndFirstPage]' passed (0.000 seconds).
Test Suite 'SkillsStoreCatalogSelectionTests' passed at 2026-09-28 21:41:52.848.
	 Executed 9 tests, with 0 failures (0 unexpected) in 0.217 (0.218) seconds
Test Suite 'SkillsWorkspaceAccessibilityStateTests' started at 2026-09-28 21:41:52.848.
Test Case '-[MortimerHostTests.SkillsWorkspaceAccessibilityStateTests testLargeTextProcessStepExposesExpandedStateToAccessibilityClients]' started.
Test Case '-[MortimerHostTests.SkillsWorkspaceAccessibilityStateTests testLargeTextProcessStepExposesExpandedStateToAccessibilityClients]' passed (0.565 seconds).
Test Suite 'SkillsWorkspaceAccessibilityStateTests' passed at 2026-09-28 21:41:53.413.
	 Executed 1 test, with 0 failures (0 unexpected) in 0.565 (0.565) seconds
Test Suite 'SkillsWorkspaceAccessibilityStatusTests' started at 2026-09-28 21:41:53.413.
Test Case '-[MortimerHostTests.SkillsWorkspaceAccessibilityStatusTests testProcessStepNavigationAnnouncesSelectionAndCollapseWithoutSpeakingStepIDs]' started.
Test Case '-[MortimerHostTests.SkillsWorkspaceAccessibilityStatusTests testProcessStepNavigationAnnouncesSelectionAndCollapseWithoutSpeakingStepIDs]' passed (0.000 seconds).
Test Case '-[MortimerHostTests.SkillsWorkspaceAccessibilityStatusTests testResourcesHaveIndependentDuplicateSuppressionAndGenericMessages]' started.
Test Case '-[MortimerHostTests.SkillsWorkspaceAccessibilityStatusTests testResourcesHaveIndependentDuplicateSuppressionAndGenericMessages]' passed (0.000 seconds).
Test Case '-[MortimerHostTests.SkillsWorkspaceAccessibilityStatusTests testStatusTransitionsAnnounceEachNewStateOnce]' started.
Test Case '-[MortimerHostTests.SkillsWorkspaceAccessibilityStatusTests testStatusTransitionsAnnounceEachNewStateOnce]' passed (0.000 seconds).
Test Suite 'SkillsWorkspaceAccessibilityStatusTests' passed at 2026-09-28 21:41:53.414.
	 Executed 3 tests, with 0 failures (0 unexpected) in 0.001 (0.001) seconds
Test Suite 'SkillsWorkspacePresentationPolicyTests' started at 2026-09-28 21:41:53.414.
Test Case '-[MortimerHostTests.SkillsWorkspacePresentationPolicyTests testAccessibilityTextUsesSinglePaneEvenOnWideDisplays]' started.
Test Case '-[MortimerHostTests.SkillsWorkspacePresentationPolicyTests testAccessibilityTextUsesSinglePaneEvenOnWideDisplays]' passed (0.000 seconds).
Test Case '-[MortimerHostTests.SkillsWorkspacePresentationPolicyTests testCreatorActivityKeepsRefreshingAfterDeveloperFinishes]' started.
Test Case '-[MortimerHostTests.SkillsWorkspacePresentationPolicyTests testCreatorActivityKeepsRefreshingAfterDeveloperFinishes]' passed (0.000 seconds).
Test Case '-[MortimerHostTests.SkillsWorkspacePresentationPolicyTests testCreatorOpenRequiresAuthoringCapabilityAndCatalogRevision]' started.
Test Case '-[MortimerHostTests.SkillsWorkspacePresentationPolicyTests testCreatorOpenRequiresAuthoringCapabilityAndCatalogRevision]' passed (0.000 seconds).
Test Case '-[MortimerHostTests.SkillsWorkspacePresentationPolicyTests testDisabledPackageStillSurfacesUnexpectedBlockersAndFailedVerification]' started.
Test Case '-[MortimerHostTests.SkillsWorkspacePresentationPolicyTests testDisabledPackageStillSurfacesUnexpectedBlockersAndFailedVerification]' passed (0.000 seconds).
Test Case '-[MortimerHostTests.SkillsWorkspacePresentationPolicyTests testGuidanceAndBranchingProcessesExposeDeclaredEdges]' started.
Test Case '-[MortimerHostTests.SkillsWorkspacePresentationPolicyTests testGuidanceAndBranchingProcessesExposeDeclaredEdges]' passed (0.000 seconds).
Test Case '-[MortimerHostTests.SkillsWorkspacePresentationPolicyTests testInstalledUnknownReadinessAndFailedVerificationNeedAttention]' started.
Test Case '-[MortimerHostTests.SkillsWorkspacePresentationPolicyTests testInstalledUnknownReadinessAndFailedVerificationNeedAttention]' passed (0.000 seconds).
Test Case '-[MortimerHostTests.SkillsWorkspacePresentationPolicyTests testIntentionallyDisabledPackageDoesNotLookLikeAnActionableAlert]' started.
Test Case '-[MortimerHostTests.SkillsWorkspacePresentationPolicyTests testIntentionallyDisabledPackageDoesNotLookLikeAnActionableAlert]' passed (0.000 seconds).
Test Case '-[MortimerHostTests.SkillsWorkspacePresentationPolicyTests testLateSkillDetailResponsesCannotReplaceTheCurrentSelection]' started.
Test Case '-[MortimerHostTests.SkillsWorkspacePresentationPolicyTests testLateSkillDetailResponsesCannotReplaceTheCurrentSelection]' passed (0.000 seconds).
Test Case '-[MortimerHostTests.SkillsWorkspacePresentationPolicyTests testNormalActivityPollingSettlesWhileRunningRunsStayResponsive]' started.
Test Case '-[MortimerHostTests.SkillsWorkspacePresentationPolicyTests testNormalActivityPollingSettlesWhileRunningRunsStayResponsive]' passed (0.000 seconds).
Test Case '-[MortimerHostTests.SkillsWorkspacePresentationPolicyTests testProposedSkillIsNotFlaggedOnlyBecauseItIsNotEnabledYet]' started.
Test Case '-[MortimerHostTests.SkillsWorkspacePresentationPolicyTests testProposedSkillIsNotFlaggedOnlyBecauseItIsNotEnabledYet]' passed (0.000 seconds).
Test Suite 'SkillsWorkspacePresentationPolicyTests' passed at 2026-09-28 21:41:53.415.
	 Executed 10 tests, with 0 failures (0 unexpected) in 0.001 (0.001) seconds
Test Suite 'SkillsWorkspaceRenderingTests' started at 2026-09-28 21:41:53.415.
Test Case '-[MortimerHostTests.SkillsWorkspaceRenderingTests testAccessibilitySizeEnvironmentKeepsProcessDetailsExposedInCompactLayout]' started.
Test Case '-[MortimerHostTests.SkillsWorkspaceRenderingTests testAccessibilitySizeEnvironmentKeepsProcessDetailsExposedInCompactLayout]' passed (0.182 seconds).
Test Case '-[MortimerHostTests.SkillsWorkspaceRenderingTests testActivityCurrentStepAndNonStepEventsAvoidUnnecessaryRevisionLabel]' started.
Test Case '-[MortimerHostTests.SkillsWorkspaceRenderingTests testActivityCurrentStepAndNonStepEventsAvoidUnnecessaryRevisionLabel]' passed (0.001 seconds).
Test Case '-[MortimerHostTests.SkillsWorkspaceRenderingTests testActivityEmptyStateDoesNotInventCompletionForMissingTrace]' started.
Test Case '-[MortimerHostTests.SkillsWorkspaceRenderingTests testActivityEmptyStateDoesNotInventCompletionForMissingTrace]' passed (0.000 seconds).
Test Case '-[MortimerHostTests.SkillsWorkspaceRenderingTests testActivityExplainsToolObservationWithoutClaimingStepCompletion]' started.
Test Case '-[MortimerHostTests.SkillsWorkspaceRenderingTests testActivityExplainsToolObservationWithoutClaimingStepCompletion]' passed (0.000 seconds).
Test Case '-[MortimerHostTests.SkillsWorkspaceRenderingTests testActivityFallbackDoesNotRenderUntrustedStepIDText]' started.
Test Case '-[MortimerHostTests.SkillsWorkspaceRenderingTests testActivityFallbackDoesNotRenderUntrustedStepIDText]' passed (0.000 seconds).
Test Case '-[MortimerHostTests.SkillsWorkspaceRenderingTests testActivityHistoricalStepUsesIDInsteadOfCurrentRevisionTitle]' started.
Test Case '-[MortimerHostTests.SkillsWorkspaceRenderingTests testActivityHistoricalStepUsesIDInsteadOfCurrentRevisionTitle]' passed (0.000 seconds).
Test Case '-[MortimerHostTests.SkillsWorkspaceRenderingTests testActivityHistoricalStepUsesOpaqueIDAndRevisionInsteadOfCurrentTitle]' started.
Test Case '-[MortimerHostTests.SkillsWorkspaceRenderingTests testActivityHistoricalStepUsesOpaqueIDAndRevisionInsteadOfCurrentTitle]' passed (0.000 seconds).
Test Case '-[MortimerHostTests.SkillsWorkspaceRenderingTests testActivityMergeDeduplicatesEventIDsAndKeepsExistingEvidence]' started.
Test Case '-[MortimerHostTests.SkillsWorkspaceRenderingTests testActivityMergeDeduplicatesEventIDsAndKeepsExistingEvidence]' passed (0.001 seconds).
Test Case '-[MortimerHostTests.SkillsWorkspaceRenderingTests testActivityMergeExcludesEventsFromOtherRuns]' started.
Test Case '-[MortimerHostTests.SkillsWorkspaceRenderingTests testActivityMergeExcludesEventsFromOtherRuns]' passed (0.000 seconds).
Test Case '-[MortimerHostTests.SkillsWorkspaceRenderingTests testActivityMergeSortsOutOfOrderPagesIntoStrictSequenceOrder]' started.
Test Case '-[MortimerHostTests.SkillsWorkspaceRenderingTests testActivityMergeSortsOutOfOrderPagesIntoStrictSequenceOrder]' passed (0.000 seconds).
Test Case '-[MortimerHostTests.SkillsWorkspaceRenderingTests testActivityRefreshKeyTracksReconnectWithoutIncludingFailureDetails]' started.
Test Case '-[MortimerHostTests.SkillsWorkspaceRenderingTests testActivityRefreshKeyTracksReconnectWithoutIncludingFailureDetails]' passed (0.000 seconds).
Test Case '-[MortimerHostTests.SkillsWorkspaceRenderingTests testActivityResponseFromAStaleOrCancelledRunCannotReplaceSelection]' started.
Test Case '-[MortimerHostTests.SkillsWorkspaceRenderingTests testActivityResponseFromAStaleOrCancelledRunCannotReplaceSelection]' passed (0.000 seconds).
Test Case '-[MortimerHostTests.SkillsWorkspaceRenderingTests testActivityResponseFromEarlierSameRunSelectionIsRejectedAfterAtoBtoA]' started.
Test Case '-[MortimerHostTests.SkillsWorkspaceRenderingTests testActivityResponseFromEarlierSameRunSelectionIsRejectedAfterAtoBtoA]' passed (0.000 seconds).
Test Case '-[MortimerHostTests.SkillsWorkspaceRenderingTests testCreatorSheetRendersItsShortLivedBriefForm]' started.
Test Case '-[MortimerHostTests.SkillsWorkspaceRenderingTests testCreatorSheetRendersItsShortLivedBriefForm]' passed (0.037 seconds).
Test Case '-[MortimerHostTests.SkillsWorkspaceRenderingTests testDeclaredSyntheticExampleFetchesAndRendersInSelectedSkillOverview]' started.
Test Case '-[MortimerHostTests.SkillsWorkspaceRenderingTests testDeclaredSyntheticExampleFetchesAndRendersInSelectedSkillOverview]' passed (0.699 seconds).
Test Case '-[MortimerHostTests.SkillsWorkspaceRenderingTests testLibraryAndSelectedProcessStepRenderAtWideAndNarrowWidths]' started.
Test Case '-[MortimerHostTests.SkillsWorkspaceRenderingTests testLibraryAndSelectedProcessStepRenderAtWideAndNarrowWidths]' passed (2.500 seconds).
Test Case '-[MortimerHostTests.SkillsWorkspaceRenderingTests testSelectingSameSkillPreservesActivityInspection]' started.
Test Case '-[MortimerHostTests.SkillsWorkspaceRenderingTests testSelectingSameSkillPreservesActivityInspection]' passed (0.000 seconds).
Test Case '-[MortimerHostTests.SkillsWorkspaceRenderingTests testSharedSkillSwitchClearsPreviousActivityInspection]' started.
Test Case '-[MortimerHostTests.SkillsWorkspaceRenderingTests testSharedSkillSwitchClearsPreviousActivityInspection]' passed (0.000 seconds).
Test Case '-[MortimerHostTests.SkillsWorkspaceRenderingTests testSkillDetailTransferRequiresAnotherDisplayAndKeepsSingleScreenInline]' started.
Test Case '-[MortimerHostTests.SkillsWorkspaceRenderingTests testSkillDetailTransferRequiresAnotherDisplayAndKeepsSingleScreenInline]' passed (0.000 seconds).
Test Case '-[MortimerHostTests.SkillsWorkspaceRenderingTests testVersionsViewSeparatesInstalledPinFromCandidateAndDisclaimsHistory]' started.
Test Case '-[MortimerHostTests.SkillsWorkspaceRenderingTests testVersionsViewSeparatesInstalledPinFromCandidateAndDisclaimsHistory]' passed (0.755 seconds).
Test Suite 'SkillsWorkspaceRenderingTests' passed at 2026-09-28 21:41:57.592.
	 Executed 20 tests, with 0 failures (0 unexpected) in 4.176 (4.177) seconds
Test Suite 'SupportingDisplayAcceptanceTests' started at 2026-09-28 21:41:57.592.
Test Case '-[MortimerHostTests.SupportingDisplayAcceptanceTests testFourResultStageRendersAVisibleBoundedGrid]' started.
Test Case '-[MortimerHostTests.SupportingDisplayAcceptanceTests testFourResultStageRendersAVisibleBoundedGrid]' passed (0.937 seconds).
Test Case '-[MortimerHostTests.SupportingDisplayAcceptanceTests testPointerSelectedResultSharesStageOnConnectedDisplays]' started.
/Users/admin/mortimer/source/macos/MortimerHost/Tests/MortimerHostTests/SupportingDisplayAcceptanceTests.swift:70: -[MortimerHostTests.SupportingDisplayAcceptanceTests testPointerSelectedResultSharesStageOnConnectedDisplays] : Test skipped - requires two connected displays
Test Case '-[MortimerHostTests.SupportingDisplayAcceptanceTests testPointerSelectedResultSharesStageOnConnectedDisplays]' skipped (0.000 seconds).
Test Case '-[MortimerHostTests.SupportingDisplayAcceptanceTests testReturningToOriginalPanelsPreservesResearchPinsAndReadingState]' started.
Test Case '-[MortimerHostTests.SupportingDisplayAcceptanceTests testReturningToOriginalPanelsPreservesResearchPinsAndReadingState]' passed (3.121 seconds).
Test Case '-[MortimerHostTests.SupportingDisplayAcceptanceTests testStreamedResponseRendersOnlyOnSupportingDisplayThenReturnsToMain]' started.
/Users/admin/mortimer/source/macos/MortimerHost/Tests/MortimerHostTests/SupportingDisplayAcceptanceTests.swift:16: -[MortimerHostTests.SupportingDisplayAcceptanceTests testStreamedResponseRendersOnlyOnSupportingDisplayThenReturnsToMain] : Test skipped - requires two connected displays
Test Case '-[MortimerHostTests.SupportingDisplayAcceptanceTests testStreamedResponseRendersOnlyOnSupportingDisplayThenReturnsToMain]' skipped (0.000 seconds).
Test Suite 'SupportingDisplayAcceptanceTests' passed at 2026-09-28 21:42:01.651.
	 Executed 4 tests, with 2 tests skipped and 0 failures (0 unexpected) in 4.058 (4.059) seconds
Test Suite 'TabStateTests' started at 2026-09-28 21:42:01.651.
Test Case '-[MortimerHostTests.TabStateTests testEmptyListMapsToEmpty]' started.
Test Case '-[MortimerHostTests.TabStateTests testEmptyListMapsToEmpty]' passed (0.000 seconds).
Test Case '-[MortimerHostTests.TabStateTests testLoadedOtherwise]' started.
Test Case '-[MortimerHostTests.TabStateTests testLoadedOtherwise]' passed (0.000 seconds).
Test Case '-[MortimerHostTests.TabStateTests testOkFalseMapsToError]' started.
Test Case '-[MortimerHostTests.TabStateTests testOkFalseMapsToError]' passed (0.000 seconds).
Test Case '-[MortimerHostTests.TabStateTests testOkFalseWithNoErrorGetsDefaultCopy]' started.
Test Case '-[MortimerHostTests.TabStateTests testOkFalseWithNoErrorGetsDefaultCopy]' passed (0.000 seconds).
Test Case '-[MortimerHostTests.TabStateTests testThrowMapsToError]' started.
Test Case '-[MortimerHostTests.TabStateTests testThrowMapsToError]' passed (0.000 seconds).
Test Case '-[MortimerHostTests.TabStateTests testUnauthorizedNoRetry]' started.
Test Case '-[MortimerHostTests.TabStateTests testUnauthorizedNoRetry]' passed (0.061 seconds).
Test Suite 'TabStateTests' passed at 2026-09-28 21:42:01.713.
	 Executed 6 tests, with 0 failures (0 unexpected) in 0.062 (0.062) seconds
Test Suite 'TabStripViewportTests' started at 2026-09-28 21:42:01.713.
Test Case '-[MortimerHostTests.TabStripViewportTests testBackRevealsNearestHiddenTabRatherThanJumpingToStart]' started.
Test Case '-[MortimerHostTests.TabStripViewportTests testBackRevealsNearestHiddenTabRatherThanJumpingToStart]' passed (0.000 seconds).
Test Case '-[MortimerHostTests.TabStripViewportTests testFittingHeaderHasNoScrollControls]' started.
Test Case '-[MortimerHostTests.TabStripViewportTests testFittingHeaderHasNoScrollControls]' passed (0.000 seconds).
Test Case '-[MortimerHostTests.TabStripViewportTests testForwardRevealsFirstPartiallyHiddenTab]' started.
Test Case '-[MortimerHostTests.TabStripViewportTests testForwardRevealsFirstPartiallyHiddenTab]' passed (0.000 seconds).
Test Case '-[MortimerHostTests.TabStripViewportTests testSubpixelRoundingAndRubberBandingDoNotEnableEndArrow]' started.
Test Case '-[MortimerHostTests.TabStripViewportTests testSubpixelRoundingAndRubberBandingDoNotEnableEndArrow]' passed (0.000 seconds).
Test Case '-[MortimerHostTests.TabStripViewportTests testUnmeasuredTabsDoNotProduceInventedScrollTargets]' started.
Test Case '-[MortimerHostTests.TabStripViewportTests testUnmeasuredTabsDoNotProduceInventedScrollTargets]' passed (0.000 seconds).
Test Suite 'TabStripViewportTests' passed at 2026-09-28 21:42:01.714.
	 Executed 5 tests, with 0 failures (0 unexpected) in 0.001 (0.001) seconds
Test Suite 'UICommandRouterTests' started at 2026-09-28 21:42:01.714.
Test Case '-[MortimerHostTests.UICommandRouterTests testDisplayCloseDismissesWindow]' started.
Test Case '-[MortimerHostTests.UICommandRouterTests testDisplayCloseDismissesWindow]' passed (0.000 seconds).
Test Case '-[MortimerHostTests.UICommandRouterTests testDisplayPopoutOpensDisplay]' started.
Test Case '-[MortimerHostTests.UICommandRouterTests testDisplayPopoutOpensDisplay]' passed (0.000 seconds).
Test Case '-[MortimerHostTests.UICommandRouterTests testDrawerCloseDismissesWindow]' started.
Test Case '-[MortimerHostTests.UICommandRouterTests testDrawerCloseDismissesWindow]' passed (0.001 seconds).
Test Case '-[MortimerHostTests.UICommandRouterTests testDrawerOpenOpensAndSetsTab]' started.
Test Case '-[MortimerHostTests.UICommandRouterTests testDrawerOpenOpensAndSetsTab]' passed (0.000 seconds).
Test Case '-[MortimerHostTests.UICommandRouterTests testDrawerOpenWithNoTabJustOpens]' started.
Test Case '-[MortimerHostTests.UICommandRouterTests testDrawerOpenWithNoTabJustOpens]' passed (0.000 seconds).
Test Case '-[MortimerHostTests.UICommandRouterTests testDrawerPopinRedocks]' started.
Test Case '-[MortimerHostTests.UICommandRouterTests testDrawerPopinRedocks]' passed (0.000 seconds).
Test Case '-[MortimerHostTests.UICommandRouterTests testDrawerPopoutCallsWindowPlacement]' started.
Test Case '-[MortimerHostTests.UICommandRouterTests testDrawerPopoutCallsWindowPlacement]' passed (0.000 seconds).
Test Case '-[MortimerHostTests.UICommandRouterTests testDrawerTabSwitchesActiveTab]' started.
Test Case '-[MortimerHostTests.UICommandRouterTests testDrawerTabSwitchesActiveTab]' passed (0.000 seconds).
Test Case '-[MortimerHostTests.UICommandRouterTests testMicActionsNotDoubleHandled]' started.
Test Case '-[MortimerHostTests.UICommandRouterTests testMicActionsNotDoubleHandled]' passed (0.000 seconds).
Test Case '-[MortimerHostTests.UICommandRouterTests testOverlayDismissClearsPanel]' started.
Test Case '-[MortimerHostTests.UICommandRouterTests testOverlayDismissClearsPanel]' passed (0.000 seconds).
Test Suite 'UICommandRouterTests' passed at 2026-09-28 21:42:01.717.
	 Executed 10 tests, with 0 failures (0 unexpected) in 0.003 (0.003) seconds
Test Suite 'VoicePresentationStateTests' started at 2026-09-28 21:42:01.717.
Test Case '-[MortimerHostTests.VoicePresentationStateTests testDisconnectedAndConnectingIgnoreSpeakingObservations]' started.
Test Case '-[MortimerHostTests.VoicePresentationStateTests testDisconnectedAndConnectingIgnoreSpeakingObservations]' passed (0.000 seconds).
Test Case '-[MortimerHostTests.VoicePresentationStateTests testEnvelopeDependsOnElapsedTimeAndUnavailableClearsImmediately]' started.
Test Case '-[MortimerHostTests.VoicePresentationStateTests testEnvelopeDependsOnElapsedTimeAndUnavailableClearsImmediately]' passed (0.000 seconds).
Test Case '-[MortimerHostTests.VoicePresentationStateTests testLateSnapshotCannotRenewOriginalMeasurementDeadline]' started.
Test Case '-[MortimerHostTests.VoicePresentationStateTests testLateSnapshotCannotRenewOriginalMeasurementDeadline]' passed (0.000 seconds).
Test Case '-[MortimerHostTests.VoicePresentationStateTests testMutedInputPreservesMeasuredMortimerSpeech]' started.
Test Case '-[MortimerHostTests.VoicePresentationStateTests testMutedInputPreservesMeasuredMortimerSpeech]' passed (0.000 seconds).
Test Case '-[MortimerHostTests.VoicePresentationStateTests testMuteDoesNotHideAssistantAndMissingLevelsStayUnavailable]' started.
Test Case '-[MortimerHostTests.VoicePresentationStateTests testMuteDoesNotHideAssistantAndMissingLevelsStayUnavailable]' passed (0.000 seconds).
Test Case '-[MortimerHostTests.VoicePresentationStateTests testOverlapPrioritizesUserWithoutInventingInterruption]' started.
Test Case '-[MortimerHostTests.VoicePresentationStateTests testOverlapPrioritizesUserWithoutInventingInterruption]' passed (0.000 seconds).
Test Case '-[MortimerHostTests.VoicePresentationStateTests testSilenceDoesNotInventThinkingAndStaleSessionCannotSpeak]' started.
Test Case '-[MortimerHostTests.VoicePresentationStateTests testSilenceDoesNotInventThinkingAndStaleSessionCannotSpeak]' passed (0.000 seconds).
Test Suite 'VoicePresentationStateTests' passed at 2026-09-28 21:42:01.718.
	 Executed 7 tests, with 0 failures (0 unexpected) in 0.001 (0.001) seconds
Test Suite 'VoiceWaveRenderingTests' started at 2026-09-28 21:42:01.718.
Test Case '-[MortimerHostTests.VoiceWaveRenderingTests testAtomNucleusFollowsCurrentTalkerColor]' started.
Test Case '-[MortimerHostTests.VoiceWaveRenderingTests testAtomNucleusFollowsCurrentTalkerColor]' passed (0.228 seconds).
Test Case '-[MortimerHostTests.VoiceWaveRenderingTests testAtomRendersBothMeasuredChannelsDuringOverlap]' started.
Test Case '-[MortimerHostTests.VoiceWaveRenderingTests testAtomRendersBothMeasuredChannelsDuringOverlap]' passed (0.549 seconds).
Test Case '-[MortimerHostTests.VoiceWaveRenderingTests testConnectedMutedOrbMatchesIdleAndKeepsMoving]' started.
Test Case '-[MortimerHostTests.VoiceWaveRenderingTests testConnectedMutedOrbMatchesIdleAndKeepsMoving]' passed (0.274 seconds).
Test Case '-[MortimerHostTests.VoiceWaveRenderingTests testIdleNucleusUsesPeriwinkle]' started.
Test Case '-[MortimerHostTests.VoiceWaveRenderingTests testIdleNucleusUsesPeriwinkle]' passed (0.084 seconds).
Test Case '-[MortimerHostTests.VoiceWaveRenderingTests testListeningWithoutMeterKeepsReadyTraceAlive]' started.
Test Case '-[MortimerHostTests.VoiceWaveRenderingTests testListeningWithoutMeterKeepsReadyTraceAlive]' passed (0.176 seconds).
Test Case '-[MortimerHostTests.VoiceWaveRenderingTests testMeasuredSpeakersUseDistinctRenderedColors]' started.
Test Case '-[MortimerHostTests.VoiceWaveRenderingTests testMeasuredSpeakersUseDistinctRenderedColors]' passed (1.129 seconds).
Test Case '-[MortimerHostTests.VoiceWaveRenderingTests testMutedReducedMotionAndDisconnectedOrbRemainStill]' started.
Test Case '-[MortimerHostTests.VoiceWaveRenderingTests testMutedReducedMotionAndDisconnectedOrbRemainStill]' passed (0.370 seconds).
Test Case '-[MortimerHostTests.VoiceWaveRenderingTests testOrbitalTravelIsBoundedWhenAudioChangesAtLongUptime]' started.
Test Case '-[MortimerHostTests.VoiceWaveRenderingTests testOrbitalTravelIsBoundedWhenAudioChangesAtLongUptime]' passed (0.000 seconds).
Test Case '-[MortimerHostTests.VoiceWaveRenderingTests testReducedMotionFreezesIdlePlasmaAndComets]' started.
Test Case '-[MortimerHostTests.VoiceWaveRenderingTests testReducedMotionFreezesIdlePlasmaAndComets]' passed (0.186 seconds).
Test Case '-[MortimerHostTests.VoiceWaveRenderingTests testUnavailableSpeechRendersIdenticallyAcrossTime]' started.
Test Case '-[MortimerHostTests.VoiceWaveRenderingTests testUnavailableSpeechRendersIdenticallyAcrossTime]' passed (0.179 seconds).
Test Suite 'VoiceWaveRenderingTests' passed at 2026-09-28 21:42:04.895.
	 Executed 10 tests, with 0 failures (0 unexpected) in 3.177 (3.177) seconds
Test Suite 'WindowVisibilityTests' started at 2026-09-28 21:42:04.895.
Test Case '-[MortimerHostTests.WindowVisibilityTests testActualWindowHideShowAndDetachUpdateVisibility]' started.
/Users/admin/mortimer/source/macos/MortimerHost/Tests/MortimerHostTests/WindowVisibilityTests.swift:25: -[MortimerHostTests.WindowVisibilityTests testActualWindowHideShowAndDetachUpdateVisibility] : Test skipped - the test host cannot become the active app in this WindowServer session
Test Case '-[MortimerHostTests.WindowVisibilityTests testActualWindowHideShowAndDetachUpdateVisibility]' skipped (2.069 seconds).
Test Case '-[MortimerHostTests.WindowVisibilityTests testReducedMotionKeepsVisibleWaveStatic]' started.
/Users/admin/mortimer/source/macos/MortimerHost/Tests/MortimerHostTests/WindowVisibilityTests.swift:25: -[MortimerHostTests.WindowVisibilityTests testReducedMotionKeepsVisibleWaveStatic] : Test skipped - the test host cannot become the active app in this WindowServer session
Test Case '-[MortimerHostTests.WindowVisibilityTests testReducedMotionKeepsVisibleWaveStatic]' skipped (2.048 seconds).
Test Case '-[MortimerHostTests.WindowVisibilityTests testStoppedObserverCannotDeliverQueuedState]' started.
Test Case '-[MortimerHostTests.WindowVisibilityTests testStoppedObserverCannotDeliverQueuedState]' passed (0.132 seconds).
Test Case '-[MortimerHostTests.WindowVisibilityTests testWaveStopsSamplingWhileWindowHiddenAndResumes]' started.
/Users/admin/mortimer/source/macos/MortimerHost/Tests/MortimerHostTests/WindowVisibilityTests.swift:25: -[MortimerHostTests.WindowVisibilityTests testWaveStopsSamplingWhileWindowHiddenAndResumes] : Test skipped - the test host cannot become the active app in this WindowServer session
Test Case '-[MortimerHostTests.WindowVisibilityTests testWaveStopsSamplingWhileWindowHiddenAndResumes]' skipped (2.074 seconds).
Test Suite 'WindowVisibilityTests' passed at 2026-09-28 21:42:11.218.
	 Executed 4 tests, with 3 tests skipped and 0 failures (0 unexpected) in 6.323 (6.323) seconds
Test Suite 'WorkspaceRenderingTests' started at 2026-09-28 21:42:11.218.
Test Case '-[MortimerHostTests.WorkspaceRenderingTests testWorkspaceRendersAtMinimumReadableWidthAndInComparison]' started.
Test Case '-[MortimerHostTests.WorkspaceRenderingTests testWorkspaceRendersAtMinimumReadableWidthAndInComparison]' passed (0.748 seconds).
Test Suite 'WorkspaceRenderingTests' passed at 2026-09-28 21:42:11.967.
	 Executed 1 test, with 0 failures (0 unexpected) in 0.748 (0.748) seconds
Test Suite 'WorkspaceResultDetailsTests' started at 2026-09-28 21:42:11.967.
Test Case '-[MortimerHostTests.WorkspaceResultDetailsTests testExportPreservesSuppliedFieldsButNeverIncludesClipboard]' started.
Test Case '-[MortimerHostTests.WorkspaceResultDetailsTests testExportPreservesSuppliedFieldsButNeverIncludesClipboard]' passed (0.000 seconds).
Test Case '-[MortimerHostTests.WorkspaceResultDetailsTests testExportSuccessFollowsActualWriteAndFailureIsNotReportedAsSaved]' started.
Test Case '-[MortimerHostTests.WorkspaceResultDetailsTests testExportSuccessFollowsActualWriteAndFailureIsNotReportedAsSaved]' passed (0.003 seconds).
Test Case '-[MortimerHostTests.WorkspaceResultDetailsTests testOnlyWebSourceAddressesAreOpenable]' started.
Test Case '-[MortimerHostTests.WorkspaceResultDetailsTests testOnlyWebSourceAddressesAreOpenable]' passed (0.000 seconds).
Test Case '-[MortimerHostTests.WorkspaceResultDetailsTests testProtectedResultCannotReachFileWriterEvenWhenCalledDirectly]' started.
Test Case '-[MortimerHostTests.WorkspaceResultDetailsTests testProtectedResultCannotReachFileWriterEvenWhenCalledDirectly]' passed (0.000 seconds).
Test Case '-[MortimerHostTests.WorkspaceResultDetailsTests testScopedExportUsesOneBasedDeterministicSections]' started.
Test Case '-[MortimerHostTests.WorkspaceResultDetailsTests testScopedExportUsesOneBasedDeterministicSections]' passed (0.000 seconds).
Test Case '-[MortimerHostTests.WorkspaceResultDetailsTests testSourceInspectionSurvivesPresentationChangesWithoutChangingSelectionOrScroll]' started.
Test Case '-[MortimerHostTests.WorkspaceResultDetailsTests testSourceInspectionSurvivesPresentationChangesWithoutChangingSelectionOrScroll]' passed (0.000 seconds).
Test Suite 'WorkspaceResultDetailsTests' passed at 2026-09-28 21:42:11.972.
	 Executed 6 tests, with 0 failures (0 unexpected) in 0.004 (0.005) seconds
Test Suite 'WorkspaceSourcesRenderingTests' started at 2026-09-28 21:42:11.972.
Test Case '-[MortimerHostTests.WorkspaceSourcesRenderingTests testSourceListAndWideInspectorRender]' started.
Test Case '-[MortimerHostTests.WorkspaceSourcesRenderingTests testSourceListAndWideInspectorRender]' passed (0.540 seconds).
Test Suite 'WorkspaceSourcesRenderingTests' passed at 2026-09-28 21:42:12.512.
	 Executed 1 test, with 0 failures (0 unexpected) in 0.540 (0.540) seconds
Test Suite 'WorkspaceStoreTests' started at 2026-09-28 21:42:12.512.
Test Case '-[MortimerHostTests.WorkspaceStoreTests testArrivalPreservesReadingComparisonAndScroll]' started.
Test Case '-[MortimerHostTests.WorkspaceStoreTests testArrivalPreservesReadingComparisonAndScroll]' passed (0.000 seconds).
Test Case '-[MortimerHostTests.WorkspaceStoreTests testCloseActivePromotesComparisonAndRemovesOnlyItsMetadata]' started.
Test Case '-[MortimerHostTests.WorkspaceStoreTests testCloseActivePromotesComparisonAndRemovesOnlyItsMetadata]' passed (0.000 seconds).
Test Case '-[MortimerHostTests.WorkspaceStoreTests testClosingWorkspaceTabPreservesOutputHistoryAndSharedIdentity]' started.
Test Case '-[MortimerHostTests.WorkspaceStoreTests testClosingWorkspaceTabPreservesOutputHistoryAndSharedIdentity]' passed (0.001 seconds).
Test Case '-[MortimerHostTests.WorkspaceStoreTests testConsoleInventoryJSONContainsBoundedTargetsWithoutResultBody]' started.
Test Case '-[MortimerHostTests.WorkspaceStoreTests testConsoleInventoryJSONContainsBoundedTargetsWithoutResultBody]' passed (0.000 seconds).
Test Case '-[MortimerHostTests.WorkspaceStoreTests testConsoleInventoryRevisionTracksSelectionAndModeChanges]' started.
Test Case '-[MortimerHostTests.WorkspaceStoreTests testConsoleInventoryRevisionTracksSelectionAndModeChanges]' passed (0.000 seconds).
Test Case '-[MortimerHostTests.WorkspaceStoreTests testExplicitConversationChoiceSurvivesNewResults]' started.
Test Case '-[MortimerHostTests.WorkspaceStoreTests testExplicitConversationChoiceSurvivesNewResults]' passed (0.000 seconds).
Test Case '-[MortimerHostTests.WorkspaceStoreTests testFirstResultDoesNotUndoReturnFromGraphToConversation]' started.
Test Case '-[MortimerHostTests.WorkspaceStoreTests testFirstResultDoesNotUndoReturnFromGraphToConversation]' passed (0.000 seconds).
Test Case '-[MortimerHostTests.WorkspaceStoreTests testFirstResultStillOpensWorkspaceWithoutExplicitNavigation]' started.
Test Case '-[MortimerHostTests.WorkspaceStoreTests testFirstResultStillOpensWorkspaceWithoutExplicitNavigation]' passed (0.000 seconds).
Test Case '-[MortimerHostTests.WorkspaceStoreTests testFirstResultWhileBrowsingGraphIsUnreadAndPreservesGraph]' started.
Test Case '-[MortimerHostTests.WorkspaceStoreTests testFirstResultWhileBrowsingGraphIsUnreadAndPreservesGraph]' passed (0.000 seconds).
Test Case '-[MortimerHostTests.WorkspaceStoreTests testGraphDisplayAssignmentReusesGraphOwnerAndKeepsCompactComparisonChoice]' started.
Test Case '-[MortimerHostTests.WorkspaceStoreTests testGraphDisplayAssignmentReusesGraphOwnerAndKeepsCompactComparisonChoice]' passed (0.000 seconds).
Test Case '-[MortimerHostTests.WorkspaceStoreTests testIdenticalPayloadsAreDistinctButSameReceiptIsNotDuplicated]' started.
Test Case '-[MortimerHostTests.WorkspaceStoreTests testIdenticalPayloadsAreDistinctButSameReceiptIsNotDuplicated]' passed (0.000 seconds).
Test Case '-[MortimerHostTests.WorkspaceStoreTests testOutputExpansionBelongsToHistoryAndDoesNotReopenCollapsedItems]' started.
Test Case '-[MortimerHostTests.WorkspaceStoreTests testOutputExpansionBelongsToHistoryAndDoesNotReopenCollapsedItems]' passed (0.000 seconds).
Test Case '-[MortimerHostTests.WorkspaceStoreTests testPinLimitRefusesWithoutEviction]' started.
Test Case '-[MortimerHostTests.WorkspaceStoreTests testPinLimitRefusesWithoutEviction]' passed (0.000 seconds).
Test Case '-[MortimerHostTests.WorkspaceStoreTests testProtectedResultIsExcludedFromSupervisorInventoryAndSupportingDisplay]' started.
Test Case '-[MortimerHostTests.WorkspaceStoreTests testProtectedResultIsExcludedFromSupervisorInventoryAndSupportingDisplay]' passed (0.000 seconds).
Test Case '-[MortimerHostTests.WorkspaceStoreTests testSupportingResultSurvivesHistoryTrimmingWithoutChangingMainSelection]' started.
Test Case '-[MortimerHostTests.WorkspaceStoreTests testSupportingResultSurvivesHistoryTrimmingWithoutChangingMainSelection]' passed (0.000 seconds).
Test Case '-[MortimerHostTests.WorkspaceStoreTests testUnknownNonExternalPoliciesNeverEnterInventoryOrSupportingDisplay]' started.
Test Case '-[MortimerHostTests.WorkspaceStoreTests testUnknownNonExternalPoliciesNeverEnterInventoryOrSupportingDisplay]' passed (0.001 seconds).
Test Suite 'WorkspaceStoreTests' passed at 2026-09-28 21:42:12.517.
	 Executed 16 tests, with 0 failures (0 unexpected) in 0.004 (0.005) seconds
Test Suite 'MortimerHostPackageTests.xctest' passed at 2026-09-28 21:42:12.517.
	 Executed 351 tests, with 7 tests skipped and 0 failures (0 unexpected) in 130.771 (130.799) seconds
Test Suite 'All tests' passed at 2026-09-28 21:42:12.517.
	 Executed 351 tests, with 7 tests skipped and 0 failures (0 unexpected) in 130.771 (130.800) seconds
P4 frame time: p50 10.898041666678182 ms, p95 15.67929166662907 ms, max 18.568458333334092 ms; control p50 6.854166666585115 ms; main thread p95 15.651124999976673 ms; test rasterize p50 838.4071666666841 ms → /Users/admin/mortimer/source/macos/MortimerHost/.build/interface-fixtures/P4-frame-time.json
P4 layer: NSViewBackingLayer async=false needsDisplay=false bounds=1440x900
P4 layer:  CALayer async=false needsDisplay=false bounds=1440x900
P4 layer:  RBDrawingLayer async=false needsDisplay=false bounds=592x580
P4 layer:   RBImageQueueLayer async=false needsDisplay=false bounds=0x0
Graph layout fixture 50 nodes / 100 edges: 0.022241950035095215 seconds; not a frame-time measurement
Graph layout fixture 200 nodes / 400 edges: 0.20707392692565918 seconds; not a frame-time measurement
Graph layout fixture 500 nodes / 2000 edges: 1.2182869911193848 seconds; not a frame-time measurement
Synthetic graph snapshot: /Users/admin/mortimer/source/macos/MortimerHost/.build/interface-fixtures/memory-graph-50.png
Synthetic graph snapshot: /Users/admin/mortimer/source/macos/MortimerHost/.build/interface-fixtures/memory-graph-200.png
Synthetic graph snapshot: /Users/admin/mortimer/source/macos/MortimerHost/.build/interface-fixtures/memory-graph-500.png
Orb frame time p50/p95: empty 6.369/6.829, legacy 7.908/20.168, crystal 7.814/13.04 ms
SKILLS_RENDERED_NAVIGATION_JSON={"benchmark":"skills_rendered_navigation","percentile":"nearest-rank p95","results":[{"cached_details":32,"cached_navigation_render_p95_ms":68.863708000000003,"catalog_skills":100,"detail_requests_during_measurement":0,"distinct_rendered_frames":1,"height_points":800,"includes_swiftui_layout_and_nsview_bitmap_display":true,"layout":"wide","samples":100,"selection_bitmap_p95_ms":9.2988750000000007,"selection_render_p95_ms":37.706249999999997,"selection_to_layout_p95_ms":28.893042000000001,"timing_budget_enforced":false,"virtualized_guest":true,"width_points":1280},{"cached_details":32,"cached_navigation_render_p95_ms":37.819000000000003,"catalog_skills":100,"detail_requests_during_measurement":0,"distinct_rendered_frames":1,"height_points":800,"includes_swiftui_layout_and_nsview_bitmap_display":true,"layout":"compact","samples":100,"selection_bitmap_p95_ms":3.1484160000000001,"selection_render_p95_ms":15.432207999999999,"selection_to_layout_p95_ms":12.686667,"timing_budget_enforced":false,"virtualized_guest":true,"width_points":720}],"samples_per_case":100,"schema_version":1}
SKILLS_DETAIL_CACHE_RESOLVE_P95_MS=0.0028 samples=100; resolver-only, no SwiftUI rendering/network
SKILLS_STORE_SELECTION_P95_MS=0.0030; CACHED_STORE_NAVIGATION_P95_MS=0.0152; samples=100; catalog=100; cached details=32; excludes SwiftUI rendering/network
◇ Test run started.
↳ Testing Library Version: 1902
↳ Target Platform: arm64e-apple-macos14.0
✔ Test run with 0 tests in 0 suites passed after 0.001 seconds.

Building for debugging...
[0/13] /Users/admin/mortimer/source/macos/MortimerHost/.build/arm64-apple-macosx/debug/MortimerHostPackageTests.derived/runner.swift
[1/13] Write sources
[1/13] Write MortimerHost-entitlement.plist
[5/13] Write sources
[6/13] Copying WebRTC.framework
[7/13] Write swift-version-5975E236E64FF690.txt
[9/35] Compiling JarvisKit JSONValue.swift
[10/35] Compiling JarvisKit JarvisClient.swift
[11/35] Compiling JarvisKit JarvisConfig.swift
[12/35] Compiling JarvisKit JarvisHTTP.swift
[13/35] Compiling JarvisKit KeychainStore.swift
[14/35] Compiling JarvisKit MemoryGraphAPI.swift
[15/35] Compiling JarvisKit MessagePrivacy.swift
[16/42] Compiling JarvisKit AudioOutputMonitor.swift
[17/42] Compiling JarvisKit AudioSession.swift
[18/42] Compiling JarvisKit ClientMessage.swift
[19/42] Compiling JarvisKit ConsoleProtocol.swift
[20/42] Compiling JarvisKit CostsAPI.swift
[21/42] Compiling JarvisKit DirectWebRTCTransport.swift
[22/42] Compiling JarvisKit GraphImageRequests.swift
[23/42] Emitting module JarvisKit
[24/42] Compiling JarvisKit AdminAPI.swift
[25/42] Compiling JarvisKit AppMessage.swift
[26/42] Compiling JarvisKit AudioActivity.swift
[27/42] Compiling JarvisKit AudioActivityObserver.swift
[28/42] Compiling JarvisKit AudioDeviceTuning.swift
[29/42] Compiling JarvisKit AudioEngineIO.swift
[30/42] Compiling JarvisKit AudioInputCoordinator.swift
[31/42] Compiling JarvisKit NativeAudioTransport.swift
[32/42] Compiling JarvisKit PipecatFrameCodec.swift
[33/42] Compiling JarvisKit RTVITransport.swift
[34/42] Compiling JarvisKit SharedContentTransfer.swift
[35/42] Compiling JarvisKit Signalling.swift
[36/42] Compiling JarvisKit SkillModels.swift
[37/42] Compiling JarvisKit WakeWordListener.swift
[38/107] Compiling MortimerHost AppMessageRouter.swift
[39/107] Compiling MortimerHost AppTheme.swift
[40/107] Compiling MortimerHost AppTuning.swift
[41/107] Compiling MortimerHost AudioMeterLatencyReport.swift
[42/107] Compiling MortimerHost ConsoleActionCoordinator.swift
[43/107] Compiling MortimerHost ConsoleActionRegistry.swift
[44/107] Compiling MortimerHost Glass.swift
[45/107] Compiling MortimerHost InterfaceLayoutVersion.swift
[46/107] Compiling MortimerHost MortimerHostApp.swift
[47/107] Compiling MortimerHost ResponseResultRouter.swift
[48/107] Compiling MortimerHost Sounds.swift
[49/107] Compiling MortimerHost UICommandRouter.swift
[50/107] Compiling MortimerHost VoicePresentationState.swift
[51/107] Compiling MortimerHost VoiceState.swift
[52/107] Compiling MortimerHost AdaptiveLayoutMetrics.swift
[53/107] Compiling MortimerHost AdaptiveStageView.swift
[54/107] Compiling MortimerHost AmbientStripView.swift
[55/107] Compiling MortimerHost AttachmentNormalizer.swift
[56/107] Compiling MortimerHost AttachmentTrayView.swift
[57/107] Compiling MortimerHost CometOrbRenderer.swift
[58/107] Compiling MortimerHost CommandConsoleView.swift
[59/107] Compiling MortimerHost ConsoleView.swift
[60/128] Compiling MortimerHost MemoryGraphCanvas.swift
[61/128] Compiling MortimerHost MemoryGraphImageStore.swift
[62/128] Compiling MortimerHost MemoryGraphLayout.swift
[63/128] Compiling MortimerHost MemoryGraphSource.swift
[64/128] Compiling MortimerHost MemoryGraphStore.swift
[65/128] Compiling MortimerHost MemoryGraphView.swift
[66/128] Compiling MortimerHost ShareCoordinator.swift
[67/128] Compiling MortimerHost SharePreviewView.swift
[68/128] Compiling MortimerHost WorkspaceExportCoordinator.swift
[69/128] Compiling MortimerHost WorkspaceResultDetails.swift
[70/128] Compiling MortimerHost WorkspaceResultPane.swift
[71/128] Compiling MortimerHost WorkspaceSourcesView.swift
[72/128] Compiling MortimerHost WorkspaceView.swift
[73/128] Compiling MortimerHost AgentsTab.swift
[74/128] Compiling MortimerHost CostsTab.swift
[75/128] Compiling MortimerHost CouncilRosterView.swift
[76/128] Compiling MortimerHost DrawerModels.swift
[77/128] Compiling MortimerHost DrawerScrollPosition.swift
[78/128] Compiling MortimerHost DrawerTabStrip.swift
[79/128] Compiling MortimerHost DrawerView.swift
[80/128] Compiling MortimerHost EditTab.swift
[81/128] Compiling MortimerHost LogTab.swift
[82/128] Compiling MortimerHost MemoryTab.swift
[83/128] Compiling MortimerHost OutputTab.swift
[84/128] Compiling MortimerHost RepoTab.swift
[85/128] Compiling MortimerHost RunsTab.swift
[86/128] Compiling MortimerHost TabState.swift
[87/128] Compiling MortimerHost TabStripViewport.swift
[88/128] Compiling MortimerHost ContentWindowRegistry.swift
[89/128] Compiling MortimerHost DisplayPlacementPolicy.swift
[90/128] Compiling MortimerHost ScreenPlacement.swift
[91/128] Compiling MortimerHost WindowLookup.swift
[92/128] Compiling MortimerHost WindowPlacement.swift
[93/128] Compiling MortimerHost AgentRunStore.swift
[94/128] Compiling MortimerHost AtlasStore.swift
[95/128] Compiling MortimerHost AttachmentStore.swift
[96/128] Compiling MortimerHost ConversationStore.swift
[97/128] Compiling MortimerHost DisplayResultStore.swift
[98/128] Compiling MortimerHost PanelStore.swift
[99/128] Compiling MortimerHost SharedMediaStore.swift
[100/128] Compiling MortimerHost SkillsStore.swift
[101/128] Compiling MortimerHost WorkspaceStore.swift
[102/128] Compiling MortimerHost CrystalGlassRig.swift
[103/128] Compiling MortimerHost DetachedPanelView.swift
[104/128] Compiling MortimerHost MicControlsView.swift
[105/128] Compiling MortimerHost MotionPreferences.swift
[106/128] Compiling MortimerHost OrbFieldView.swift
[107/128] Compiling MortimerHost SkillCreatorSheet.swift
[108/128] Compiling MortimerHost SkillsWorkspaceAccessibilityStatus.swift
[109/128] Compiling MortimerHost SkillsWorkspaceView.swift
[110/128] Compiling MortimerHost SystemVitalsView.swift
[111/128] Compiling MortimerHost TopBarView.swift
[112/128] Compiling MortimerHost VoiceConsoleView.swift
[113/128] Compiling MortimerHost VoiceWaveView.swift
[114/128] Compiling MortimerHost WaveTuningView.swift
[115/128] Compiling MortimerHost WindowVisibilityReader.swift
[116/128] Compiling MortimerHost AtlasCardView.swift
[117/128] Compiling MortimerHost ContentPanelView.swift
[118/128] Compiling MortimerHost DisplayContentView.swift
[119/128] Compiling MortimerHost DisplayWindowStore.swift
[120/128] Compiling MortimerHost DisplayWindowView.swift
[121/128] Compiling MortimerHost GraphImageView.swift
[122/128] Compiling MortimerHost KnowledgeAtlasView.swift
[123/128] Emitting module MortimerHost
[123/128] Write Objects.LinkFileList
[124/128] Linking MortimerHost
[125/128] Applying MortimerHost
[127/171] Compiling MortimerHostTests MemoryGraphRenderingTests.swift
/Users/admin/mortimer/source/macos/MortimerHost/Tests/MortimerHostTests/MemoryGraphRenderingTests.swift:30:26: warning: instance method 'run' is unavailable from asynchronous contexts; run(until:) cannot be used from async contexts.; this is an error in the Swift 6 language mode
28 |             defer { closeRenderingFixtureWindow(window) }
29 |             window.layoutIfNeeded(); view.layoutSubtreeIfNeeded()
30 |             RunLoop.main.run(until: Date().addingTimeInterval(0.2))
   |                          `- warning: instance method 'run' is unavailable from asynchronous contexts; run(until:) cannot be used from async contexts.; this is an error in the Swift 6 language mode
31 |             let bitmap = try XCTUnwrap(view.bitmapImageRepForCachingDisplay(in: view.bounds))
32 |             view.cacheDisplay(in: view.bounds, to: bitmap)

Foundation.RunLoop.run:2:11: note: 'run(until:)' declared here
1 | class RunLoop {
2 | open func run(until limitDate: Date)}
  |           `- note: 'run(until:)' declared here
3 | 

/Users/admin/mortimer/source/macos/MortimerHost/Tests/MortimerHostTests/ProtectedDisplayContentTests.swift:150:30: warning: 'accessibilitySetValue(_:forAttribute:)' was deprecated in macOS 10.10: Use the NSAccessibility protocol methods instead (see NSAccessibilityProtocols.h) [#DeprecatedDeclaration]
148 | 
149 |     private func host(_ payload: DisplayPayload) -> NSHostingView<some View> {
150 |         NSApplication.shared.accessibilitySetValue(true,
    |                              `- warning: 'accessibilitySetValue(_:forAttribute:)' was deprecated in macOS 10.10: Use the NSAccessibility protocol methods instead (see NSAccessibilityProtocols.h) [#DeprecatedDeclaration]
151 |             forAttribute: NSAccessibility.Attribute(rawValue: "AXEnhancedUserInterface"))
152 |         let view = NSHostingView(rootView: DisplayContentView(payload: payload)

/Users/admin/mortimer/source/macos/MortimerHost/Tests/MortimerHostTests/SkillsWorkspaceAccessibilityStateTests.swift:81:30: warning: 'accessibilitySetValue(_:forAttribute:)' was deprecated in macOS 10.10: Use the NSAccessibility protocol methods instead (see NSAccessibilityProtocols.h) [#DeprecatedDeclaration]
 79 |     func testLargeTextProcessStepExposesExpandedStateToAccessibilityClients() throws {
 80 |         _ = NSApplication.shared
 81 |         NSApplication.shared.accessibilitySetValue(
    |                              `- warning: 'accessibilitySetValue(_:forAttribute:)' was deprecated in macOS 10.10: Use the NSAccessibility protocol methods instead (see NSAccessibilityProtocols.h) [#DeprecatedDeclaration]
 82 |             true, forAttribute: NSAccessibility.Attribute(rawValue: "AXEnhancedUserInterface")
 83 |         )

[#DeprecatedDeclaration]: <https://docs.swift.org/compiler/documentation/diagnostics/deprecated-declaration>
[128/171] Compiling MortimerHostTests MemoryGraphTests.swift
/Users/admin/mortimer/source/macos/MortimerHost/Tests/MortimerHostTests/MemoryGraphRenderingTests.swift:30:26: warning: instance method 'run' is unavailable from asynchronous contexts; run(until:) cannot be used from async contexts.; this is an error in the Swift 6 language mode
28 |             defer { closeRenderingFixtureWindow(window) }
29 |             window.layoutIfNeeded(); view.layoutSubtreeIfNeeded()
30 |             RunLoop.main.run(until: Date().addingTimeInterval(0.2))
   |                          `- warning: instance method 'run' is unavailable from asynchronous contexts; run(until:) cannot be used from async contexts.; this is an error in the Swift 6 language mode
31 |             let bitmap = try XCTUnwrap(view.bitmapImageRepForCachingDisplay(in: view.bounds))
32 |             view.cacheDisplay(in: view.bounds, to: bitmap)

Foundation.RunLoop.run:2:11: note: 'run(until:)' declared here
1 | class RunLoop {
2 | open func run(until limitDate: Date)}
  |           `- note: 'run(until:)' declared here
3 | 

/Users/admin/mortimer/source/macos/MortimerHost/Tests/MortimerHostTests/ProtectedDisplayContentTests.swift:150:30: warning: 'accessibilitySetValue(_:forAttribute:)' was deprecated in macOS 10.10: Use the NSAccessibility protocol methods instead (see NSAccessibilityProtocols.h) [#DeprecatedDeclaration]
148 | 
149 |     private func host(_ payload: DisplayPayload) -> NSHostingView<some View> {
150 |         NSApplication.shared.accessibilitySetValue(true,
    |                              `- warning: 'accessibilitySetValue(_:forAttribute:)' was deprecated in macOS 10.10: Use the NSAccessibility protocol methods instead (see NSAccessibilityProtocols.h) [#DeprecatedDeclaration]
151 |             forAttribute: NSAccessibility.Attribute(rawValue: "AXEnhancedUserInterface"))
152 |         let view = NSHostingView(rootView: DisplayContentView(payload: payload)

/Users/admin/mortimer/source/macos/MortimerHost/Tests/MortimerHostTests/SkillsWorkspaceAccessibilityStateTests.swift:81:30: warning: 'accessibilitySetValue(_:forAttribute:)' was deprecated in macOS 10.10: Use the NSAccessibility protocol methods instead (see NSAccessibilityProtocols.h) [#DeprecatedDeclaration]
 79 |     func testLargeTextProcessStepExposesExpandedStateToAccessibilityClients() throws {
 80 |         _ = NSApplication.shared
 81 |         NSApplication.shared.accessibilitySetValue(
    |                              `- warning: 'accessibilitySetValue(_:forAttribute:)' was deprecated in macOS 10.10: Use the NSAccessibility protocol methods instead (see NSAccessibilityProtocols.h) [#DeprecatedDeclaration]
 82 |             true, forAttribute: NSAccessibility.Attribute(rawValue: "AXEnhancedUserInterface")
 83 |         )

[#DeprecatedDeclaration]: <https://docs.swift.org/compiler/documentation/diagnostics/deprecated-declaration>
[129/171] Compiling MortimerHostTests OrbShellFrameTimeTests.swift
/Users/admin/mortimer/source/macos/MortimerHost/Tests/MortimerHostTests/MemoryGraphRenderingTests.swift:30:26: warning: instance method 'run' is unavailable from asynchronous contexts; run(until:) cannot be used from async contexts.; this is an error in the Swift 6 language mode
28 |             defer { closeRenderingFixtureWindow(window) }
29 |             window.layoutIfNeeded(); view.layoutSubtreeIfNeeded()
30 |             RunLoop.main.run(until: Date().addingTimeInterval(0.2))
   |                          `- warning: instance method 'run' is unavailable from asynchronous contexts; run(until:) cannot be used from async contexts.; this is an error in the Swift 6 language mode
31 |             let bitmap = try XCTUnwrap(view.bitmapImageRepForCachingDisplay(in: view.bounds))
32 |             view.cacheDisplay(in: view.bounds, to: bitmap)

Foundation.RunLoop.run:2:11: note: 'run(until:)' declared here
1 | class RunLoop {
2 | open func run(until limitDate: Date)}
  |           `- note: 'run(until:)' declared here
3 | 

/Users/admin/mortimer/source/macos/MortimerHost/Tests/MortimerHostTests/ProtectedDisplayContentTests.swift:150:30: warning: 'accessibilitySetValue(_:forAttribute:)' was deprecated in macOS 10.10: Use the NSAccessibility protocol methods instead (see NSAccessibilityProtocols.h) [#DeprecatedDeclaration]
148 | 
149 |     private func host(_ payload: DisplayPayload) -> NSHostingView<some View> {
150 |         NSApplication.shared.accessibilitySetValue(true,
    |                              `- warning: 'accessibilitySetValue(_:forAttribute:)' was deprecated in macOS 10.10: Use the NSAccessibility protocol methods instead (see NSAccessibilityProtocols.h) [#DeprecatedDeclaration]
151 |             forAttribute: NSAccessibility.Attribute(rawValue: "AXEnhancedUserInterface"))
152 |         let view = NSHostingView(rootView: DisplayContentView(payload: payload)

/Users/admin/mortimer/source/macos/MortimerHost/Tests/MortimerHostTests/SkillsWorkspaceAccessibilityStateTests.swift:81:30: warning: 'accessibilitySetValue(_:forAttribute:)' was deprecated in macOS 10.10: Use the NSAccessibility protocol methods instead (see NSAccessibilityProtocols.h) [#DeprecatedDeclaration]
 79 |     func testLargeTextProcessStepExposesExpandedStateToAccessibilityClients() throws {
 80 |         _ = NSApplication.shared
 81 |         NSApplication.shared.accessibilitySetValue(
    |                              `- warning: 'accessibilitySetValue(_:forAttribute:)' was deprecated in macOS 10.10: Use the NSAccessibility protocol methods instead (see NSAccessibilityProtocols.h) [#DeprecatedDeclaration]
 82 |             true, forAttribute: NSAccessibility.Attribute(rawValue: "AXEnhancedUserInterface")
 83 |         )

[#DeprecatedDeclaration]: <https://docs.swift.org/compiler/documentation/diagnostics/deprecated-declaration>
[130/171] Compiling MortimerHostTests PanelStoreTests.swift
/Users/admin/mortimer/source/macos/MortimerHost/Tests/MortimerHostTests/MemoryGraphRenderingTests.swift:30:26: warning: instance method 'run' is unavailable from asynchronous contexts; run(until:) cannot be used from async contexts.; this is an error in the Swift 6 language mode
28 |             defer { closeRenderingFixtureWindow(window) }
29 |             window.layoutIfNeeded(); view.layoutSubtreeIfNeeded()
30 |             RunLoop.main.run(until: Date().addingTimeInterval(0.2))
   |                          `- warning: instance method 'run' is unavailable from asynchronous contexts; run(until:) cannot be used from async contexts.; this is an error in the Swift 6 language mode
31 |             let bitmap = try XCTUnwrap(view.bitmapImageRepForCachingDisplay(in: view.bounds))
32 |             view.cacheDisplay(in: view.bounds, to: bitmap)

Foundation.RunLoop.run:2:11: note: 'run(until:)' declared here
1 | class RunLoop {
2 | open func run(until limitDate: Date)}
  |           `- note: 'run(until:)' declared here
3 | 

/Users/admin/mortimer/source/macos/MortimerHost/Tests/MortimerHostTests/ProtectedDisplayContentTests.swift:150:30: warning: 'accessibilitySetValue(_:forAttribute:)' was deprecated in macOS 10.10: Use the NSAccessibility protocol methods instead (see NSAccessibilityProtocols.h) [#DeprecatedDeclaration]
148 | 
149 |     private func host(_ payload: DisplayPayload) -> NSHostingView<some View> {
150 |         NSApplication.shared.accessibilitySetValue(true,
    |                              `- warning: 'accessibilitySetValue(_:forAttribute:)' was deprecated in macOS 10.10: Use the NSAccessibility protocol methods instead (see NSAccessibilityProtocols.h) [#DeprecatedDeclaration]
151 |             forAttribute: NSAccessibility.Attribute(rawValue: "AXEnhancedUserInterface"))
152 |         let view = NSHostingView(rootView: DisplayContentView(payload: payload)

/Users/admin/mortimer/source/macos/MortimerHost/Tests/MortimerHostTests/SkillsWorkspaceAccessibilityStateTests.swift:81:30: warning: 'accessibilitySetValue(_:forAttribute:)' was deprecated in macOS 10.10: Use the NSAccessibility protocol methods instead (see NSAccessibilityProtocols.h) [#DeprecatedDeclaration]
 79 |     func testLargeTextProcessStepExposesExpandedStateToAccessibilityClients() throws {
 80 |         _ = NSApplication.shared
 81 |         NSApplication.shared.accessibilitySetValue(
    |                              `- warning: 'accessibilitySetValue(_:forAttribute:)' was deprecated in macOS 10.10: Use the NSAccessibility protocol methods instead (see NSAccessibilityProtocols.h) [#DeprecatedDeclaration]
 82 |             true, forAttribute: NSAccessibility.Attribute(rawValue: "AXEnhancedUserInterface")
 83 |         )

[#DeprecatedDeclaration]: <https://docs.swift.org/compiler/documentation/diagnostics/deprecated-declaration>
[131/171] Compiling MortimerHostTests ProtectedDisplayContentTests.swift
/Users/admin/mortimer/source/macos/MortimerHost/Tests/MortimerHostTests/MemoryGraphRenderingTests.swift:30:26: warning: instance method 'run' is unavailable from asynchronous contexts; run(until:) cannot be used from async contexts.; this is an error in the Swift 6 language mode
28 |             defer { closeRenderingFixtureWindow(window) }
29 |             window.layoutIfNeeded(); view.layoutSubtreeIfNeeded()
30 |             RunLoop.main.run(until: Date().addingTimeInterval(0.2))
   |                          `- warning: instance method 'run' is unavailable from asynchronous contexts; run(until:) cannot be used from async contexts.; this is an error in the Swift 6 language mode
31 |             let bitmap = try XCTUnwrap(view.bitmapImageRepForCachingDisplay(in: view.bounds))
32 |             view.cacheDisplay(in: view.bounds, to: bitmap)

Foundation.RunLoop.run:2:11: note: 'run(until:)' declared here
1 | class RunLoop {
2 | open func run(until limitDate: Date)}
  |           `- note: 'run(until:)' declared here
3 | 

/Users/admin/mortimer/source/macos/MortimerHost/Tests/MortimerHostTests/ProtectedDisplayContentTests.swift:150:30: warning: 'accessibilitySetValue(_:forAttribute:)' was deprecated in macOS 10.10: Use the NSAccessibility protocol methods instead (see NSAccessibilityProtocols.h) [#DeprecatedDeclaration]
148 | 
149 |     private func host(_ payload: DisplayPayload) -> NSHostingView<some View> {
150 |         NSApplication.shared.accessibilitySetValue(true,
    |                              `- warning: 'accessibilitySetValue(_:forAttribute:)' was deprecated in macOS 10.10: Use the NSAccessibility protocol methods instead (see NSAccessibilityProtocols.h) [#DeprecatedDeclaration]
151 |             forAttribute: NSAccessibility.Attribute(rawValue: "AXEnhancedUserInterface"))
152 |         let view = NSHostingView(rootView: DisplayContentView(payload: payload)

/Users/admin/mortimer/source/macos/MortimerHost/Tests/MortimerHostTests/SkillsWorkspaceAccessibilityStateTests.swift:81:30: warning: 'accessibilitySetValue(_:forAttribute:)' was deprecated in macOS 10.10: Use the NSAccessibility protocol methods instead (see NSAccessibilityProtocols.h) [#DeprecatedDeclaration]
 79 |     func testLargeTextProcessStepExposesExpandedStateToAccessibilityClients() throws {
 80 |         _ = NSApplication.shared
 81 |         NSApplication.shared.accessibilitySetValue(
    |                              `- warning: 'accessibilitySetValue(_:forAttribute:)' was deprecated in macOS 10.10: Use the NSAccessibility protocol methods instead (see NSAccessibilityProtocols.h) [#DeprecatedDeclaration]
 82 |             true, forAttribute: NSAccessibility.Attribute(rawValue: "AXEnhancedUserInterface")
 83 |         )

[#DeprecatedDeclaration]: <https://docs.swift.org/compiler/documentation/diagnostics/deprecated-declaration>
[132/171] Compiling MortimerHostTests RenderingTestSupport.swift
/Users/admin/mortimer/source/macos/MortimerHost/Tests/MortimerHostTests/MemoryGraphRenderingTests.swift:30:26: warning: instance method 'run' is unavailable from asynchronous contexts; run(until:) cannot be used from async contexts.; this is an error in the Swift 6 language mode
28 |             defer { closeRenderingFixtureWindow(window) }
29 |             window.layoutIfNeeded(); view.layoutSubtreeIfNeeded()
30 |             RunLoop.main.run(until: Date().addingTimeInterval(0.2))
   |                          `- warning: instance method 'run' is unavailable from asynchronous contexts; run(until:) cannot be used from async contexts.; this is an error in the Swift 6 language mode
31 |             let bitmap = try XCTUnwrap(view.bitmapImageRepForCachingDisplay(in: view.bounds))
32 |             view.cacheDisplay(in: view.bounds, to: bitmap)

Foundation.RunLoop.run:2:11: note: 'run(until:)' declared here
1 | class RunLoop {
2 | open func run(until limitDate: Date)}
  |           `- note: 'run(until:)' declared here
3 | 

/Users/admin/mortimer/source/macos/MortimerHost/Tests/MortimerHostTests/ProtectedDisplayContentTests.swift:150:30: warning: 'accessibilitySetValue(_:forAttribute:)' was deprecated in macOS 10.10: Use the NSAccessibility protocol methods instead (see NSAccessibilityProtocols.h) [#DeprecatedDeclaration]
148 | 
149 |     private func host(_ payload: DisplayPayload) -> NSHostingView<some View> {
150 |         NSApplication.shared.accessibilitySetValue(true,
    |                              `- warning: 'accessibilitySetValue(_:forAttribute:)' was deprecated in macOS 10.10: Use the NSAccessibility protocol methods instead (see NSAccessibilityProtocols.h) [#DeprecatedDeclaration]
151 |             forAttribute: NSAccessibility.Attribute(rawValue: "AXEnhancedUserInterface"))
152 |         let view = NSHostingView(rootView: DisplayContentView(payload: payload)

/Users/admin/mortimer/source/macos/MortimerHost/Tests/MortimerHostTests/SkillsWorkspaceAccessibilityStateTests.swift:81:30: warning: 'accessibilitySetValue(_:forAttribute:)' was deprecated in macOS 10.10: Use the NSAccessibility protocol methods instead (see NSAccessibilityProtocols.h) [#DeprecatedDeclaration]
 79 |     func testLargeTextProcessStepExposesExpandedStateToAccessibilityClients() throws {
 80 |         _ = NSApplication.shared
 81 |         NSApplication.shared.accessibilitySetValue(
    |                              `- warning: 'accessibilitySetValue(_:forAttribute:)' was deprecated in macOS 10.10: Use the NSAccessibility protocol methods instead (see NSAccessibilityProtocols.h) [#DeprecatedDeclaration]
 82 |             true, forAttribute: NSAccessibility.Attribute(rawValue: "AXEnhancedUserInterface")
 83 |         )

[#DeprecatedDeclaration]: <https://docs.swift.org/compiler/documentation/diagnostics/deprecated-declaration>
[133/171] Compiling MortimerHostTests ResponseResultRouterTests.swift
/Users/admin/mortimer/source/macos/MortimerHost/Tests/MortimerHostTests/MemoryGraphRenderingTests.swift:30:26: warning: instance method 'run' is unavailable from asynchronous contexts; run(until:) cannot be used from async contexts.; this is an error in the Swift 6 language mode
28 |             defer { closeRenderingFixtureWindow(window) }
29 |             window.layoutIfNeeded(); view.layoutSubtreeIfNeeded()
30 |             RunLoop.main.run(until: Date().addingTimeInterval(0.2))
   |                          `- warning: instance method 'run' is unavailable from asynchronous contexts; run(until:) cannot be used from async contexts.; this is an error in the Swift 6 language mode
31 |             let bitmap = try XCTUnwrap(view.bitmapImageRepForCachingDisplay(in: view.bounds))
32 |             view.cacheDisplay(in: view.bounds, to: bitmap)

Foundation.RunLoop.run:2:11: note: 'run(until:)' declared here
1 | class RunLoop {
2 | open func run(until limitDate: Date)}
  |           `- note: 'run(until:)' declared here
3 | 

/Users/admin/mortimer/source/macos/MortimerHost/Tests/MortimerHostTests/ProtectedDisplayContentTests.swift:150:30: warning: 'accessibilitySetValue(_:forAttribute:)' was deprecated in macOS 10.10: Use the NSAccessibility protocol methods instead (see NSAccessibilityProtocols.h) [#DeprecatedDeclaration]
148 | 
149 |     private func host(_ payload: DisplayPayload) -> NSHostingView<some View> {
150 |         NSApplication.shared.accessibilitySetValue(true,
    |                              `- warning: 'accessibilitySetValue(_:forAttribute:)' was deprecated in macOS 10.10: Use the NSAccessibility protocol methods instead (see NSAccessibilityProtocols.h) [#DeprecatedDeclaration]
151 |             forAttribute: NSAccessibility.Attribute(rawValue: "AXEnhancedUserInterface"))
152 |         let view = NSHostingView(rootView: DisplayContentView(payload: payload)

/Users/admin/mortimer/source/macos/MortimerHost/Tests/MortimerHostTests/SkillsWorkspaceAccessibilityStateTests.swift:81:30: warning: 'accessibilitySetValue(_:forAttribute:)' was deprecated in macOS 10.10: Use the NSAccessibility protocol methods instead (see NSAccessibilityProtocols.h) [#DeprecatedDeclaration]
 79 |     func testLargeTextProcessStepExposesExpandedStateToAccessibilityClients() throws {
 80 |         _ = NSApplication.shared
 81 |         NSApplication.shared.accessibilitySetValue(
    |                              `- warning: 'accessibilitySetValue(_:forAttribute:)' was deprecated in macOS 10.10: Use the NSAccessibility protocol methods instead (see NSAccessibilityProtocols.h) [#DeprecatedDeclaration]
 82 |             true, forAttribute: NSAccessibility.Attribute(rawValue: "AXEnhancedUserInterface")
 83 |         )

[#DeprecatedDeclaration]: <https://docs.swift.org/compiler/documentation/diagnostics/deprecated-declaration>
[134/171] Compiling MortimerHostTests RunsRequestOwnershipTests.swift
/Users/admin/mortimer/source/macos/MortimerHost/Tests/MortimerHostTests/MemoryGraphRenderingTests.swift:30:26: warning: instance method 'run' is unavailable from asynchronous contexts; run(until:) cannot be used from async contexts.; this is an error in the Swift 6 language mode
28 |             defer { closeRenderingFixtureWindow(window) }
29 |             window.layoutIfNeeded(); view.layoutSubtreeIfNeeded()
30 |             RunLoop.main.run(until: Date().addingTimeInterval(0.2))
   |                          `- warning: instance method 'run' is unavailable from asynchronous contexts; run(until:) cannot be used from async contexts.; this is an error in the Swift 6 language mode
31 |             let bitmap = try XCTUnwrap(view.bitmapImageRepForCachingDisplay(in: view.bounds))
32 |             view.cacheDisplay(in: view.bounds, to: bitmap)

Foundation.RunLoop.run:2:11: note: 'run(until:)' declared here
1 | class RunLoop {
2 | open func run(until limitDate: Date)}
  |           `- note: 'run(until:)' declared here
3 | 

/Users/admin/mortimer/source/macos/MortimerHost/Tests/MortimerHostTests/ProtectedDisplayContentTests.swift:150:30: warning: 'accessibilitySetValue(_:forAttribute:)' was deprecated in macOS 10.10: Use the NSAccessibility protocol methods instead (see NSAccessibilityProtocols.h) [#DeprecatedDeclaration]
148 | 
149 |     private func host(_ payload: DisplayPayload) -> NSHostingView<some View> {
150 |         NSApplication.shared.accessibilitySetValue(true,
    |                              `- warning: 'accessibilitySetValue(_:forAttribute:)' was deprecated in macOS 10.10: Use the NSAccessibility protocol methods instead (see NSAccessibilityProtocols.h) [#DeprecatedDeclaration]
151 |             forAttribute: NSAccessibility.Attribute(rawValue: "AXEnhancedUserInterface"))
152 |         let view = NSHostingView(rootView: DisplayContentView(payload: payload)

/Users/admin/mortimer/source/macos/MortimerHost/Tests/MortimerHostTests/SkillsWorkspaceAccessibilityStateTests.swift:81:30: warning: 'accessibilitySetValue(_:forAttribute:)' was deprecated in macOS 10.10: Use the NSAccessibility protocol methods instead (see NSAccessibilityProtocols.h) [#DeprecatedDeclaration]
 79 |     func testLargeTextProcessStepExposesExpandedStateToAccessibilityClients() throws {
 80 |         _ = NSApplication.shared
 81 |         NSApplication.shared.accessibilitySetValue(
    |                              `- warning: 'accessibilitySetValue(_:forAttribute:)' was deprecated in macOS 10.10: Use the NSAccessibility protocol methods instead (see NSAccessibilityProtocols.h) [#DeprecatedDeclaration]
 82 |             true, forAttribute: NSAccessibility.Attribute(rawValue: "AXEnhancedUserInterface")
 83 |         )

[#DeprecatedDeclaration]: <https://docs.swift.org/compiler/documentation/diagnostics/deprecated-declaration>
[135/171] Compiling MortimerHostTests ScreenPlacementTests.swift
/Users/admin/mortimer/source/macos/MortimerHost/Tests/MortimerHostTests/MemoryGraphRenderingTests.swift:30:26: warning: instance method 'run' is unavailable from asynchronous contexts; run(until:) cannot be used from async contexts.; this is an error in the Swift 6 language mode
28 |             defer { closeRenderingFixtureWindow(window) }
29 |             window.layoutIfNeeded(); view.layoutSubtreeIfNeeded()
30 |             RunLoop.main.run(until: Date().addingTimeInterval(0.2))
   |                          `- warning: instance method 'run' is unavailable from asynchronous contexts; run(until:) cannot be used from async contexts.; this is an error in the Swift 6 language mode
31 |             let bitmap = try XCTUnwrap(view.bitmapImageRepForCachingDisplay(in: view.bounds))
32 |             view.cacheDisplay(in: view.bounds, to: bitmap)

Foundation.RunLoop.run:2:11: note: 'run(until:)' declared here
1 | class RunLoop {
2 | open func run(until limitDate: Date)}
  |           `- note: 'run(until:)' declared here
3 | 

/Users/admin/mortimer/source/macos/MortimerHost/Tests/MortimerHostTests/ProtectedDisplayContentTests.swift:150:30: warning: 'accessibilitySetValue(_:forAttribute:)' was deprecated in macOS 10.10: Use the NSAccessibility protocol methods instead (see NSAccessibilityProtocols.h) [#DeprecatedDeclaration]
148 | 
149 |     private func host(_ payload: DisplayPayload) -> NSHostingView<some View> {
150 |         NSApplication.shared.accessibilitySetValue(true,
    |                              `- warning: 'accessibilitySetValue(_:forAttribute:)' was deprecated in macOS 10.10: Use the NSAccessibility protocol methods instead (see NSAccessibilityProtocols.h) [#DeprecatedDeclaration]
151 |             forAttribute: NSAccessibility.Attribute(rawValue: "AXEnhancedUserInterface"))
152 |         let view = NSHostingView(rootView: DisplayContentView(payload: payload)

/Users/admin/mortimer/source/macos/MortimerHost/Tests/MortimerHostTests/SkillsWorkspaceAccessibilityStateTests.swift:81:30: warning: 'accessibilitySetValue(_:forAttribute:)' was deprecated in macOS 10.10: Use the NSAccessibility protocol methods instead (see NSAccessibilityProtocols.h) [#DeprecatedDeclaration]
 79 |     func testLargeTextProcessStepExposesExpandedStateToAccessibilityClients() throws {
 80 |         _ = NSApplication.shared
 81 |         NSApplication.shared.accessibilitySetValue(
    |                              `- warning: 'accessibilitySetValue(_:forAttribute:)' was deprecated in macOS 10.10: Use the NSAccessibility protocol methods instead (see NSAccessibilityProtocols.h) [#DeprecatedDeclaration]
 82 |             true, forAttribute: NSAccessibility.Attribute(rawValue: "AXEnhancedUserInterface")
 83 |         )

[#DeprecatedDeclaration]: <https://docs.swift.org/compiler/documentation/diagnostics/deprecated-declaration>
[136/171] Compiling MortimerHostTests ShareCoordinatorTests.swift
/Users/admin/mortimer/source/macos/MortimerHost/Tests/MortimerHostTests/MemoryGraphRenderingTests.swift:30:26: warning: instance method 'run' is unavailable from asynchronous contexts; run(until:) cannot be used from async contexts.; this is an error in the Swift 6 language mode
28 |             defer { closeRenderingFixtureWindow(window) }
29 |             window.layoutIfNeeded(); view.layoutSubtreeIfNeeded()
30 |             RunLoop.main.run(until: Date().addingTimeInterval(0.2))
   |                          `- warning: instance method 'run' is unavailable from asynchronous contexts; run(until:) cannot be used from async contexts.; this is an error in the Swift 6 language mode
31 |             let bitmap = try XCTUnwrap(view.bitmapImageRepForCachingDisplay(in: view.bounds))
32 |             view.cacheDisplay(in: view.bounds, to: bitmap)

Foundation.RunLoop.run:2:11: note: 'run(until:)' declared here
1 | class RunLoop {
2 | open func run(until limitDate: Date)}
  |           `- note: 'run(until:)' declared here
3 | 

/Users/admin/mortimer/source/macos/MortimerHost/Tests/MortimerHostTests/ProtectedDisplayContentTests.swift:150:30: warning: 'accessibilitySetValue(_:forAttribute:)' was deprecated in macOS 10.10: Use the NSAccessibility protocol methods instead (see NSAccessibilityProtocols.h) [#DeprecatedDeclaration]
148 | 
149 |     private func host(_ payload: DisplayPayload) -> NSHostingView<some View> {
150 |         NSApplication.shared.accessibilitySetValue(true,
    |                              `- warning: 'accessibilitySetValue(_:forAttribute:)' was deprecated in macOS 10.10: Use the NSAccessibility protocol methods instead (see NSAccessibilityProtocols.h) [#DeprecatedDeclaration]
151 |             forAttribute: NSAccessibility.Attribute(rawValue: "AXEnhancedUserInterface"))
152 |         let view = NSHostingView(rootView: DisplayContentView(payload: payload)

/Users/admin/mortimer/source/macos/MortimerHost/Tests/MortimerHostTests/SkillsWorkspaceAccessibilityStateTests.swift:81:30: warning: 'accessibilitySetValue(_:forAttribute:)' was deprecated in macOS 10.10: Use the NSAccessibility protocol methods instead (see NSAccessibilityProtocols.h) [#DeprecatedDeclaration]
 79 |     func testLargeTextProcessStepExposesExpandedStateToAccessibilityClients() throws {
 80 |         _ = NSApplication.shared
 81 |         NSApplication.shared.accessibilitySetValue(
    |                              `- warning: 'accessibilitySetValue(_:forAttribute:)' was deprecated in macOS 10.10: Use the NSAccessibility protocol methods instead (see NSAccessibilityProtocols.h) [#DeprecatedDeclaration]
 82 |             true, forAttribute: NSAccessibility.Attribute(rawValue: "AXEnhancedUserInterface")
 83 |         )

[#DeprecatedDeclaration]: <https://docs.swift.org/compiler/documentation/diagnostics/deprecated-declaration>
[137/171] Compiling MortimerHostTests SkillsRenderedNavigationBenchmarkTests.swift
/Users/admin/mortimer/source/macos/MortimerHost/Tests/MortimerHostTests/MemoryGraphRenderingTests.swift:30:26: warning: instance method 'run' is unavailable from asynchronous contexts; run(until:) cannot be used from async contexts.; this is an error in the Swift 6 language mode
28 |             defer { closeRenderingFixtureWindow(window) }
29 |             window.layoutIfNeeded(); view.layoutSubtreeIfNeeded()
30 |             RunLoop.main.run(until: Date().addingTimeInterval(0.2))
   |                          `- warning: instance method 'run' is unavailable from asynchronous contexts; run(until:) cannot be used from async contexts.; this is an error in the Swift 6 language mode
31 |             let bitmap = try XCTUnwrap(view.bitmapImageRepForCachingDisplay(in: view.bounds))
32 |             view.cacheDisplay(in: view.bounds, to: bitmap)

Foundation.RunLoop.run:2:11: note: 'run(until:)' declared here
1 | class RunLoop {
2 | open func run(until limitDate: Date)}
  |           `- note: 'run(until:)' declared here
3 | 

/Users/admin/mortimer/source/macos/MortimerHost/Tests/MortimerHostTests/ProtectedDisplayContentTests.swift:150:30: warning: 'accessibilitySetValue(_:forAttribute:)' was deprecated in macOS 10.10: Use the NSAccessibility protocol methods instead (see NSAccessibilityProtocols.h) [#DeprecatedDeclaration]
148 | 
149 |     private func host(_ payload: DisplayPayload) -> NSHostingView<some View> {
150 |         NSApplication.shared.accessibilitySetValue(true,
    |                              `- warning: 'accessibilitySetValue(_:forAttribute:)' was deprecated in macOS 10.10: Use the NSAccessibility protocol methods instead (see NSAccessibilityProtocols.h) [#DeprecatedDeclaration]
151 |             forAttribute: NSAccessibility.Attribute(rawValue: "AXEnhancedUserInterface"))
152 |         let view = NSHostingView(rootView: DisplayContentView(payload: payload)

/Users/admin/mortimer/source/macos/MortimerHost/Tests/MortimerHostTests/SkillsWorkspaceAccessibilityStateTests.swift:81:30: warning: 'accessibilitySetValue(_:forAttribute:)' was deprecated in macOS 10.10: Use the NSAccessibility protocol methods instead (see NSAccessibilityProtocols.h) [#DeprecatedDeclaration]
 79 |     func testLargeTextProcessStepExposesExpandedStateToAccessibilityClients() throws {
 80 |         _ = NSApplication.shared
 81 |         NSApplication.shared.accessibilitySetValue(
    |                              `- warning: 'accessibilitySetValue(_:forAttribute:)' was deprecated in macOS 10.10: Use the NSAccessibility protocol methods instead (see NSAccessibilityProtocols.h) [#DeprecatedDeclaration]
 82 |             true, forAttribute: NSAccessibility.Attribute(rawValue: "AXEnhancedUserInterface")
 83 |         )

[#DeprecatedDeclaration]: <https://docs.swift.org/compiler/documentation/diagnostics/deprecated-declaration>
[138/171] Compiling MortimerHostTests SkillsStoreCatalogSelectionTests.swift
/Users/admin/mortimer/source/macos/MortimerHost/Tests/MortimerHostTests/MemoryGraphRenderingTests.swift:30:26: warning: instance method 'run' is unavailable from asynchronous contexts; run(until:) cannot be used from async contexts.; this is an error in the Swift 6 language mode
28 |             defer { closeRenderingFixtureWindow(window) }
29 |             window.layoutIfNeeded(); view.layoutSubtreeIfNeeded()
30 |             RunLoop.main.run(until: Date().addingTimeInterval(0.2))
   |                          `- warning: instance method 'run' is unavailable from asynchronous contexts; run(until:) cannot be used from async contexts.; this is an error in the Swift 6 language mode
31 |             let bitmap = try XCTUnwrap(view.bitmapImageRepForCachingDisplay(in: view.bounds))
32 |             view.cacheDisplay(in: view.bounds, to: bitmap)

Foundation.RunLoop.run:2:11: note: 'run(until:)' declared here
1 | class RunLoop {
2 | open func run(until limitDate: Date)}
  |           `- note: 'run(until:)' declared here
3 | 

/Users/admin/mortimer/source/macos/MortimerHost/Tests/MortimerHostTests/ProtectedDisplayContentTests.swift:150:30: warning: 'accessibilitySetValue(_:forAttribute:)' was deprecated in macOS 10.10: Use the NSAccessibility protocol methods instead (see NSAccessibilityProtocols.h) [#DeprecatedDeclaration]
148 | 
149 |     private func host(_ payload: DisplayPayload) -> NSHostingView<some View> {
150 |         NSApplication.shared.accessibilitySetValue(true,
    |                              `- warning: 'accessibilitySetValue(_:forAttribute:)' was deprecated in macOS 10.10: Use the NSAccessibility protocol methods instead (see NSAccessibilityProtocols.h) [#DeprecatedDeclaration]
151 |             forAttribute: NSAccessibility.Attribute(rawValue: "AXEnhancedUserInterface"))
152 |         let view = NSHostingView(rootView: DisplayContentView(payload: payload)

/Users/admin/mortimer/source/macos/MortimerHost/Tests/MortimerHostTests/SkillsWorkspaceAccessibilityStateTests.swift:81:30: warning: 'accessibilitySetValue(_:forAttribute:)' was deprecated in macOS 10.10: Use the NSAccessibility protocol methods instead (see NSAccessibilityProtocols.h) [#DeprecatedDeclaration]
 79 |     func testLargeTextProcessStepExposesExpandedStateToAccessibilityClients() throws {
 80 |         _ = NSApplication.shared
 81 |         NSApplication.shared.accessibilitySetValue(
    |                              `- warning: 'accessibilitySetValue(_:forAttribute:)' was deprecated in macOS 10.10: Use the NSAccessibility protocol methods instead (see NSAccessibilityProtocols.h) [#DeprecatedDeclaration]
 82 |             true, forAttribute: NSAccessibility.Attribute(rawValue: "AXEnhancedUserInterface")
 83 |         )

[#DeprecatedDeclaration]: <https://docs.swift.org/compiler/documentation/diagnostics/deprecated-declaration>
[139/171] Compiling MortimerHostTests SkillsWorkspaceAccessibilityStateTests.swift
/Users/admin/mortimer/source/macos/MortimerHost/Tests/MortimerHostTests/MemoryGraphRenderingTests.swift:30:26: warning: instance method 'run' is unavailable from asynchronous contexts; run(until:) cannot be used from async contexts.; this is an error in the Swift 6 language mode
28 |             defer { closeRenderingFixtureWindow(window) }
29 |             window.layoutIfNeeded(); view.layoutSubtreeIfNeeded()
30 |             RunLoop.main.run(until: Date().addingTimeInterval(0.2))
   |                          `- warning: instance method 'run' is unavailable from asynchronous contexts; run(until:) cannot be used from async contexts.; this is an error in the Swift 6 language mode
31 |             let bitmap = try XCTUnwrap(view.bitmapImageRepForCachingDisplay(in: view.bounds))
32 |             view.cacheDisplay(in: view.bounds, to: bitmap)

Foundation.RunLoop.run:2:11: note: 'run(until:)' declared here
1 | class RunLoop {
2 | open func run(until limitDate: Date)}
  |           `- note: 'run(until:)' declared here
3 | 

/Users/admin/mortimer/source/macos/MortimerHost/Tests/MortimerHostTests/ProtectedDisplayContentTests.swift:150:30: warning: 'accessibilitySetValue(_:forAttribute:)' was deprecated in macOS 10.10: Use the NSAccessibility protocol methods instead (see NSAccessibilityProtocols.h) [#DeprecatedDeclaration]
148 | 
149 |     private func host(_ payload: DisplayPayload) -> NSHostingView<some View> {
150 |         NSApplication.shared.accessibilitySetValue(true,
    |                              `- warning: 'accessibilitySetValue(_:forAttribute:)' was deprecated in macOS 10.10: Use the NSAccessibility protocol methods instead (see NSAccessibilityProtocols.h) [#DeprecatedDeclaration]
151 |             forAttribute: NSAccessibility.Attribute(rawValue: "AXEnhancedUserInterface"))
152 |         let view = NSHostingView(rootView: DisplayContentView(payload: payload)

/Users/admin/mortimer/source/macos/MortimerHost/Tests/MortimerHostTests/SkillsWorkspaceAccessibilityStateTests.swift:81:30: warning: 'accessibilitySetValue(_:forAttribute:)' was deprecated in macOS 10.10: Use the NSAccessibility protocol methods instead (see NSAccessibilityProtocols.h) [#DeprecatedDeclaration]
 79 |     func testLargeTextProcessStepExposesExpandedStateToAccessibilityClients() throws {
 80 |         _ = NSApplication.shared
 81 |         NSApplication.shared.accessibilitySetValue(
    |                              `- warning: 'accessibilitySetValue(_:forAttribute:)' was deprecated in macOS 10.10: Use the NSAccessibility protocol methods instead (see NSAccessibilityProtocols.h) [#DeprecatedDeclaration]
 82 |             true, forAttribute: NSAccessibility.Attribute(rawValue: "AXEnhancedUserInterface")
 83 |         )

[#DeprecatedDeclaration]: <https://docs.swift.org/compiler/documentation/diagnostics/deprecated-declaration>
[140/171] Compiling MortimerHostTests SkillsWorkspaceAccessibilityStatusTests.swift
/Users/admin/mortimer/source/macos/MortimerHost/Tests/MortimerHostTests/MemoryGraphRenderingTests.swift:30:26: warning: instance method 'run' is unavailable from asynchronous contexts; run(until:) cannot be used from async contexts.; this is an error in the Swift 6 language mode
28 |             defer { closeRenderingFixtureWindow(window) }
29 |             window.layoutIfNeeded(); view.layoutSubtreeIfNeeded()
30 |             RunLoop.main.run(until: Date().addingTimeInterval(0.2))
   |                          `- warning: instance method 'run' is unavailable from asynchronous contexts; run(until:) cannot be used from async contexts.; this is an error in the Swift 6 language mode
31 |             let bitmap = try XCTUnwrap(view.bitmapImageRepForCachingDisplay(in: view.bounds))
32 |             view.cacheDisplay(in: view.bounds, to: bitmap)

Foundation.RunLoop.run:2:11: note: 'run(until:)' declared here
1 | class RunLoop {
2 | open func run(until limitDate: Date)}
  |           `- note: 'run(until:)' declared here
3 | 

/Users/admin/mortimer/source/macos/MortimerHost/Tests/MortimerHostTests/ProtectedDisplayContentTests.swift:150:30: warning: 'accessibilitySetValue(_:forAttribute:)' was deprecated in macOS 10.10: Use the NSAccessibility protocol methods instead (see NSAccessibilityProtocols.h) [#DeprecatedDeclaration]
148 | 
149 |     private func host(_ payload: DisplayPayload) -> NSHostingView<some View> {
150 |         NSApplication.shared.accessibilitySetValue(true,
    |                              `- warning: 'accessibilitySetValue(_:forAttribute:)' was deprecated in macOS 10.10: Use the NSAccessibility protocol methods instead (see NSAccessibilityProtocols.h) [#DeprecatedDeclaration]
151 |             forAttribute: NSAccessibility.Attribute(rawValue: "AXEnhancedUserInterface"))
152 |         let view = NSHostingView(rootView: DisplayContentView(payload: payload)

/Users/admin/mortimer/source/macos/MortimerHost/Tests/MortimerHostTests/SkillsWorkspaceAccessibilityStateTests.swift:81:30: warning: 'accessibilitySetValue(_:forAttribute:)' was deprecated in macOS 10.10: Use the NSAccessibility protocol methods instead (see NSAccessibilityProtocols.h) [#DeprecatedDeclaration]
 79 |     func testLargeTextProcessStepExposesExpandedStateToAccessibilityClients() throws {
 80 |         _ = NSApplication.shared
 81 |         NSApplication.shared.accessibilitySetValue(
    |                              `- warning: 'accessibilitySetValue(_:forAttribute:)' was deprecated in macOS 10.10: Use the NSAccessibility protocol methods instead (see NSAccessibilityProtocols.h) [#DeprecatedDeclaration]
 82 |             true, forAttribute: NSAccessibility.Attribute(rawValue: "AXEnhancedUserInterface")
 83 |         )

[#DeprecatedDeclaration]: <https://docs.swift.org/compiler/documentation/diagnostics/deprecated-declaration>
[141/171] Emitting module MortimerHostTests
/Users/admin/mortimer/source/macos/MortimerHost/Tests/MortimerHostTests/CompactConversationTests.swift:11:30: warning: 'accessibilitySetValue(_:forAttribute:)' was deprecated in macOS 10.10: Use the NSAccessibility protocol methods instead (see NSAccessibilityProtocols.h) [#DeprecatedDeclaration]
 9 |     func testSavedCompactPreferenceChangesNativeConversationPresentation() throws {
10 |         _ = NSApplication.shared
11 |         NSApplication.shared.accessibilitySetValue(true,
   |                              `- warning: 'accessibilitySetValue(_:forAttribute:)' was deprecated in macOS 10.10: Use the NSAccessibility protocol methods instead (see NSAccessibilityProtocols.h) [#DeprecatedDeclaration]
12 |             forAttribute: NSAccessibility.Attribute(rawValue: "AXEnhancedUserInterface"))
13 |         let suite = "compact-conversation-" + UUID().uuidString

/Users/admin/mortimer/source/macos/MortimerHost/Tests/MortimerHostTests/DrawerTabStripRenderingTests.swift:156:30: warning: 'accessibilitySetValue(_:forAttribute:)' was deprecated in macOS 10.10: Use the NSAccessibility protocol methods instead (see NSAccessibilityProtocols.h) [#DeprecatedDeclaration]
154 |     func testOverflowButtonsReachBothEndsWithoutChangingSelection() throws {
155 |         _ = NSApplication.shared
156 |         NSApplication.shared.accessibilitySetValue(true,
    |                              `- warning: 'accessibilitySetValue(_:forAttribute:)' was deprecated in macOS 10.10: Use the NSAccessibility protocol methods instead (see NSAccessibilityProtocols.h) [#DeprecatedDeclaration]
157 |             forAttribute: NSAccessibility.Attribute(rawValue: "AXEnhancedUserInterface"))
158 |         let selection = HeaderSelection()

/Users/admin/mortimer/source/macos/MortimerHost/Tests/MortimerHostTests/SupportingDisplayAcceptanceTests.swift:125:30: warning: 'accessibilitySetValue(_:forAttribute:)' was deprecated in macOS 10.10: Use the NSAccessibility protocol methods instead (see NSAccessibilityProtocols.h) [#DeprecatedDeclaration]
123 |     func testReturningToOriginalPanelsPreservesResearchPinsAndReadingState() throws {
124 |         _ = NSApplication.shared
125 |         NSApplication.shared.accessibilitySetValue(true,
    |                              `- warning: 'accessibilitySetValue(_:forAttribute:)' was deprecated in macOS 10.10: Use the NSAccessibility protocol methods instead (see NSAccessibilityProtocols.h) [#DeprecatedDeclaration]
126 |             forAttribute: NSAccessibility.Attribute(rawValue: "AXEnhancedUserInterface"))
127 |         let suite = "supporting-display-" + UUID().uuidString

[#DeprecatedDeclaration]: <https://docs.swift.org/compiler/documentation/diagnostics/deprecated-declaration>
[142/171] Compiling MortimerHostTests DisplayWindowPrivacyBoundaryTests.swift
/Users/admin/mortimer/source/macos/MortimerHost/Tests/MortimerHostTests/DrawerTabStripKeyboardTests.swift:13:30: warning: 'accessibilitySetValue(_:forAttribute:)' was deprecated in macOS 10.10: Use the NSAccessibility protocol methods instead (see NSAccessibilityProtocols.h) [#DeprecatedDeclaration]
 11 |     func testArrowAndHomeEndKeysMoveSelectionAndRevealTheSelectedLabel() throws {
 12 |         _ = NSApplication.shared
 13 |         NSApplication.shared.accessibilitySetValue(true,
    |                              `- warning: 'accessibilitySetValue(_:forAttribute:)' was deprecated in macOS 10.10: Use the NSAccessibility protocol methods instead (see NSAccessibilityProtocols.h) [#DeprecatedDeclaration]
 14 |             forAttribute: NSAccessibility.Attribute(rawValue: "AXEnhancedUserInterface"))
 15 |         let selection = KeyboardHeaderSelection()

/Users/admin/mortimer/source/macos/MortimerHost/Tests/MortimerHostTests/DrawerTabStripRenderingTests.swift:11:30: warning: 'accessibilitySetValue(_:forAttribute:)' was deprecated in macOS 10.10: Use the NSAccessibility protocol methods instead (see NSAccessibilityProtocols.h) [#DeprecatedDeclaration]
  9 |     func testNarrowStripRevealsEntireSelectedLastTab() throws {
 10 |         _ = NSApplication.shared
 11 |         NSApplication.shared.accessibilitySetValue(true,
    |                              `- warning: 'accessibilitySetValue(_:forAttribute:)' was deprecated in macOS 10.10: Use the NSAccessibility protocol methods instead (see NSAccessibilityProtocols.h) [#DeprecatedDeclaration]
 12 |             forAttribute: NSAccessibility.Attribute(rawValue: "AXEnhancedUserInterface"))
 13 |         let view = NSHostingView(rootView: DrawerTabStrip(selectedTab: "costs", attention: [:], select: { _ in })

/Users/admin/mortimer/source/macos/MortimerHost/Tests/MortimerHostTests/DrawerTabStripRenderingTests.swift:54:30: warning: 'accessibilitySetValue(_:forAttribute:)' was deprecated in macOS 10.10: Use the NSAccessibility protocol methods instead (see NSAccessibilityProtocols.h) [#DeprecatedDeclaration]
 52 |     func testNarrowMountedStripRevealsEverySelectionInBothDirections() throws {
 53 |         _ = NSApplication.shared
 54 |         NSApplication.shared.accessibilitySetValue(true,
    |                              `- warning: 'accessibilitySetValue(_:forAttribute:)' was deprecated in macOS 10.10: Use the NSAccessibility protocol methods instead (see NSAccessibilityProtocols.h) [#DeprecatedDeclaration]
 55 |             forAttribute: NSAccessibility.Attribute(rawValue: "AXEnhancedUserInterface"))
 56 |         let selection = HeaderSelection()

/Users/admin/mortimer/source/macos/MortimerHost/Tests/MortimerHostTests/DrawerTabStripRenderingTests.swift:102:30: warning: 'accessibilitySetValue(_:forAttribute:)' was deprecated in macOS 10.10: Use the NSAccessibility protocol methods instead (see NSAccessibilityProtocols.h) [#DeprecatedDeclaration]
100 |     func testLargeTextMountedStripRevealsEverySelection() throws {
101 |         _ = NSApplication.shared
102 |         NSApplication.shared.accessibilitySetValue(true,
    |                              `- warning: 'accessibilitySetValue(_:forAttribute:)' was deprecated in macOS 10.10: Use the NSAccessibility protocol methods instead (see NSAccessibilityProtocols.h) [#DeprecatedDeclaration]
103 |             forAttribute: NSAccessibility.Attribute(rawValue: "AXEnhancedUserInterface"))
104 |         let selection = HeaderSelection()

/Users/admin/mortimer/source/macos/MortimerHost/Tests/MortimerHostTests/DrawerTabStripRenderingTests.swift:156:30: warning: 'accessibilitySetValue(_:forAttribute:)' was deprecated in macOS 10.10: Use the NSAccessibility protocol methods instead (see NSAccessibilityProtocols.h) [#DeprecatedDeclaration]
154 |     func testOverflowButtonsReachBothEndsWithoutChangingSelection() throws {
155 |         _ = NSApplication.shared
156 |         NSApplication.shared.accessibilitySetValue(true,
    |                              `- warning: 'accessibilitySetValue(_:forAttribute:)' was deprecated in macOS 10.10: Use the NSAccessibility protocol methods instead (see NSAccessibilityProtocols.h) [#DeprecatedDeclaration]
157 |             forAttribute: NSAccessibility.Attribute(rawValue: "AXEnhancedUserInterface"))
158 |         let selection = HeaderSelection()

/Users/admin/mortimer/source/macos/MortimerHost/Tests/MortimerHostTests/DrawerTabStripRenderingTests.swift:207:30: warning: 'accessibilitySetValue(_:forAttribute:)' was deprecated in macOS 10.10: Use the NSAccessibility protocol methods instead (see NSAccessibilityProtocols.h) [#DeprecatedDeclaration]
205 |     func testWideHeaderExposesEveryLabel() throws {
206 |         _ = NSApplication.shared
207 |         NSApplication.shared.accessibilitySetValue(true,
    |                              `- warning: 'accessibilitySetValue(_:forAttribute:)' was deprecated in macOS 10.10: Use the NSAccessibility protocol methods instead (see NSAccessibilityProtocols.h) [#DeprecatedDeclaration]
208 |             forAttribute: NSAccessibility.Attribute(rawValue: "AXEnhancedUserInterface"))
209 |         let view = NSHostingView(rootView: DrawerTabStrip(selectedTab: "memory", attention: [:], select: { _ in })

/Users/admin/mortimer/source/macos/MortimerHost/Tests/MortimerHostTests/DrawerViewMinimumWidthTests.swift:23:30: warning: 'accessibilitySetValue(_:forAttribute:)' was deprecated in macOS 10.10: Use the NSAccessibility protocol methods instead (see NSAccessibilityProtocols.h) [#DeprecatedDeclaration]
21 |     private func checkDrawer(poppedOut: Bool) throws {
22 |         _ = NSApplication.shared
23 |         NSApplication.shared.accessibilitySetValue(true,
   |                              `- warning: 'accessibilitySetValue(_:forAttribute:)' was deprecated in macOS 10.10: Use the NSAccessibility protocol methods instead (see NSAccessibilityProtocols.h) [#DeprecatedDeclaration]
24 |             forAttribute: NSAccessibility.Attribute(rawValue: "AXEnhancedUserInterface"))
25 |         let suite = "drawer-min-width-" + UUID().uuidString

/Users/admin/mortimer/source/macos/MortimerHost/Tests/MortimerHostTests/FullConsoleRenderingTests.swift:35:30: warning: 'accessibilitySetValue(_:forAttribute:)' was deprecated in macOS 10.10: Use the NSAccessibility protocol methods instead (see NSAccessibilityProtocols.h) [#DeprecatedDeclaration]
 33 |     private func checkConsole(tabTextSize: Double, layoutVersion: Int = 1, startup: Bool = false) throws {
 34 |         _ = NSApplication.shared
 35 |         NSApplication.shared.accessibilitySetValue(true,
    |                              `- warning: 'accessibilitySetValue(_:forAttribute:)' was deprecated in macOS 10.10: Use the NSAccessibility protocol methods instead (see NSAccessibilityProtocols.h) [#DeprecatedDeclaration]
 36 |             forAttribute: NSAccessibility.Attribute(rawValue: "AXEnhancedUserInterface"))
 37 |         let suite = "full-console-" + UUID().uuidString

/Users/admin/mortimer/source/macos/MortimerHost/Tests/MortimerHostTests/KnowledgeAtlasTests.swift:33:30: warning: 'accessibilitySetValue(_:forAttribute:)' was deprecated in macOS 10.10: Use the NSAccessibility protocol methods instead (see NSAccessibilityProtocols.h) [#DeprecatedDeclaration]
 31 |     func testMountedAtlasResultControlExposesAccessibilityLabelAndValue() throws {
 32 |         _ = NSApplication.shared
 33 |         NSApplication.shared.accessibilitySetValue(true,
    |                              `- warning: 'accessibilitySetValue(_:forAttribute:)' was deprecated in macOS 10.10: Use the NSAccessibility protocol methods instead (see NSAccessibilityProtocols.h) [#DeprecatedDeclaration]
 34 |             forAttribute: NSAccessibility.Attribute(rawValue: "AXEnhancedUserInterface"))
 35 |         let card = AtlasCard(id: UUID(), title: "Weather", summary: "Rain after 4 PM",

[#DeprecatedDeclaration]: <https://docs.swift.org/compiler/documentation/diagnostics/deprecated-declaration>
[143/171] Compiling MortimerHostTests DrawerModelsTests.swift
/Users/admin/mortimer/source/macos/MortimerHost/Tests/MortimerHostTests/DrawerTabStripKeyboardTests.swift:13:30: warning: 'accessibilitySetValue(_:forAttribute:)' was deprecated in macOS 10.10: Use the NSAccessibility protocol methods instead (see NSAccessibilityProtocols.h) [#DeprecatedDeclaration]
 11 |     func testArrowAndHomeEndKeysMoveSelectionAndRevealTheSelectedLabel() throws {
 12 |         _ = NSApplication.shared
 13 |         NSApplication.shared.accessibilitySetValue(true,
    |                              `- warning: 'accessibilitySetValue(_:forAttribute:)' was deprecated in macOS 10.10: Use the NSAccessibility protocol methods instead (see NSAccessibilityProtocols.h) [#DeprecatedDeclaration]
 14 |             forAttribute: NSAccessibility.Attribute(rawValue: "AXEnhancedUserInterface"))
 15 |         let selection = KeyboardHeaderSelection()

/Users/admin/mortimer/source/macos/MortimerHost/Tests/MortimerHostTests/DrawerTabStripRenderingTests.swift:11:30: warning: 'accessibilitySetValue(_:forAttribute:)' was deprecated in macOS 10.10: Use the NSAccessibility protocol methods instead (see NSAccessibilityProtocols.h) [#DeprecatedDeclaration]
  9 |     func testNarrowStripRevealsEntireSelectedLastTab() throws {
 10 |         _ = NSApplication.shared
 11 |         NSApplication.shared.accessibilitySetValue(true,
    |                              `- warning: 'accessibilitySetValue(_:forAttribute:)' was deprecated in macOS 10.10: Use the NSAccessibility protocol methods instead (see NSAccessibilityProtocols.h) [#DeprecatedDeclaration]
 12 |             forAttribute: NSAccessibility.Attribute(rawValue: "AXEnhancedUserInterface"))
 13 |         let view = NSHostingView(rootView: DrawerTabStrip(selectedTab: "costs", attention: [:], select: { _ in })

/Users/admin/mortimer/source/macos/MortimerHost/Tests/MortimerHostTests/DrawerTabStripRenderingTests.swift:54:30: warning: 'accessibilitySetValue(_:forAttribute:)' was deprecated in macOS 10.10: Use the NSAccessibility protocol methods instead (see NSAccessibilityProtocols.h) [#DeprecatedDeclaration]
 52 |     func testNarrowMountedStripRevealsEverySelectionInBothDirections() throws {
 53 |         _ = NSApplication.shared
 54 |         NSApplication.shared.accessibilitySetValue(true,
    |                              `- warning: 'accessibilitySetValue(_:forAttribute:)' was deprecated in macOS 10.10: Use the NSAccessibility protocol methods instead (see NSAccessibilityProtocols.h) [#DeprecatedDeclaration]
 55 |             forAttribute: NSAccessibility.Attribute(rawValue: "AXEnhancedUserInterface"))
 56 |         let selection = HeaderSelection()

/Users/admin/mortimer/source/macos/MortimerHost/Tests/MortimerHostTests/DrawerTabStripRenderingTests.swift:102:30: warning: 'accessibilitySetValue(_:forAttribute:)' was deprecated in macOS 10.10: Use the NSAccessibility protocol methods instead (see NSAccessibilityProtocols.h) [#DeprecatedDeclaration]
100 |     func testLargeTextMountedStripRevealsEverySelection() throws {
101 |         _ = NSApplication.shared
102 |         NSApplication.shared.accessibilitySetValue(true,
    |                              `- warning: 'accessibilitySetValue(_:forAttribute:)' was deprecated in macOS 10.10: Use the NSAccessibility protocol methods instead (see NSAccessibilityProtocols.h) [#DeprecatedDeclaration]
103 |             forAttribute: NSAccessibility.Attribute(rawValue: "AXEnhancedUserInterface"))
104 |         let selection = HeaderSelection()

/Users/admin/mortimer/source/macos/MortimerHost/Tests/MortimerHostTests/DrawerTabStripRenderingTests.swift:156:30: warning: 'accessibilitySetValue(_:forAttribute:)' was deprecated in macOS 10.10: Use the NSAccessibility protocol methods instead (see NSAccessibilityProtocols.h) [#DeprecatedDeclaration]
154 |     func testOverflowButtonsReachBothEndsWithoutChangingSelection() throws {
155 |         _ = NSApplication.shared
156 |         NSApplication.shared.accessibilitySetValue(true,
    |                              `- warning: 'accessibilitySetValue(_:forAttribute:)' was deprecated in macOS 10.10: Use the NSAccessibility protocol methods instead (see NSAccessibilityProtocols.h) [#DeprecatedDeclaration]
157 |             forAttribute: NSAccessibility.Attribute(rawValue: "AXEnhancedUserInterface"))
158 |         let selection = HeaderSelection()

/Users/admin/mortimer/source/macos/MortimerHost/Tests/MortimerHostTests/DrawerTabStripRenderingTests.swift:207:30: warning: 'accessibilitySetValue(_:forAttribute:)' was deprecated in macOS 10.10: Use the NSAccessibility protocol methods instead (see NSAccessibilityProtocols.h) [#DeprecatedDeclaration]
205 |     func testWideHeaderExposesEveryLabel() throws {
206 |         _ = NSApplication.shared
207 |         NSApplication.shared.accessibilitySetValue(true,
    |                              `- warning: 'accessibilitySetValue(_:forAttribute:)' was deprecated in macOS 10.10: Use the NSAccessibility protocol methods instead (see NSAccessibilityProtocols.h) [#DeprecatedDeclaration]
208 |             forAttribute: NSAccessibility.Attribute(rawValue: "AXEnhancedUserInterface"))
209 |         let view = NSHostingView(rootView: DrawerTabStrip(selectedTab: "memory", attention: [:], select: { _ in })

/Users/admin/mortimer/source/macos/MortimerHost/Tests/MortimerHostTests/DrawerViewMinimumWidthTests.swift:23:30: warning: 'accessibilitySetValue(_:forAttribute:)' was deprecated in macOS 10.10: Use the NSAccessibility protocol methods instead (see NSAccessibilityProtocols.h) [#DeprecatedDeclaration]
21 |     private func checkDrawer(poppedOut: Bool) throws {
22 |         _ = NSApplication.shared
23 |         NSApplication.shared.accessibilitySetValue(true,
   |                              `- warning: 'accessibilitySetValue(_:forAttribute:)' was deprecated in macOS 10.10: Use the NSAccessibility protocol methods instead (see NSAccessibilityProtocols.h) [#DeprecatedDeclaration]
24 |             forAttribute: NSAccessibility.Attribute(rawValue: "AXEnhancedUserInterface"))
25 |         let suite = "drawer-min-width-" + UUID().uuidString

/Users/admin/mortimer/source/macos/MortimerHost/Tests/MortimerHostTests/FullConsoleRenderingTests.swift:35:30: warning: 'accessibilitySetValue(_:forAttribute:)' was deprecated in macOS 10.10: Use the NSAccessibility protocol methods instead (see NSAccessibilityProtocols.h) [#DeprecatedDeclaration]
 33 |     private func checkConsole(tabTextSize: Double, layoutVersion: Int = 1, startup: Bool = false) throws {
 34 |         _ = NSApplication.shared
 35 |         NSApplication.shared.accessibilitySetValue(true,
    |                              `- warning: 'accessibilitySetValue(_:forAttribute:)' was deprecated in macOS 10.10: Use the NSAccessibility protocol methods instead (see NSAccessibilityProtocols.h) [#DeprecatedDeclaration]
 36 |             forAttribute: NSAccessibility.Attribute(rawValue: "AXEnhancedUserInterface"))
 37 |         let suite = "full-console-" + UUID().uuidString

/Users/admin/mortimer/source/macos/MortimerHost/Tests/MortimerHostTests/KnowledgeAtlasTests.swift:33:30: warning: 'accessibilitySetValue(_:forAttribute:)' was deprecated in macOS 10.10: Use the NSAccessibility protocol methods instead (see NSAccessibilityProtocols.h) [#DeprecatedDeclaration]
 31 |     func testMountedAtlasResultControlExposesAccessibilityLabelAndValue() throws {
 32 |         _ = NSApplication.shared
 33 |         NSApplication.shared.accessibilitySetValue(true,
    |                              `- warning: 'accessibilitySetValue(_:forAttribute:)' was deprecated in macOS 10.10: Use the NSAccessibility protocol methods instead (see NSAccessibilityProtocols.h) [#DeprecatedDeclaration]
 34 |             forAttribute: NSAccessibility.Attribute(rawValue: "AXEnhancedUserInterface"))
 35 |         let card = AtlasCard(id: UUID(), title: "Weather", summary: "Rain after 4 PM",

[#DeprecatedDeclaration]: <https://docs.swift.org/compiler/documentation/diagnostics/deprecated-declaration>
[144/171] Compiling MortimerHostTests DrawerScrollRestorationTests.swift
/Users/admin/mortimer/source/macos/MortimerHost/Tests/MortimerHostTests/DrawerTabStripKeyboardTests.swift:13:30: warning: 'accessibilitySetValue(_:forAttribute:)' was deprecated in macOS 10.10: Use the NSAccessibility protocol methods instead (see NSAccessibilityProtocols.h) [#DeprecatedDeclaration]
 11 |     func testArrowAndHomeEndKeysMoveSelectionAndRevealTheSelectedLabel() throws {
 12 |         _ = NSApplication.shared
 13 |         NSApplication.shared.accessibilitySetValue(true,
    |                              `- warning: 'accessibilitySetValue(_:forAttribute:)' was deprecated in macOS 10.10: Use the NSAccessibility protocol methods instead (see NSAccessibilityProtocols.h) [#DeprecatedDeclaration]
 14 |             forAttribute: NSAccessibility.Attribute(rawValue: "AXEnhancedUserInterface"))
 15 |         let selection = KeyboardHeaderSelection()

/Users/admin/mortimer/source/macos/MortimerHost/Tests/MortimerHostTests/DrawerTabStripRenderingTests.swift:11:30: warning: 'accessibilitySetValue(_:forAttribute:)' was deprecated in macOS 10.10: Use the NSAccessibility protocol methods instead (see NSAccessibilityProtocols.h) [#DeprecatedDeclaration]
  9 |     func testNarrowStripRevealsEntireSelectedLastTab() throws {
 10 |         _ = NSApplication.shared
 11 |         NSApplication.shared.accessibilitySetValue(true,
    |                              `- warning: 'accessibilitySetValue(_:forAttribute:)' was deprecated in macOS 10.10: Use the NSAccessibility protocol methods instead (see NSAccessibilityProtocols.h) [#DeprecatedDeclaration]
 12 |             forAttribute: NSAccessibility.Attribute(rawValue: "AXEnhancedUserInterface"))
 13 |         let view = NSHostingView(rootView: DrawerTabStrip(selectedTab: "costs", attention: [:], select: { _ in })

/Users/admin/mortimer/source/macos/MortimerHost/Tests/MortimerHostTests/DrawerTabStripRenderingTests.swift:54:30: warning: 'accessibilitySetValue(_:forAttribute:)' was deprecated in macOS 10.10: Use the NSAccessibility protocol methods instead (see NSAccessibilityProtocols.h) [#DeprecatedDeclaration]
 52 |     func testNarrowMountedStripRevealsEverySelectionInBothDirections() throws {
 53 |         _ = NSApplication.shared
 54 |         NSApplication.shared.accessibilitySetValue(true,
    |                              `- warning: 'accessibilitySetValue(_:forAttribute:)' was deprecated in macOS 10.10: Use the NSAccessibility protocol methods instead (see NSAccessibilityProtocols.h) [#DeprecatedDeclaration]
 55 |             forAttribute: NSAccessibility.Attribute(rawValue: "AXEnhancedUserInterface"))
 56 |         let selection = HeaderSelection()

/Users/admin/mortimer/source/macos/MortimerHost/Tests/MortimerHostTests/DrawerTabStripRenderingTests.swift:102:30: warning: 'accessibilitySetValue(_:forAttribute:)' was deprecated in macOS 10.10: Use the NSAccessibility protocol methods instead (see NSAccessibilityProtocols.h) [#DeprecatedDeclaration]
100 |     func testLargeTextMountedStripRevealsEverySelection() throws {
101 |         _ = NSApplication.shared
102 |         NSApplication.shared.accessibilitySetValue(true,
    |                              `- warning: 'accessibilitySetValue(_:forAttribute:)' was deprecated in macOS 10.10: Use the NSAccessibility protocol methods instead (see NSAccessibilityProtocols.h) [#DeprecatedDeclaration]
103 |             forAttribute: NSAccessibility.Attribute(rawValue: "AXEnhancedUserInterface"))
104 |         let selection = HeaderSelection()

/Users/admin/mortimer/source/macos/MortimerHost/Tests/MortimerHostTests/DrawerTabStripRenderingTests.swift:156:30: warning: 'accessibilitySetValue(_:forAttribute:)' was deprecated in macOS 10.10: Use the NSAccessibility protocol methods instead (see NSAccessibilityProtocols.h) [#DeprecatedDeclaration]
154 |     func testOverflowButtonsReachBothEndsWithoutChangingSelection() throws {
155 |         _ = NSApplication.shared
156 |         NSApplication.shared.accessibilitySetValue(true,
    |                              `- warning: 'accessibilitySetValue(_:forAttribute:)' was deprecated in macOS 10.10: Use the NSAccessibility protocol methods instead (see NSAccessibilityProtocols.h) [#DeprecatedDeclaration]
157 |             forAttribute: NSAccessibility.Attribute(rawValue: "AXEnhancedUserInterface"))
158 |         let selection = HeaderSelection()

/Users/admin/mortimer/source/macos/MortimerHost/Tests/MortimerHostTests/DrawerTabStripRenderingTests.swift:207:30: warning: 'accessibilitySetValue(_:forAttribute:)' was deprecated in macOS 10.10: Use the NSAccessibility protocol methods instead (see NSAccessibilityProtocols.h) [#DeprecatedDeclaration]
205 |     func testWideHeaderExposesEveryLabel() throws {
206 |         _ = NSApplication.shared
207 |         NSApplication.shared.accessibilitySetValue(true,
    |                              `- warning: 'accessibilitySetValue(_:forAttribute:)' was deprecated in macOS 10.10: Use the NSAccessibility protocol methods instead (see NSAccessibilityProtocols.h) [#DeprecatedDeclaration]
208 |             forAttribute: NSAccessibility.Attribute(rawValue: "AXEnhancedUserInterface"))
209 |         let view = NSHostingView(rootView: DrawerTabStrip(selectedTab: "memory", attention: [:], select: { _ in })

/Users/admin/mortimer/source/macos/MortimerHost/Tests/MortimerHostTests/DrawerViewMinimumWidthTests.swift:23:30: warning: 'accessibilitySetValue(_:forAttribute:)' was deprecated in macOS 10.10: Use the NSAccessibility protocol methods instead (see NSAccessibilityProtocols.h) [#DeprecatedDeclaration]
21 |     private func checkDrawer(poppedOut: Bool) throws {
22 |         _ = NSApplication.shared
23 |         NSApplication.shared.accessibilitySetValue(true,
   |                              `- warning: 'accessibilitySetValue(_:forAttribute:)' was deprecated in macOS 10.10: Use the NSAccessibility protocol methods instead (see NSAccessibilityProtocols.h) [#DeprecatedDeclaration]
24 |             forAttribute: NSAccessibility.Attribute(rawValue: "AXEnhancedUserInterface"))
25 |         let suite = "drawer-min-width-" + UUID().uuidString

/Users/admin/mortimer/source/macos/MortimerHost/Tests/MortimerHostTests/FullConsoleRenderingTests.swift:35:30: warning: 'accessibilitySetValue(_:forAttribute:)' was deprecated in macOS 10.10: Use the NSAccessibility protocol methods instead (see NSAccessibilityProtocols.h) [#DeprecatedDeclaration]
 33 |     private func checkConsole(tabTextSize: Double, layoutVersion: Int = 1, startup: Bool = false) throws {
 34 |         _ = NSApplication.shared
 35 |         NSApplication.shared.accessibilitySetValue(true,
    |                              `- warning: 'accessibilitySetValue(_:forAttribute:)' was deprecated in macOS 10.10: Use the NSAccessibility protocol methods instead (see NSAccessibilityProtocols.h) [#DeprecatedDeclaration]
 36 |             forAttribute: NSAccessibility.Attribute(rawValue: "AXEnhancedUserInterface"))
 37 |         let suite = "full-console-" + UUID().uuidString

/Users/admin/mortimer/source/macos/MortimerHost/Tests/MortimerHostTests/KnowledgeAtlasTests.swift:33:30: warning: 'accessibilitySetValue(_:forAttribute:)' was deprecated in macOS 10.10: Use the NSAccessibility protocol methods instead (see NSAccessibilityProtocols.h) [#DeprecatedDeclaration]
 31 |     func testMountedAtlasResultControlExposesAccessibilityLabelAndValue() throws {
 32 |         _ = NSApplication.shared
 33 |         NSApplication.shared.accessibilitySetValue(true,
    |                              `- warning: 'accessibilitySetValue(_:forAttribute:)' was deprecated in macOS 10.10: Use the NSAccessibility protocol methods instead (see NSAccessibilityProtocols.h) [#DeprecatedDeclaration]
 34 |             forAttribute: NSAccessibility.Attribute(rawValue: "AXEnhancedUserInterface"))
 35 |         let card = AtlasCard(id: UUID(), title: "Weather", summary: "Rain after 4 PM",

[#DeprecatedDeclaration]: <https://docs.swift.org/compiler/documentation/diagnostics/deprecated-declaration>
[145/171] Compiling MortimerHostTests DrawerScrollWriterTests.swift
/Users/admin/mortimer/source/macos/MortimerHost/Tests/MortimerHostTests/DrawerTabStripKeyboardTests.swift:13:30: warning: 'accessibilitySetValue(_:forAttribute:)' was deprecated in macOS 10.10: Use the NSAccessibility protocol methods instead (see NSAccessibilityProtocols.h) [#DeprecatedDeclaration]
 11 |     func testArrowAndHomeEndKeysMoveSelectionAndRevealTheSelectedLabel() throws {
 12 |         _ = NSApplication.shared
 13 |         NSApplication.shared.accessibilitySetValue(true,
    |                              `- warning: 'accessibilitySetValue(_:forAttribute:)' was deprecated in macOS 10.10: Use the NSAccessibility protocol methods instead (see NSAccessibilityProtocols.h) [#DeprecatedDeclaration]
 14 |             forAttribute: NSAccessibility.Attribute(rawValue: "AXEnhancedUserInterface"))
 15 |         let selection = KeyboardHeaderSelection()

/Users/admin/mortimer/source/macos/MortimerHost/Tests/MortimerHostTests/DrawerTabStripRenderingTests.swift:11:30: warning: 'accessibilitySetValue(_:forAttribute:)' was deprecated in macOS 10.10: Use the NSAccessibility protocol methods instead (see NSAccessibilityProtocols.h) [#DeprecatedDeclaration]
  9 |     func testNarrowStripRevealsEntireSelectedLastTab() throws {
 10 |         _ = NSApplication.shared
 11 |         NSApplication.shared.accessibilitySetValue(true,
    |                              `- warning: 'accessibilitySetValue(_:forAttribute:)' was deprecated in macOS 10.10: Use the NSAccessibility protocol methods instead (see NSAccessibilityProtocols.h) [#DeprecatedDeclaration]
 12 |             forAttribute: NSAccessibility.Attribute(rawValue: "AXEnhancedUserInterface"))
 13 |         let view = NSHostingView(rootView: DrawerTabStrip(selectedTab: "costs", attention: [:], select: { _ in })

/Users/admin/mortimer/source/macos/MortimerHost/Tests/MortimerHostTests/DrawerTabStripRenderingTests.swift:54:30: warning: 'accessibilitySetValue(_:forAttribute:)' was deprecated in macOS 10.10: Use the NSAccessibility protocol methods instead (see NSAccessibilityProtocols.h) [#DeprecatedDeclaration]
 52 |     func testNarrowMountedStripRevealsEverySelectionInBothDirections() throws {
 53 |         _ = NSApplication.shared
 54 |         NSApplication.shared.accessibilitySetValue(true,
    |                              `- warning: 'accessibilitySetValue(_:forAttribute:)' was deprecated in macOS 10.10: Use the NSAccessibility protocol methods instead (see NSAccessibilityProtocols.h) [#DeprecatedDeclaration]
 55 |             forAttribute: NSAccessibility.Attribute(rawValue: "AXEnhancedUserInterface"))
 56 |         let selection = HeaderSelection()

/Users/admin/mortimer/source/macos/MortimerHost/Tests/MortimerHostTests/DrawerTabStripRenderingTests.swift:102:30: warning: 'accessibilitySetValue(_:forAttribute:)' was deprecated in macOS 10.10: Use the NSAccessibility protocol methods instead (see NSAccessibilityProtocols.h) [#DeprecatedDeclaration]
100 |     func testLargeTextMountedStripRevealsEverySelection() throws {
101 |         _ = NSApplication.shared
102 |         NSApplication.shared.accessibilitySetValue(true,
    |                              `- warning: 'accessibilitySetValue(_:forAttribute:)' was deprecated in macOS 10.10: Use the NSAccessibility protocol methods instead (see NSAccessibilityProtocols.h) [#DeprecatedDeclaration]
103 |             forAttribute: NSAccessibility.Attribute(rawValue: "AXEnhancedUserInterface"))
104 |         let selection = HeaderSelection()

/Users/admin/mortimer/source/macos/MortimerHost/Tests/MortimerHostTests/DrawerTabStripRenderingTests.swift:156:30: warning: 'accessibilitySetValue(_:forAttribute:)' was deprecated in macOS 10.10: Use the NSAccessibility protocol methods instead (see NSAccessibilityProtocols.h) [#DeprecatedDeclaration]
154 |     func testOverflowButtonsReachBothEndsWithoutChangingSelection() throws {
155 |         _ = NSApplication.shared
156 |         NSApplication.shared.accessibilitySetValue(true,
    |                              `- warning: 'accessibilitySetValue(_:forAttribute:)' was deprecated in macOS 10.10: Use the NSAccessibility protocol methods instead (see NSAccessibilityProtocols.h) [#DeprecatedDeclaration]
157 |             forAttribute: NSAccessibility.Attribute(rawValue: "AXEnhancedUserInterface"))
158 |         let selection = HeaderSelection()

/Users/admin/mortimer/source/macos/MortimerHost/Tests/MortimerHostTests/DrawerTabStripRenderingTests.swift:207:30: warning: 'accessibilitySetValue(_:forAttribute:)' was deprecated in macOS 10.10: Use the NSAccessibility protocol methods instead (see NSAccessibilityProtocols.h) [#DeprecatedDeclaration]
205 |     func testWideHeaderExposesEveryLabel() throws {
206 |         _ = NSApplication.shared
207 |         NSApplication.shared.accessibilitySetValue(true,
    |                              `- warning: 'accessibilitySetValue(_:forAttribute:)' was deprecated in macOS 10.10: Use the NSAccessibility protocol methods instead (see NSAccessibilityProtocols.h) [#DeprecatedDeclaration]
208 |             forAttribute: NSAccessibility.Attribute(rawValue: "AXEnhancedUserInterface"))
209 |         let view = NSHostingView(rootView: DrawerTabStrip(selectedTab: "memory", attention: [:], select: { _ in })

/Users/admin/mortimer/source/macos/MortimerHost/Tests/MortimerHostTests/DrawerViewMinimumWidthTests.swift:23:30: warning: 'accessibilitySetValue(_:forAttribute:)' was deprecated in macOS 10.10: Use the NSAccessibility protocol methods instead (see NSAccessibilityProtocols.h) [#DeprecatedDeclaration]
21 |     private func checkDrawer(poppedOut: Bool) throws {
22 |         _ = NSApplication.shared
23 |         NSApplication.shared.accessibilitySetValue(true,
   |                              `- warning: 'accessibilitySetValue(_:forAttribute:)' was deprecated in macOS 10.10: Use the NSAccessibility protocol methods instead (see NSAccessibilityProtocols.h) [#DeprecatedDeclaration]
24 |             forAttribute: NSAccessibility.Attribute(rawValue: "AXEnhancedUserInterface"))
25 |         let suite = "drawer-min-width-" + UUID().uuidString

/Users/admin/mortimer/source/macos/MortimerHost/Tests/MortimerHostTests/FullConsoleRenderingTests.swift:35:30: warning: 'accessibilitySetValue(_:forAttribute:)' was deprecated in macOS 10.10: Use the NSAccessibility protocol methods instead (see NSAccessibilityProtocols.h) [#DeprecatedDeclaration]
 33 |     private func checkConsole(tabTextSize: Double, layoutVersion: Int = 1, startup: Bool = false) throws {
 34 |         _ = NSApplication.shared
 35 |         NSApplication.shared.accessibilitySetValue(true,
    |                              `- warning: 'accessibilitySetValue(_:forAttribute:)' was deprecated in macOS 10.10: Use the NSAccessibility protocol methods instead (see NSAccessibilityProtocols.h) [#DeprecatedDeclaration]
 36 |             forAttribute: NSAccessibility.Attribute(rawValue: "AXEnhancedUserInterface"))
 37 |         let suite = "full-console-" + UUID().uuidString

/Users/admin/mortimer/source/macos/MortimerHost/Tests/MortimerHostTests/KnowledgeAtlasTests.swift:33:30: warning: 'accessibilitySetValue(_:forAttribute:)' was deprecated in macOS 10.10: Use the NSAccessibility protocol methods instead (see NSAccessibilityProtocols.h) [#DeprecatedDeclaration]
 31 |     func testMountedAtlasResultControlExposesAccessibilityLabelAndValue() throws {
 32 |         _ = NSApplication.shared
 33 |         NSApplication.shared.accessibilitySetValue(true,
    |                              `- warning: 'accessibilitySetValue(_:forAttribute:)' was deprecated in macOS 10.10: Use the NSAccessibility protocol methods instead (see NSAccessibilityProtocols.h) [#DeprecatedDeclaration]
 34 |             forAttribute: NSAccessibility.Attribute(rawValue: "AXEnhancedUserInterface"))
 35 |         let card = AtlasCard(id: UUID(), title: "Weather", summary: "Rain after 4 PM",

[#DeprecatedDeclaration]: <https://docs.swift.org/compiler/documentation/diagnostics/deprecated-declaration>
[146/171] Compiling MortimerHostTests DrawerTabStripKeyboardTests.swift
/Users/admin/mortimer/source/macos/MortimerHost/Tests/MortimerHostTests/DrawerTabStripKeyboardTests.swift:13:30: warning: 'accessibilitySetValue(_:forAttribute:)' was deprecated in macOS 10.10: Use the NSAccessibility protocol methods instead (see NSAccessibilityProtocols.h) [#DeprecatedDeclaration]
 11 |     func testArrowAndHomeEndKeysMoveSelectionAndRevealTheSelectedLabel() throws {
 12 |         _ = NSApplication.shared
 13 |         NSApplication.shared.accessibilitySetValue(true,
    |                              `- warning: 'accessibilitySetValue(_:forAttribute:)' was deprecated in macOS 10.10: Use the NSAccessibility protocol methods instead (see NSAccessibilityProtocols.h) [#DeprecatedDeclaration]
 14 |             forAttribute: NSAccessibility.Attribute(rawValue: "AXEnhancedUserInterface"))
 15 |         let selection = KeyboardHeaderSelection()

/Users/admin/mortimer/source/macos/MortimerHost/Tests/MortimerHostTests/DrawerTabStripRenderingTests.swift:11:30: warning: 'accessibilitySetValue(_:forAttribute:)' was deprecated in macOS 10.10: Use the NSAccessibility protocol methods instead (see NSAccessibilityProtocols.h) [#DeprecatedDeclaration]
  9 |     func testNarrowStripRevealsEntireSelectedLastTab() throws {
 10 |         _ = NSApplication.shared
 11 |         NSApplication.shared.accessibilitySetValue(true,
    |                              `- warning: 'accessibilitySetValue(_:forAttribute:)' was deprecated in macOS 10.10: Use the NSAccessibility protocol methods instead (see NSAccessibilityProtocols.h) [#DeprecatedDeclaration]
 12 |             forAttribute: NSAccessibility.Attribute(rawValue: "AXEnhancedUserInterface"))
 13 |         let view = NSHostingView(rootView: DrawerTabStrip(selectedTab: "costs", attention: [:], select: { _ in })

/Users/admin/mortimer/source/macos/MortimerHost/Tests/MortimerHostTests/DrawerTabStripRenderingTests.swift:54:30: warning: 'accessibilitySetValue(_:forAttribute:)' was deprecated in macOS 10.10: Use the NSAccessibility protocol methods instead (see NSAccessibilityProtocols.h) [#DeprecatedDeclaration]
 52 |     func testNarrowMountedStripRevealsEverySelectionInBothDirections() throws {
 53 |         _ = NSApplication.shared
 54 |         NSApplication.shared.accessibilitySetValue(true,
    |                              `- warning: 'accessibilitySetValue(_:forAttribute:)' was deprecated in macOS 10.10: Use the NSAccessibility protocol methods instead (see NSAccessibilityProtocols.h) [#DeprecatedDeclaration]
 55 |             forAttribute: NSAccessibility.Attribute(rawValue: "AXEnhancedUserInterface"))
 56 |         let selection = HeaderSelection()

/Users/admin/mortimer/source/macos/MortimerHost/Tests/MortimerHostTests/DrawerTabStripRenderingTests.swift:102:30: warning: 'accessibilitySetValue(_:forAttribute:)' was deprecated in macOS 10.10: Use the NSAccessibility protocol methods instead (see NSAccessibilityProtocols.h) [#DeprecatedDeclaration]
100 |     func testLargeTextMountedStripRevealsEverySelection() throws {
101 |         _ = NSApplication.shared
102 |         NSApplication.shared.accessibilitySetValue(true,
    |                              `- warning: 'accessibilitySetValue(_:forAttribute:)' was deprecated in macOS 10.10: Use the NSAccessibility protocol methods instead (see NSAccessibilityProtocols.h) [#DeprecatedDeclaration]
103 |             forAttribute: NSAccessibility.Attribute(rawValue: "AXEnhancedUserInterface"))
104 |         let selection = HeaderSelection()

/Users/admin/mortimer/source/macos/MortimerHost/Tests/MortimerHostTests/DrawerTabStripRenderingTests.swift:156:30: warning: 'accessibilitySetValue(_:forAttribute:)' was deprecated in macOS 10.10: Use the NSAccessibility protocol methods instead (see NSAccessibilityProtocols.h) [#DeprecatedDeclaration]
154 |     func testOverflowButtonsReachBothEndsWithoutChangingSelection() throws {
155 |         _ = NSApplication.shared
156 |         NSApplication.shared.accessibilitySetValue(true,
    |                              `- warning: 'accessibilitySetValue(_:forAttribute:)' was deprecated in macOS 10.10: Use the NSAccessibility protocol methods instead (see NSAccessibilityProtocols.h) [#DeprecatedDeclaration]
157 |             forAttribute: NSAccessibility.Attribute(rawValue: "AXEnhancedUserInterface"))
158 |         let selection = HeaderSelection()

/Users/admin/mortimer/source/macos/MortimerHost/Tests/MortimerHostTests/DrawerTabStripRenderingTests.swift:207:30: warning: 'accessibilitySetValue(_:forAttribute:)' was deprecated in macOS 10.10: Use the NSAccessibility protocol methods instead (see NSAccessibilityProtocols.h) [#DeprecatedDeclaration]
205 |     func testWideHeaderExposesEveryLabel() throws {
206 |         _ = NSApplication.shared
207 |         NSApplication.shared.accessibilitySetValue(true,
    |                              `- warning: 'accessibilitySetValue(_:forAttribute:)' was deprecated in macOS 10.10: Use the NSAccessibility protocol methods instead (see NSAccessibilityProtocols.h) [#DeprecatedDeclaration]
208 |             forAttribute: NSAccessibility.Attribute(rawValue: "AXEnhancedUserInterface"))
209 |         let view = NSHostingView(rootView: DrawerTabStrip(selectedTab: "memory", attention: [:], select: { _ in })

/Users/admin/mortimer/source/macos/MortimerHost/Tests/MortimerHostTests/DrawerViewMinimumWidthTests.swift:23:30: warning: 'accessibilitySetValue(_:forAttribute:)' was deprecated in macOS 10.10: Use the NSAccessibility protocol methods instead (see NSAccessibilityProtocols.h) [#DeprecatedDeclaration]
21 |     private func checkDrawer(poppedOut: Bool) throws {
22 |         _ = NSApplication.shared
23 |         NSApplication.shared.accessibilitySetValue(true,
   |                              `- warning: 'accessibilitySetValue(_:forAttribute:)' was deprecated in macOS 10.10: Use the NSAccessibility protocol methods instead (see NSAccessibilityProtocols.h) [#DeprecatedDeclaration]
24 |             forAttribute: NSAccessibility.Attribute(rawValue: "AXEnhancedUserInterface"))
25 |         let suite = "drawer-min-width-" + UUID().uuidString

/Users/admin/mortimer/source/macos/MortimerHost/Tests/MortimerHostTests/FullConsoleRenderingTests.swift:35:30: warning: 'accessibilitySetValue(_:forAttribute:)' was deprecated in macOS 10.10: Use the NSAccessibility protocol methods instead (see NSAccessibilityProtocols.h) [#DeprecatedDeclaration]
 33 |     private func checkConsole(tabTextSize: Double, layoutVersion: Int = 1, startup: Bool = false) throws {
 34 |         _ = NSApplication.shared
 35 |         NSApplication.shared.accessibilitySetValue(true,
    |                              `- warning: 'accessibilitySetValue(_:forAttribute:)' was deprecated in macOS 10.10: Use the NSAccessibility protocol methods instead (see NSAccessibilityProtocols.h) [#DeprecatedDeclaration]
 36 |             forAttribute: NSAccessibility.Attribute(rawValue: "AXEnhancedUserInterface"))
 37 |         let suite = "full-console-" + UUID().uuidString

/Users/admin/mortimer/source/macos/MortimerHost/Tests/MortimerHostTests/KnowledgeAtlasTests.swift:33:30: warning: 'accessibilitySetValue(_:forAttribute:)' was deprecated in macOS 10.10: Use the NSAccessibility protocol methods instead (see NSAccessibilityProtocols.h) [#DeprecatedDeclaration]
 31 |     func testMountedAtlasResultControlExposesAccessibilityLabelAndValue() throws {
 32 |         _ = NSApplication.shared
 33 |         NSApplication.shared.accessibilitySetValue(true,
    |                              `- warning: 'accessibilitySetValue(_:forAttribute:)' was deprecated in macOS 10.10: Use the NSAccessibility protocol methods instead (see NSAccessibilityProtocols.h) [#DeprecatedDeclaration]
 34 |             forAttribute: NSAccessibility.Attribute(rawValue: "AXEnhancedUserInterface"))
 35 |         let card = AtlasCard(id: UUID(), title: "Weather", summary: "Rain after 4 PM",

[#DeprecatedDeclaration]: <https://docs.swift.org/compiler/documentation/diagnostics/deprecated-declaration>
[147/171] Compiling MortimerHostTests DrawerTabStripRenderingTests.swift
/Users/admin/mortimer/source/macos/MortimerHost/Tests/MortimerHostTests/DrawerTabStripKeyboardTests.swift:13:30: warning: 'accessibilitySetValue(_:forAttribute:)' was deprecated in macOS 10.10: Use the NSAccessibility protocol methods instead (see NSAccessibilityProtocols.h) [#DeprecatedDeclaration]
 11 |     func testArrowAndHomeEndKeysMoveSelectionAndRevealTheSelectedLabel() throws {
 12 |         _ = NSApplication.shared
 13 |         NSApplication.shared.accessibilitySetValue(true,
    |                              `- warning: 'accessibilitySetValue(_:forAttribute:)' was deprecated in macOS 10.10: Use the NSAccessibility protocol methods instead (see NSAccessibilityProtocols.h) [#DeprecatedDeclaration]
 14 |             forAttribute: NSAccessibility.Attribute(rawValue: "AXEnhancedUserInterface"))
 15 |         let selection = KeyboardHeaderSelection()

/Users/admin/mortimer/source/macos/MortimerHost/Tests/MortimerHostTests/DrawerTabStripRenderingTests.swift:11:30: warning: 'accessibilitySetValue(_:forAttribute:)' was deprecated in macOS 10.10: Use the NSAccessibility protocol methods instead (see NSAccessibilityProtocols.h) [#DeprecatedDeclaration]
  9 |     func testNarrowStripRevealsEntireSelectedLastTab() throws {
 10 |         _ = NSApplication.shared
 11 |         NSApplication.shared.accessibilitySetValue(true,
    |                              `- warning: 'accessibilitySetValue(_:forAttribute:)' was deprecated in macOS 10.10: Use the NSAccessibility protocol methods instead (see NSAccessibilityProtocols.h) [#DeprecatedDeclaration]
 12 |             forAttribute: NSAccessibility.Attribute(rawValue: "AXEnhancedUserInterface"))
 13 |         let view = NSHostingView(rootView: DrawerTabStrip(selectedTab: "costs", attention: [:], select: { _ in })

/Users/admin/mortimer/source/macos/MortimerHost/Tests/MortimerHostTests/DrawerTabStripRenderingTests.swift:54:30: warning: 'accessibilitySetValue(_:forAttribute:)' was deprecated in macOS 10.10: Use the NSAccessibility protocol methods instead (see NSAccessibilityProtocols.h) [#DeprecatedDeclaration]
 52 |     func testNarrowMountedStripRevealsEverySelectionInBothDirections() throws {
 53 |         _ = NSApplication.shared
 54 |         NSApplication.shared.accessibilitySetValue(true,
    |                              `- warning: 'accessibilitySetValue(_:forAttribute:)' was deprecated in macOS 10.10: Use the NSAccessibility protocol methods instead (see NSAccessibilityProtocols.h) [#DeprecatedDeclaration]
 55 |             forAttribute: NSAccessibility.Attribute(rawValue: "AXEnhancedUserInterface"))
 56 |         let selection = HeaderSelection()

/Users/admin/mortimer/source/macos/MortimerHost/Tests/MortimerHostTests/DrawerTabStripRenderingTests.swift:102:30: warning: 'accessibilitySetValue(_:forAttribute:)' was deprecated in macOS 10.10: Use the NSAccessibility protocol methods instead (see NSAccessibilityProtocols.h) [#DeprecatedDeclaration]
100 |     func testLargeTextMountedStripRevealsEverySelection() throws {
101 |         _ = NSApplication.shared
102 |         NSApplication.shared.accessibilitySetValue(true,
    |                              `- warning: 'accessibilitySetValue(_:forAttribute:)' was deprecated in macOS 10.10: Use the NSAccessibility protocol methods instead (see NSAccessibilityProtocols.h) [#DeprecatedDeclaration]
103 |             forAttribute: NSAccessibility.Attribute(rawValue: "AXEnhancedUserInterface"))
104 |         let selection = HeaderSelection()

/Users/admin/mortimer/source/macos/MortimerHost/Tests/MortimerHostTests/DrawerTabStripRenderingTests.swift:156:30: warning: 'accessibilitySetValue(_:forAttribute:)' was deprecated in macOS 10.10: Use the NSAccessibility protocol methods instead (see NSAccessibilityProtocols.h) [#DeprecatedDeclaration]
154 |     func testOverflowButtonsReachBothEndsWithoutChangingSelection() throws {
155 |         _ = NSApplication.shared
156 |         NSApplication.shared.accessibilitySetValue(true,
    |                              `- warning: 'accessibilitySetValue(_:forAttribute:)' was deprecated in macOS 10.10: Use the NSAccessibility protocol methods instead (see NSAccessibilityProtocols.h) [#DeprecatedDeclaration]
157 |             forAttribute: NSAccessibility.Attribute(rawValue: "AXEnhancedUserInterface"))
158 |         let selection = HeaderSelection()

/Users/admin/mortimer/source/macos/MortimerHost/Tests/MortimerHostTests/DrawerTabStripRenderingTests.swift:207:30: warning: 'accessibilitySetValue(_:forAttribute:)' was deprecated in macOS 10.10: Use the NSAccessibility protocol methods instead (see NSAccessibilityProtocols.h) [#DeprecatedDeclaration]
205 |     func testWideHeaderExposesEveryLabel() throws {
206 |         _ = NSApplication.shared
207 |         NSApplication.shared.accessibilitySetValue(true,
    |                              `- warning: 'accessibilitySetValue(_:forAttribute:)' was deprecated in macOS 10.10: Use the NSAccessibility protocol methods instead (see NSAccessibilityProtocols.h) [#DeprecatedDeclaration]
208 |             forAttribute: NSAccessibility.Attribute(rawValue: "AXEnhancedUserInterface"))
209 |         let view = NSHostingView(rootView: DrawerTabStrip(selectedTab: "memory", attention: [:], select: { _ in })

/Users/admin/mortimer/source/macos/MortimerHost/Tests/MortimerHostTests/DrawerViewMinimumWidthTests.swift:23:30: warning: 'accessibilitySetValue(_:forAttribute:)' was deprecated in macOS 10.10: Use the NSAccessibility protocol methods instead (see NSAccessibilityProtocols.h) [#DeprecatedDeclaration]
21 |     private func checkDrawer(poppedOut: Bool) throws {
22 |         _ = NSApplication.shared
23 |         NSApplication.shared.accessibilitySetValue(true,
   |                              `- warning: 'accessibilitySetValue(_:forAttribute:)' was deprecated in macOS 10.10: Use the NSAccessibility protocol methods instead (see NSAccessibilityProtocols.h) [#DeprecatedDeclaration]
24 |             forAttribute: NSAccessibility.Attribute(rawValue: "AXEnhancedUserInterface"))
25 |         let suite = "drawer-min-width-" + UUID().uuidString

/Users/admin/mortimer/source/macos/MortimerHost/Tests/MortimerHostTests/FullConsoleRenderingTests.swift:35:30: warning: 'accessibilitySetValue(_:forAttribute:)' was deprecated in macOS 10.10: Use the NSAccessibility protocol methods instead (see NSAccessibilityProtocols.h) [#DeprecatedDeclaration]
 33 |     private func checkConsole(tabTextSize: Double, layoutVersion: Int = 1, startup: Bool = false) throws {
 34 |         _ = NSApplication.shared
 35 |         NSApplication.shared.accessibilitySetValue(true,
    |                              `- warning: 'accessibilitySetValue(_:forAttribute:)' was deprecated in macOS 10.10: Use the NSAccessibility protocol methods instead (see NSAccessibilityProtocols.h) [#DeprecatedDeclaration]
 36 |             forAttribute: NSAccessibility.Attribute(rawValue: "AXEnhancedUserInterface"))
 37 |         let suite = "full-console-" + UUID().uuidString

/Users/admin/mortimer/source/macos/MortimerHost/Tests/MortimerHostTests/KnowledgeAtlasTests.swift:33:30: warning: 'accessibilitySetValue(_:forAttribute:)' was deprecated in macOS 10.10: Use the NSAccessibility protocol methods instead (see NSAccessibilityProtocols.h) [#DeprecatedDeclaration]
 31 |     func testMountedAtlasResultControlExposesAccessibilityLabelAndValue() throws {
 32 |         _ = NSApplication.shared
 33 |         NSApplication.shared.accessibilitySetValue(true,
    |                              `- warning: 'accessibilitySetValue(_:forAttribute:)' was deprecated in macOS 10.10: Use the NSAccessibility protocol methods instead (see NSAccessibilityProtocols.h) [#DeprecatedDeclaration]
 34 |             forAttribute: NSAccessibility.Attribute(rawValue: "AXEnhancedUserInterface"))
 35 |         let card = AtlasCard(id: UUID(), title: "Weather", summary: "Rain after 4 PM",

[#DeprecatedDeclaration]: <https://docs.swift.org/compiler/documentation/diagnostics/deprecated-declaration>
[148/171] Compiling MortimerHostTests DrawerViewMinimumWidthTests.swift
/Users/admin/mortimer/source/macos/MortimerHost/Tests/MortimerHostTests/DrawerTabStripKeyboardTests.swift:13:30: warning: 'accessibilitySetValue(_:forAttribute:)' was deprecated in macOS 10.10: Use the NSAccessibility protocol methods instead (see NSAccessibilityProtocols.h) [#DeprecatedDeclaration]
 11 |     func testArrowAndHomeEndKeysMoveSelectionAndRevealTheSelectedLabel() throws {
 12 |         _ = NSApplication.shared
 13 |         NSApplication.shared.accessibilitySetValue(true,
    |                              `- warning: 'accessibilitySetValue(_:forAttribute:)' was deprecated in macOS 10.10: Use the NSAccessibility protocol methods instead (see NSAccessibilityProtocols.h) [#DeprecatedDeclaration]
 14 |             forAttribute: NSAccessibility.Attribute(rawValue: "AXEnhancedUserInterface"))
 15 |         let selection = KeyboardHeaderSelection()

/Users/admin/mortimer/source/macos/MortimerHost/Tests/MortimerHostTests/DrawerTabStripRenderingTests.swift:11:30: warning: 'accessibilitySetValue(_:forAttribute:)' was deprecated in macOS 10.10: Use the NSAccessibility protocol methods instead (see NSAccessibilityProtocols.h) [#DeprecatedDeclaration]
  9 |     func testNarrowStripRevealsEntireSelectedLastTab() throws {
 10 |         _ = NSApplication.shared
 11 |         NSApplication.shared.accessibilitySetValue(true,
    |                              `- warning: 'accessibilitySetValue(_:forAttribute:)' was deprecated in macOS 10.10: Use the NSAccessibility protocol methods instead (see NSAccessibilityProtocols.h) [#DeprecatedDeclaration]
 12 |             forAttribute: NSAccessibility.Attribute(rawValue: "AXEnhancedUserInterface"))
 13 |         let view = NSHostingView(rootView: DrawerTabStrip(selectedTab: "costs", attention: [:], select: { _ in })

/Users/admin/mortimer/source/macos/MortimerHost/Tests/MortimerHostTests/DrawerTabStripRenderingTests.swift:54:30: warning: 'accessibilitySetValue(_:forAttribute:)' was deprecated in macOS 10.10: Use the NSAccessibility protocol methods instead (see NSAccessibilityProtocols.h) [#DeprecatedDeclaration]
 52 |     func testNarrowMountedStripRevealsEverySelectionInBothDirections() throws {
 53 |         _ = NSApplication.shared
 54 |         NSApplication.shared.accessibilitySetValue(true,
    |                              `- warning: 'accessibilitySetValue(_:forAttribute:)' was deprecated in macOS 10.10: Use the NSAccessibility protocol methods instead (see NSAccessibilityProtocols.h) [#DeprecatedDeclaration]
 55 |             forAttribute: NSAccessibility.Attribute(rawValue: "AXEnhancedUserInterface"))
 56 |         let selection = HeaderSelection()

/Users/admin/mortimer/source/macos/MortimerHost/Tests/MortimerHostTests/DrawerTabStripRenderingTests.swift:102:30: warning: 'accessibilitySetValue(_:forAttribute:)' was deprecated in macOS 10.10: Use the NSAccessibility protocol methods instead (see NSAccessibilityProtocols.h) [#DeprecatedDeclaration]
100 |     func testLargeTextMountedStripRevealsEverySelection() throws {
101 |         _ = NSApplication.shared
102 |         NSApplication.shared.accessibilitySetValue(true,
    |                              `- warning: 'accessibilitySetValue(_:forAttribute:)' was deprecated in macOS 10.10: Use the NSAccessibility protocol methods instead (see NSAccessibilityProtocols.h) [#DeprecatedDeclaration]
103 |             forAttribute: NSAccessibility.Attribute(rawValue: "AXEnhancedUserInterface"))
104 |         let selection = HeaderSelection()

/Users/admin/mortimer/source/macos/MortimerHost/Tests/MortimerHostTests/DrawerTabStripRenderingTests.swift:156:30: warning: 'accessibilitySetValue(_:forAttribute:)' was deprecated in macOS 10.10: Use the NSAccessibility protocol methods instead (see NSAccessibilityProtocols.h) [#DeprecatedDeclaration]
154 |     func testOverflowButtonsReachBothEndsWithoutChangingSelection() throws {
155 |         _ = NSApplication.shared
156 |         NSApplication.shared.accessibilitySetValue(true,
    |                              `- warning: 'accessibilitySetValue(_:forAttribute:)' was deprecated in macOS 10.10: Use the NSAccessibility protocol methods instead (see NSAccessibilityProtocols.h) [#DeprecatedDeclaration]
157 |             forAttribute: NSAccessibility.Attribute(rawValue: "AXEnhancedUserInterface"))
158 |         let selection = HeaderSelection()

/Users/admin/mortimer/source/macos/MortimerHost/Tests/MortimerHostTests/DrawerTabStripRenderingTests.swift:207:30: warning: 'accessibilitySetValue(_:forAttribute:)' was deprecated in macOS 10.10: Use the NSAccessibility protocol methods instead (see NSAccessibilityProtocols.h) [#DeprecatedDeclaration]
205 |     func testWideHeaderExposesEveryLabel() throws {
206 |         _ = NSApplication.shared
207 |         NSApplication.shared.accessibilitySetValue(true,
    |                              `- warning: 'accessibilitySetValue(_:forAttribute:)' was deprecated in macOS 10.10: Use the NSAccessibility protocol methods instead (see NSAccessibilityProtocols.h) [#DeprecatedDeclaration]
208 |             forAttribute: NSAccessibility.Attribute(rawValue: "AXEnhancedUserInterface"))
209 |         let view = NSHostingView(rootView: DrawerTabStrip(selectedTab: "memory", attention: [:], select: { _ in })

/Users/admin/mortimer/source/macos/MortimerHost/Tests/MortimerHostTests/DrawerViewMinimumWidthTests.swift:23:30: warning: 'accessibilitySetValue(_:forAttribute:)' was deprecated in macOS 10.10: Use the NSAccessibility protocol methods instead (see NSAccessibilityProtocols.h) [#DeprecatedDeclaration]
21 |     private func checkDrawer(poppedOut: Bool) throws {
22 |         _ = NSApplication.shared
23 |         NSApplication.shared.accessibilitySetValue(true,
   |                              `- warning: 'accessibilitySetValue(_:forAttribute:)' was deprecated in macOS 10.10: Use the NSAccessibility protocol methods instead (see NSAccessibilityProtocols.h) [#DeprecatedDeclaration]
24 |             forAttribute: NSAccessibility.Attribute(rawValue: "AXEnhancedUserInterface"))
25 |         let suite = "drawer-min-width-" + UUID().uuidString

/Users/admin/mortimer/source/macos/MortimerHost/Tests/MortimerHostTests/FullConsoleRenderingTests.swift:35:30: warning: 'accessibilitySetValue(_:forAttribute:)' was deprecated in macOS 10.10: Use the NSAccessibility protocol methods instead (see NSAccessibilityProtocols.h) [#DeprecatedDeclaration]
 33 |     private func checkConsole(tabTextSize: Double, layoutVersion: Int = 1, startup: Bool = false) throws {
 34 |         _ = NSApplication.shared
 35 |         NSApplication.shared.accessibilitySetValue(true,
    |                              `- warning: 'accessibilitySetValue(_:forAttribute:)' was deprecated in macOS 10.10: Use the NSAccessibility protocol methods instead (see NSAccessibilityProtocols.h) [#DeprecatedDeclaration]
 36 |             forAttribute: NSAccessibility.Attribute(rawValue: "AXEnhancedUserInterface"))
 37 |         let suite = "full-console-" + UUID().uuidString

/Users/admin/mortimer/source/macos/MortimerHost/Tests/MortimerHostTests/KnowledgeAtlasTests.swift:33:30: warning: 'accessibilitySetValue(_:forAttribute:)' was deprecated in macOS 10.10: Use the NSAccessibility protocol methods instead (see NSAccessibilityProtocols.h) [#DeprecatedDeclaration]
 31 |     func testMountedAtlasResultControlExposesAccessibilityLabelAndValue() throws {
 32 |         _ = NSApplication.shared
 33 |         NSApplication.shared.accessibilitySetValue(true,
    |                              `- warning: 'accessibilitySetValue(_:forAttribute:)' was deprecated in macOS 10.10: Use the NSAccessibility protocol methods instead (see NSAccessibilityProtocols.h) [#DeprecatedDeclaration]
 34 |             forAttribute: NSAccessibility.Attribute(rawValue: "AXEnhancedUserInterface"))
 35 |         let card = AtlasCard(id: UUID(), title: "Weather", summary: "Rain after 4 PM",

[#DeprecatedDeclaration]: <https://docs.swift.org/compiler/documentation/diagnostics/deprecated-declaration>
[149/171] Compiling MortimerHostTests FullConsoleRenderingTests.swift
/Users/admin/mortimer/source/macos/MortimerHost/Tests/MortimerHostTests/DrawerTabStripKeyboardTests.swift:13:30: warning: 'accessibilitySetValue(_:forAttribute:)' was deprecated in macOS 10.10: Use the NSAccessibility protocol methods instead (see NSAccessibilityProtocols.h) [#DeprecatedDeclaration]
 11 |     func testArrowAndHomeEndKeysMoveSelectionAndRevealTheSelectedLabel() throws {
 12 |         _ = NSApplication.shared
 13 |         NSApplication.shared.accessibilitySetValue(true,
    |                              `- warning: 'accessibilitySetValue(_:forAttribute:)' was deprecated in macOS 10.10: Use the NSAccessibility protocol methods instead (see NSAccessibilityProtocols.h) [#DeprecatedDeclaration]
 14 |             forAttribute: NSAccessibility.Attribute(rawValue: "AXEnhancedUserInterface"))
 15 |         let selection = KeyboardHeaderSelection()

/Users/admin/mortimer/source/macos/MortimerHost/Tests/MortimerHostTests/DrawerTabStripRenderingTests.swift:11:30: warning: 'accessibilitySetValue(_:forAttribute:)' was deprecated in macOS 10.10: Use the NSAccessibility protocol methods instead (see NSAccessibilityProtocols.h) [#DeprecatedDeclaration]
  9 |     func testNarrowStripRevealsEntireSelectedLastTab() throws {
 10 |         _ = NSApplication.shared
 11 |         NSApplication.shared.accessibilitySetValue(true,
    |                              `- warning: 'accessibilitySetValue(_:forAttribute:)' was deprecated in macOS 10.10: Use the NSAccessibility protocol methods instead (see NSAccessibilityProtocols.h) [#DeprecatedDeclaration]
 12 |             forAttribute: NSAccessibility.Attribute(rawValue: "AXEnhancedUserInterface"))
 13 |         let view = NSHostingView(rootView: DrawerTabStrip(selectedTab: "costs", attention: [:], select: { _ in })

/Users/admin/mortimer/source/macos/MortimerHost/Tests/MortimerHostTests/DrawerTabStripRenderingTests.swift:54:30: warning: 'accessibilitySetValue(_:forAttribute:)' was deprecated in macOS 10.10: Use the NSAccessibility protocol methods instead (see NSAccessibilityProtocols.h) [#DeprecatedDeclaration]
 52 |     func testNarrowMountedStripRevealsEverySelectionInBothDirections() throws {
 53 |         _ = NSApplication.shared
 54 |         NSApplication.shared.accessibilitySetValue(true,
    |                              `- warning: 'accessibilitySetValue(_:forAttribute:)' was deprecated in macOS 10.10: Use the NSAccessibility protocol methods instead (see NSAccessibilityProtocols.h) [#DeprecatedDeclaration]
 55 |             forAttribute: NSAccessibility.Attribute(rawValue: "AXEnhancedUserInterface"))
 56 |         let selection = HeaderSelection()

/Users/admin/mortimer/source/macos/MortimerHost/Tests/MortimerHostTests/DrawerTabStripRenderingTests.swift:102:30: warning: 'accessibilitySetValue(_:forAttribute:)' was deprecated in macOS 10.10: Use the NSAccessibility protocol methods instead (see NSAccessibilityProtocols.h) [#DeprecatedDeclaration]
100 |     func testLargeTextMountedStripRevealsEverySelection() throws {
101 |         _ = NSApplication.shared
102 |         NSApplication.shared.accessibilitySetValue(true,
    |                              `- warning: 'accessibilitySetValue(_:forAttribute:)' was deprecated in macOS 10.10: Use the NSAccessibility protocol methods instead (see NSAccessibilityProtocols.h) [#DeprecatedDeclaration]
103 |             forAttribute: NSAccessibility.Attribute(rawValue: "AXEnhancedUserInterface"))
104 |         let selection = HeaderSelection()

/Users/admin/mortimer/source/macos/MortimerHost/Tests/MortimerHostTests/DrawerTabStripRenderingTests.swift:156:30: warning: 'accessibilitySetValue(_:forAttribute:)' was deprecated in macOS 10.10: Use the NSAccessibility protocol methods instead (see NSAccessibilityProtocols.h) [#DeprecatedDeclaration]
154 |     func testOverflowButtonsReachBothEndsWithoutChangingSelection() throws {
155 |         _ = NSApplication.shared
156 |         NSApplication.shared.accessibilitySetValue(true,
    |                              `- warning: 'accessibilitySetValue(_:forAttribute:)' was deprecated in macOS 10.10: Use the NSAccessibility protocol methods instead (see NSAccessibilityProtocols.h) [#DeprecatedDeclaration]
157 |             forAttribute: NSAccessibility.Attribute(rawValue: "AXEnhancedUserInterface"))
158 |         let selection = HeaderSelection()

/Users/admin/mortimer/source/macos/MortimerHost/Tests/MortimerHostTests/DrawerTabStripRenderingTests.swift:207:30: warning: 'accessibilitySetValue(_:forAttribute:)' was deprecated in macOS 10.10: Use the NSAccessibility protocol methods instead (see NSAccessibilityProtocols.h) [#DeprecatedDeclaration]
205 |     func testWideHeaderExposesEveryLabel() throws {
206 |         _ = NSApplication.shared
207 |         NSApplication.shared.accessibilitySetValue(true,
    |                              `- warning: 'accessibilitySetValue(_:forAttribute:)' was deprecated in macOS 10.10: Use the NSAccessibility protocol methods instead (see NSAccessibilityProtocols.h) [#DeprecatedDeclaration]
208 |             forAttribute: NSAccessibility.Attribute(rawValue: "AXEnhancedUserInterface"))
209 |         let view = NSHostingView(rootView: DrawerTabStrip(selectedTab: "memory", attention: [:], select: { _ in })

/Users/admin/mortimer/source/macos/MortimerHost/Tests/MortimerHostTests/DrawerViewMinimumWidthTests.swift:23:30: warning: 'accessibilitySetValue(_:forAttribute:)' was deprecated in macOS 10.10: Use the NSAccessibility protocol methods instead (see NSAccessibilityProtocols.h) [#DeprecatedDeclaration]
21 |     private func checkDrawer(poppedOut: Bool) throws {
22 |         _ = NSApplication.shared
23 |         NSApplication.shared.accessibilitySetValue(true,
   |                              `- warning: 'accessibilitySetValue(_:forAttribute:)' was deprecated in macOS 10.10: Use the NSAccessibility protocol methods instead (see NSAccessibilityProtocols.h) [#DeprecatedDeclaration]
24 |             forAttribute: NSAccessibility.Attribute(rawValue: "AXEnhancedUserInterface"))
25 |         let suite = "drawer-min-width-" + UUID().uuidString

/Users/admin/mortimer/source/macos/MortimerHost/Tests/MortimerHostTests/FullConsoleRenderingTests.swift:35:30: warning: 'accessibilitySetValue(_:forAttribute:)' was deprecated in macOS 10.10: Use the NSAccessibility protocol methods instead (see NSAccessibilityProtocols.h) [#DeprecatedDeclaration]
 33 |     private func checkConsole(tabTextSize: Double, layoutVersion: Int = 1, startup: Bool = false) throws {
 34 |         _ = NSApplication.shared
 35 |         NSApplication.shared.accessibilitySetValue(true,
    |                              `- warning: 'accessibilitySetValue(_:forAttribute:)' was deprecated in macOS 10.10: Use the NSAccessibility protocol methods instead (see NSAccessibilityProtocols.h) [#DeprecatedDeclaration]
 36 |             forAttribute: NSAccessibility.Attribute(rawValue: "AXEnhancedUserInterface"))
 37 |         let suite = "full-console-" + UUID().uuidString

/Users/admin/mortimer/source/macos/MortimerHost/Tests/MortimerHostTests/KnowledgeAtlasTests.swift:33:30: warning: 'accessibilitySetValue(_:forAttribute:)' was deprecated in macOS 10.10: Use the NSAccessibility protocol methods instead (see NSAccessibilityProtocols.h) [#DeprecatedDeclaration]
 31 |     func testMountedAtlasResultControlExposesAccessibilityLabelAndValue() throws {
 32 |         _ = NSApplication.shared
 33 |         NSApplication.shared.accessibilitySetValue(true,
    |                              `- warning: 'accessibilitySetValue(_:forAttribute:)' was deprecated in macOS 10.10: Use the NSAccessibility protocol methods instead (see NSAccessibilityProtocols.h) [#DeprecatedDeclaration]
 34 |             forAttribute: NSAccessibility.Attribute(rawValue: "AXEnhancedUserInterface"))
 35 |         let card = AtlasCard(id: UUID(), title: "Weather", summary: "Rain after 4 PM",

[#DeprecatedDeclaration]: <https://docs.swift.org/compiler/documentation/diagnostics/deprecated-declaration>
[150/171] Compiling MortimerHostTests GlassAccessibilityTests.swift
/Users/admin/mortimer/source/macos/MortimerHost/Tests/MortimerHostTests/DrawerTabStripKeyboardTests.swift:13:30: warning: 'accessibilitySetValue(_:forAttribute:)' was deprecated in macOS 10.10: Use the NSAccessibility protocol methods instead (see NSAccessibilityProtocols.h) [#DeprecatedDeclaration]
 11 |     func testArrowAndHomeEndKeysMoveSelectionAndRevealTheSelectedLabel() throws {
 12 |         _ = NSApplication.shared
 13 |         NSApplication.shared.accessibilitySetValue(true,
    |                              `- warning: 'accessibilitySetValue(_:forAttribute:)' was deprecated in macOS 10.10: Use the NSAccessibility protocol methods instead (see NSAccessibilityProtocols.h) [#DeprecatedDeclaration]
 14 |             forAttribute: NSAccessibility.Attribute(rawValue: "AXEnhancedUserInterface"))
 15 |         let selection = KeyboardHeaderSelection()

/Users/admin/mortimer/source/macos/MortimerHost/Tests/MortimerHostTests/DrawerTabStripRenderingTests.swift:11:30: warning: 'accessibilitySetValue(_:forAttribute:)' was deprecated in macOS 10.10: Use the NSAccessibility protocol methods instead (see NSAccessibilityProtocols.h) [#DeprecatedDeclaration]
  9 |     func testNarrowStripRevealsEntireSelectedLastTab() throws {
 10 |         _ = NSApplication.shared
 11 |         NSApplication.shared.accessibilitySetValue(true,
    |                              `- warning: 'accessibilitySetValue(_:forAttribute:)' was deprecated in macOS 10.10: Use the NSAccessibility protocol methods instead (see NSAccessibilityProtocols.h) [#DeprecatedDeclaration]
 12 |             forAttribute: NSAccessibility.Attribute(rawValue: "AXEnhancedUserInterface"))
 13 |         let view = NSHostingView(rootView: DrawerTabStrip(selectedTab: "costs", attention: [:], select: { _ in })

/Users/admin/mortimer/source/macos/MortimerHost/Tests/MortimerHostTests/DrawerTabStripRenderingTests.swift:54:30: warning: 'accessibilitySetValue(_:forAttribute:)' was deprecated in macOS 10.10: Use the NSAccessibility protocol methods instead (see NSAccessibilityProtocols.h) [#DeprecatedDeclaration]
 52 |     func testNarrowMountedStripRevealsEverySelectionInBothDirections() throws {
 53 |         _ = NSApplication.shared
 54 |         NSApplication.shared.accessibilitySetValue(true,
    |                              `- warning: 'accessibilitySetValue(_:forAttribute:)' was deprecated in macOS 10.10: Use the NSAccessibility protocol methods instead (see NSAccessibilityProtocols.h) [#DeprecatedDeclaration]
 55 |             forAttribute: NSAccessibility.Attribute(rawValue: "AXEnhancedUserInterface"))
 56 |         let selection = HeaderSelection()

/Users/admin/mortimer/source/macos/MortimerHost/Tests/MortimerHostTests/DrawerTabStripRenderingTests.swift:102:30: warning: 'accessibilitySetValue(_:forAttribute:)' was deprecated in macOS 10.10: Use the NSAccessibility protocol methods instead (see NSAccessibilityProtocols.h) [#DeprecatedDeclaration]
100 |     func testLargeTextMountedStripRevealsEverySelection() throws {
101 |         _ = NSApplication.shared
102 |         NSApplication.shared.accessibilitySetValue(true,
    |                              `- warning: 'accessibilitySetValue(_:forAttribute:)' was deprecated in macOS 10.10: Use the NSAccessibility protocol methods instead (see NSAccessibilityProtocols.h) [#DeprecatedDeclaration]
103 |             forAttribute: NSAccessibility.Attribute(rawValue: "AXEnhancedUserInterface"))
104 |         let selection = HeaderSelection()

/Users/admin/mortimer/source/macos/MortimerHost/Tests/MortimerHostTests/DrawerTabStripRenderingTests.swift:156:30: warning: 'accessibilitySetValue(_:forAttribute:)' was deprecated in macOS 10.10: Use the NSAccessibility protocol methods instead (see NSAccessibilityProtocols.h) [#DeprecatedDeclaration]
154 |     func testOverflowButtonsReachBothEndsWithoutChangingSelection() throws {
155 |         _ = NSApplication.shared
156 |         NSApplication.shared.accessibilitySetValue(true,
    |                              `- warning: 'accessibilitySetValue(_:forAttribute:)' was deprecated in macOS 10.10: Use the NSAccessibility protocol methods instead (see NSAccessibilityProtocols.h) [#DeprecatedDeclaration]
157 |             forAttribute: NSAccessibility.Attribute(rawValue: "AXEnhancedUserInterface"))
158 |         let selection = HeaderSelection()

/Users/admin/mortimer/source/macos/MortimerHost/Tests/MortimerHostTests/DrawerTabStripRenderingTests.swift:207:30: warning: 'accessibilitySetValue(_:forAttribute:)' was deprecated in macOS 10.10: Use the NSAccessibility protocol methods instead (see NSAccessibilityProtocols.h) [#DeprecatedDeclaration]
205 |     func testWideHeaderExposesEveryLabel() throws {
206 |         _ = NSApplication.shared
207 |         NSApplication.shared.accessibilitySetValue(true,
    |                              `- warning: 'accessibilitySetValue(_:forAttribute:)' was deprecated in macOS 10.10: Use the NSAccessibility protocol methods instead (see NSAccessibilityProtocols.h) [#DeprecatedDeclaration]
208 |             forAttribute: NSAccessibility.Attribute(rawValue: "AXEnhancedUserInterface"))
209 |         let view = NSHostingView(rootView: DrawerTabStrip(selectedTab: "memory", attention: [:], select: { _ in })

/Users/admin/mortimer/source/macos/MortimerHost/Tests/MortimerHostTests/DrawerViewMinimumWidthTests.swift:23:30: warning: 'accessibilitySetValue(_:forAttribute:)' was deprecated in macOS 10.10: Use the NSAccessibility protocol methods instead (see NSAccessibilityProtocols.h) [#DeprecatedDeclaration]
21 |     private func checkDrawer(poppedOut: Bool) throws {
22 |         _ = NSApplication.shared
23 |         NSApplication.shared.accessibilitySetValue(true,
   |                              `- warning: 'accessibilitySetValue(_:forAttribute:)' was deprecated in macOS 10.10: Use the NSAccessibility protocol methods instead (see NSAccessibilityProtocols.h) [#DeprecatedDeclaration]
24 |             forAttribute: NSAccessibility.Attribute(rawValue: "AXEnhancedUserInterface"))
25 |         let suite = "drawer-min-width-" + UUID().uuidString

/Users/admin/mortimer/source/macos/MortimerHost/Tests/MortimerHostTests/FullConsoleRenderingTests.swift:35:30: warning: 'accessibilitySetValue(_:forAttribute:)' was deprecated in macOS 10.10: Use the NSAccessibility protocol methods instead (see NSAccessibilityProtocols.h) [#DeprecatedDeclaration]
 33 |     private func checkConsole(tabTextSize: Double, layoutVersion: Int = 1, startup: Bool = false) throws {
 34 |         _ = NSApplication.shared
 35 |         NSApplication.shared.accessibilitySetValue(true,
    |                              `- warning: 'accessibilitySetValue(_:forAttribute:)' was deprecated in macOS 10.10: Use the NSAccessibility protocol methods instead (see NSAccessibilityProtocols.h) [#DeprecatedDeclaration]
 36 |             forAttribute: NSAccessibility.Attribute(rawValue: "AXEnhancedUserInterface"))
 37 |         let suite = "full-console-" + UUID().uuidString

/Users/admin/mortimer/source/macos/MortimerHost/Tests/MortimerHostTests/KnowledgeAtlasTests.swift:33:30: warning: 'accessibilitySetValue(_:forAttribute:)' was deprecated in macOS 10.10: Use the NSAccessibility protocol methods instead (see NSAccessibilityProtocols.h) [#DeprecatedDeclaration]
 31 |     func testMountedAtlasResultControlExposesAccessibilityLabelAndValue() throws {
 32 |         _ = NSApplication.shared
 33 |         NSApplication.shared.accessibilitySetValue(true,
    |                              `- warning: 'accessibilitySetValue(_:forAttribute:)' was deprecated in macOS 10.10: Use the NSAccessibility protocol methods instead (see NSAccessibilityProtocols.h) [#DeprecatedDeclaration]
 34 |             forAttribute: NSAccessibility.Attribute(rawValue: "AXEnhancedUserInterface"))
 35 |         let card = AtlasCard(id: UUID(), title: "Weather", summary: "Rain after 4 PM",

[#DeprecatedDeclaration]: <https://docs.swift.org/compiler/documentation/diagnostics/deprecated-declaration>
[151/171] Compiling MortimerHostTests KnowledgeAtlasTests.swift
/Users/admin/mortimer/source/macos/MortimerHost/Tests/MortimerHostTests/DrawerTabStripKeyboardTests.swift:13:30: warning: 'accessibilitySetValue(_:forAttribute:)' was deprecated in macOS 10.10: Use the NSAccessibility protocol methods instead (see NSAccessibilityProtocols.h) [#DeprecatedDeclaration]
 11 |     func testArrowAndHomeEndKeysMoveSelectionAndRevealTheSelectedLabel() throws {
 12 |         _ = NSApplication.shared
 13 |         NSApplication.shared.accessibilitySetValue(true,
    |                              `- warning: 'accessibilitySetValue(_:forAttribute:)' was deprecated in macOS 10.10: Use the NSAccessibility protocol methods instead (see NSAccessibilityProtocols.h) [#DeprecatedDeclaration]
 14 |             forAttribute: NSAccessibility.Attribute(rawValue: "AXEnhancedUserInterface"))
 15 |         let selection = KeyboardHeaderSelection()

/Users/admin/mortimer/source/macos/MortimerHost/Tests/MortimerHostTests/DrawerTabStripRenderingTests.swift:11:30: warning: 'accessibilitySetValue(_:forAttribute:)' was deprecated in macOS 10.10: Use the NSAccessibility protocol methods instead (see NSAccessibilityProtocols.h) [#DeprecatedDeclaration]
  9 |     func testNarrowStripRevealsEntireSelectedLastTab() throws {
 10 |         _ = NSApplication.shared
 11 |         NSApplication.shared.accessibilitySetValue(true,
    |                              `- warning: 'accessibilitySetValue(_:forAttribute:)' was deprecated in macOS 10.10: Use the NSAccessibility protocol methods instead (see NSAccessibilityProtocols.h) [#DeprecatedDeclaration]
 12 |             forAttribute: NSAccessibility.Attribute(rawValue: "AXEnhancedUserInterface"))
 13 |         let view = NSHostingView(rootView: DrawerTabStrip(selectedTab: "costs", attention: [:], select: { _ in })

/Users/admin/mortimer/source/macos/MortimerHost/Tests/MortimerHostTests/DrawerTabStripRenderingTests.swift:54:30: warning: 'accessibilitySetValue(_:forAttribute:)' was deprecated in macOS 10.10: Use the NSAccessibility protocol methods instead (see NSAccessibilityProtocols.h) [#DeprecatedDeclaration]
 52 |     func testNarrowMountedStripRevealsEverySelectionInBothDirections() throws {
 53 |         _ = NSApplication.shared
 54 |         NSApplication.shared.accessibilitySetValue(true,
    |                              `- warning: 'accessibilitySetValue(_:forAttribute:)' was deprecated in macOS 10.10: Use the NSAccessibility protocol methods instead (see NSAccessibilityProtocols.h) [#DeprecatedDeclaration]
 55 |             forAttribute: NSAccessibility.Attribute(rawValue: "AXEnhancedUserInterface"))
 56 |         let selection = HeaderSelection()

/Users/admin/mortimer/source/macos/MortimerHost/Tests/MortimerHostTests/DrawerTabStripRenderingTests.swift:102:30: warning: 'accessibilitySetValue(_:forAttribute:)' was deprecated in macOS 10.10: Use the NSAccessibility protocol methods instead (see NSAccessibilityProtocols.h) [#DeprecatedDeclaration]
100 |     func testLargeTextMountedStripRevealsEverySelection() throws {
101 |         _ = NSApplication.shared
102 |         NSApplication.shared.accessibilitySetValue(true,
    |                              `- warning: 'accessibilitySetValue(_:forAttribute:)' was deprecated in macOS 10.10: Use the NSAccessibility protocol methods instead (see NSAccessibilityProtocols.h) [#DeprecatedDeclaration]
103 |             forAttribute: NSAccessibility.Attribute(rawValue: "AXEnhancedUserInterface"))
104 |         let selection = HeaderSelection()

/Users/admin/mortimer/source/macos/MortimerHost/Tests/MortimerHostTests/DrawerTabStripRenderingTests.swift:156:30: warning: 'accessibilitySetValue(_:forAttribute:)' was deprecated in macOS 10.10: Use the NSAccessibility protocol methods instead (see NSAccessibilityProtocols.h) [#DeprecatedDeclaration]
154 |     func testOverflowButtonsReachBothEndsWithoutChangingSelection() throws {
155 |         _ = NSApplication.shared
156 |         NSApplication.shared.accessibilitySetValue(true,
    |                              `- warning: 'accessibilitySetValue(_:forAttribute:)' was deprecated in macOS 10.10: Use the NSAccessibility protocol methods instead (see NSAccessibilityProtocols.h) [#DeprecatedDeclaration]
157 |             forAttribute: NSAccessibility.Attribute(rawValue: "AXEnhancedUserInterface"))
158 |         let selection = HeaderSelection()

/Users/admin/mortimer/source/macos/MortimerHost/Tests/MortimerHostTests/DrawerTabStripRenderingTests.swift:207:30: warning: 'accessibilitySetValue(_:forAttribute:)' was deprecated in macOS 10.10: Use the NSAccessibility protocol methods instead (see NSAccessibilityProtocols.h) [#DeprecatedDeclaration]
205 |     func testWideHeaderExposesEveryLabel() throws {
206 |         _ = NSApplication.shared
207 |         NSApplication.shared.accessibilitySetValue(true,
    |                              `- warning: 'accessibilitySetValue(_:forAttribute:)' was deprecated in macOS 10.10: Use the NSAccessibility protocol methods instead (see NSAccessibilityProtocols.h) [#DeprecatedDeclaration]
208 |             forAttribute: NSAccessibility.Attribute(rawValue: "AXEnhancedUserInterface"))
209 |         let view = NSHostingView(rootView: DrawerTabStrip(selectedTab: "memory", attention: [:], select: { _ in })

/Users/admin/mortimer/source/macos/MortimerHost/Tests/MortimerHostTests/DrawerViewMinimumWidthTests.swift:23:30: warning: 'accessibilitySetValue(_:forAttribute:)' was deprecated in macOS 10.10: Use the NSAccessibility protocol methods instead (see NSAccessibilityProtocols.h) [#DeprecatedDeclaration]
21 |     private func checkDrawer(poppedOut: Bool) throws {
22 |         _ = NSApplication.shared
23 |         NSApplication.shared.accessibilitySetValue(true,
   |                              `- warning: 'accessibilitySetValue(_:forAttribute:)' was deprecated in macOS 10.10: Use the NSAccessibility protocol methods instead (see NSAccessibilityProtocols.h) [#DeprecatedDeclaration]
24 |             forAttribute: NSAccessibility.Attribute(rawValue: "AXEnhancedUserInterface"))
25 |         let suite = "drawer-min-width-" + UUID().uuidString

/Users/admin/mortimer/source/macos/MortimerHost/Tests/MortimerHostTests/FullConsoleRenderingTests.swift:35:30: warning: 'accessibilitySetValue(_:forAttribute:)' was deprecated in macOS 10.10: Use the NSAccessibility protocol methods instead (see NSAccessibilityProtocols.h) [#DeprecatedDeclaration]
 33 |     private func checkConsole(tabTextSize: Double, layoutVersion: Int = 1, startup: Bool = false) throws {
 34 |         _ = NSApplication.shared
 35 |         NSApplication.shared.accessibilitySetValue(true,
    |                              `- warning: 'accessibilitySetValue(_:forAttribute:)' was deprecated in macOS 10.10: Use the NSAccessibility protocol methods instead (see NSAccessibilityProtocols.h) [#DeprecatedDeclaration]
 36 |             forAttribute: NSAccessibility.Attribute(rawValue: "AXEnhancedUserInterface"))
 37 |         let suite = "full-console-" + UUID().uuidString

/Users/admin/mortimer/source/macos/MortimerHost/Tests/MortimerHostTests/KnowledgeAtlasTests.swift:33:30: warning: 'accessibilitySetValue(_:forAttribute:)' was deprecated in macOS 10.10: Use the NSAccessibility protocol methods instead (see NSAccessibilityProtocols.h) [#DeprecatedDeclaration]
 31 |     func testMountedAtlasResultControlExposesAccessibilityLabelAndValue() throws {
 32 |         _ = NSApplication.shared
 33 |         NSApplication.shared.accessibilitySetValue(true,
    |                              `- warning: 'accessibilitySetValue(_:forAttribute:)' was deprecated in macOS 10.10: Use the NSAccessibility protocol methods instead (see NSAccessibilityProtocols.h) [#DeprecatedDeclaration]
 34 |             forAttribute: NSAccessibility.Attribute(rawValue: "AXEnhancedUserInterface"))
 35 |         let card = AtlasCard(id: UUID(), title: "Weather", summary: "Rain after 4 PM",

[#DeprecatedDeclaration]: <https://docs.swift.org/compiler/documentation/diagnostics/deprecated-declaration>
[152/171] Compiling MortimerHostTests LiveVoiceResponseStreamTests.swift
/Users/admin/mortimer/source/macos/MortimerHost/Tests/MortimerHostTests/DrawerTabStripKeyboardTests.swift:13:30: warning: 'accessibilitySetValue(_:forAttribute:)' was deprecated in macOS 10.10: Use the NSAccessibility protocol methods instead (see NSAccessibilityProtocols.h) [#DeprecatedDeclaration]
 11 |     func testArrowAndHomeEndKeysMoveSelectionAndRevealTheSelectedLabel() throws {
 12 |         _ = NSApplication.shared
 13 |         NSApplication.shared.accessibilitySetValue(true,
    |                              `- warning: 'accessibilitySetValue(_:forAttribute:)' was deprecated in macOS 10.10: Use the NSAccessibility protocol methods instead (see NSAccessibilityProtocols.h) [#DeprecatedDeclaration]
 14 |             forAttribute: NSAccessibility.Attribute(rawValue: "AXEnhancedUserInterface"))
 15 |         let selection = KeyboardHeaderSelection()

/Users/admin/mortimer/source/macos/MortimerHost/Tests/MortimerHostTests/DrawerTabStripRenderingTests.swift:11:30: warning: 'accessibilitySetValue(_:forAttribute:)' was deprecated in macOS 10.10: Use the NSAccessibility protocol methods instead (see NSAccessibilityProtocols.h) [#DeprecatedDeclaration]
  9 |     func testNarrowStripRevealsEntireSelectedLastTab() throws {
 10 |         _ = NSApplication.shared
 11 |         NSApplication.shared.accessibilitySetValue(true,
    |                              `- warning: 'accessibilitySetValue(_:forAttribute:)' was deprecated in macOS 10.10: Use the NSAccessibility protocol methods instead (see NSAccessibilityProtocols.h) [#DeprecatedDeclaration]
 12 |             forAttribute: NSAccessibility.Attribute(rawValue: "AXEnhancedUserInterface"))
 13 |         let view = NSHostingView(rootView: DrawerTabStrip(selectedTab: "costs", attention: [:], select: { _ in })

/Users/admin/mortimer/source/macos/MortimerHost/Tests/MortimerHostTests/DrawerTabStripRenderingTests.swift:54:30: warning: 'accessibilitySetValue(_:forAttribute:)' was deprecated in macOS 10.10: Use the NSAccessibility protocol methods instead (see NSAccessibilityProtocols.h) [#DeprecatedDeclaration]
 52 |     func testNarrowMountedStripRevealsEverySelectionInBothDirections() throws {
 53 |         _ = NSApplication.shared
 54 |         NSApplication.shared.accessibilitySetValue(true,
    |                              `- warning: 'accessibilitySetValue(_:forAttribute:)' was deprecated in macOS 10.10: Use the NSAccessibility protocol methods instead (see NSAccessibilityProtocols.h) [#DeprecatedDeclaration]
 55 |             forAttribute: NSAccessibility.Attribute(rawValue: "AXEnhancedUserInterface"))
 56 |         let selection = HeaderSelection()

/Users/admin/mortimer/source/macos/MortimerHost/Tests/MortimerHostTests/DrawerTabStripRenderingTests.swift:102:30: warning: 'accessibilitySetValue(_:forAttribute:)' was deprecated in macOS 10.10: Use the NSAccessibility protocol methods instead (see NSAccessibilityProtocols.h) [#DeprecatedDeclaration]
100 |     func testLargeTextMountedStripRevealsEverySelection() throws {
101 |         _ = NSApplication.shared
102 |         NSApplication.shared.accessibilitySetValue(true,
    |                              `- warning: 'accessibilitySetValue(_:forAttribute:)' was deprecated in macOS 10.10: Use the NSAccessibility protocol methods instead (see NSAccessibilityProtocols.h) [#DeprecatedDeclaration]
103 |             forAttribute: NSAccessibility.Attribute(rawValue: "AXEnhancedUserInterface"))
104 |         let selection = HeaderSelection()

/Users/admin/mortimer/source/macos/MortimerHost/Tests/MortimerHostTests/DrawerTabStripRenderingTests.swift:156:30: warning: 'accessibilitySetValue(_:forAttribute:)' was deprecated in macOS 10.10: Use the NSAccessibility protocol methods instead (see NSAccessibilityProtocols.h) [#DeprecatedDeclaration]
154 |     func testOverflowButtonsReachBothEndsWithoutChangingSelection() throws {
155 |         _ = NSApplication.shared
156 |         NSApplication.shared.accessibilitySetValue(true,
    |                              `- warning: 'accessibilitySetValue(_:forAttribute:)' was deprecated in macOS 10.10: Use the NSAccessibility protocol methods instead (see NSAccessibilityProtocols.h) [#DeprecatedDeclaration]
157 |             forAttribute: NSAccessibility.Attribute(rawValue: "AXEnhancedUserInterface"))
158 |         let selection = HeaderSelection()

/Users/admin/mortimer/source/macos/MortimerHost/Tests/MortimerHostTests/DrawerTabStripRenderingTests.swift:207:30: warning: 'accessibilitySetValue(_:forAttribute:)' was deprecated in macOS 10.10: Use the NSAccessibility protocol methods instead (see NSAccessibilityProtocols.h) [#DeprecatedDeclaration]
205 |     func testWideHeaderExposesEveryLabel() throws {
206 |         _ = NSApplication.shared
207 |         NSApplication.shared.accessibilitySetValue(true,
    |                              `- warning: 'accessibilitySetValue(_:forAttribute:)' was deprecated in macOS 10.10: Use the NSAccessibility protocol methods instead (see NSAccessibilityProtocols.h) [#DeprecatedDeclaration]
208 |             forAttribute: NSAccessibility.Attribute(rawValue: "AXEnhancedUserInterface"))
209 |         let view = NSHostingView(rootView: DrawerTabStrip(selectedTab: "memory", attention: [:], select: { _ in })

/Users/admin/mortimer/source/macos/MortimerHost/Tests/MortimerHostTests/DrawerViewMinimumWidthTests.swift:23:30: warning: 'accessibilitySetValue(_:forAttribute:)' was deprecated in macOS 10.10: Use the NSAccessibility protocol methods instead (see NSAccessibilityProtocols.h) [#DeprecatedDeclaration]
21 |     private func checkDrawer(poppedOut: Bool) throws {
22 |         _ = NSApplication.shared
23 |         NSApplication.shared.accessibilitySetValue(true,
   |                              `- warning: 'accessibilitySetValue(_:forAttribute:)' was deprecated in macOS 10.10: Use the NSAccessibility protocol methods instead (see NSAccessibilityProtocols.h) [#DeprecatedDeclaration]
24 |             forAttribute: NSAccessibility.Attribute(rawValue: "AXEnhancedUserInterface"))
25 |         let suite = "drawer-min-width-" + UUID().uuidString

/Users/admin/mortimer/source/macos/MortimerHost/Tests/MortimerHostTests/FullConsoleRenderingTests.swift:35:30: warning: 'accessibilitySetValue(_:forAttribute:)' was deprecated in macOS 10.10: Use the NSAccessibility protocol methods instead (see NSAccessibilityProtocols.h) [#DeprecatedDeclaration]
 33 |     private func checkConsole(tabTextSize: Double, layoutVersion: Int = 1, startup: Bool = false) throws {
 34 |         _ = NSApplication.shared
 35 |         NSApplication.shared.accessibilitySetValue(true,
    |                              `- warning: 'accessibilitySetValue(_:forAttribute:)' was deprecated in macOS 10.10: Use the NSAccessibility protocol methods instead (see NSAccessibilityProtocols.h) [#DeprecatedDeclaration]
 36 |             forAttribute: NSAccessibility.Attribute(rawValue: "AXEnhancedUserInterface"))
 37 |         let suite = "full-console-" + UUID().uuidString

/Users/admin/mortimer/source/macos/MortimerHost/Tests/MortimerHostTests/KnowledgeAtlasTests.swift:33:30: warning: 'accessibilitySetValue(_:forAttribute:)' was deprecated in macOS 10.10: Use the NSAccessibility protocol methods instead (see NSAccessibilityProtocols.h) [#DeprecatedDeclaration]
 31 |     func testMountedAtlasResultControlExposesAccessibilityLabelAndValue() throws {
 32 |         _ = NSApplication.shared
 33 |         NSApplication.shared.accessibilitySetValue(true,
    |                              `- warning: 'accessibilitySetValue(_:forAttribute:)' was deprecated in macOS 10.10: Use the NSAccessibility protocol methods instead (see NSAccessibilityProtocols.h) [#DeprecatedDeclaration]
 34 |             forAttribute: NSAccessibility.Attribute(rawValue: "AXEnhancedUserInterface"))
 35 |         let card = AtlasCard(id: UUID(), title: "Weather", summary: "Rain after 4 PM",

[#DeprecatedDeclaration]: <https://docs.swift.org/compiler/documentation/diagnostics/deprecated-declaration>
[153/171] Compiling MortimerHostTests MemoryGraphClosureC3Tests.swift
/Users/admin/mortimer/source/macos/MortimerHost/Tests/MortimerHostTests/DrawerTabStripKeyboardTests.swift:13:30: warning: 'accessibilitySetValue(_:forAttribute:)' was deprecated in macOS 10.10: Use the NSAccessibility protocol methods instead (see NSAccessibilityProtocols.h) [#DeprecatedDeclaration]
 11 |     func testArrowAndHomeEndKeysMoveSelectionAndRevealTheSelectedLabel() throws {
 12 |         _ = NSApplication.shared
 13 |         NSApplication.shared.accessibilitySetValue(true,
    |                              `- warning: 'accessibilitySetValue(_:forAttribute:)' was deprecated in macOS 10.10: Use the NSAccessibility protocol methods instead (see NSAccessibilityProtocols.h) [#DeprecatedDeclaration]
 14 |             forAttribute: NSAccessibility.Attribute(rawValue: "AXEnhancedUserInterface"))
 15 |         let selection = KeyboardHeaderSelection()

/Users/admin/mortimer/source/macos/MortimerHost/Tests/MortimerHostTests/DrawerTabStripRenderingTests.swift:11:30: warning: 'accessibilitySetValue(_:forAttribute:)' was deprecated in macOS 10.10: Use the NSAccessibility protocol methods instead (see NSAccessibilityProtocols.h) [#DeprecatedDeclaration]
  9 |     func testNarrowStripRevealsEntireSelectedLastTab() throws {
 10 |         _ = NSApplication.shared
 11 |         NSApplication.shared.accessibilitySetValue(true,
    |                              `- warning: 'accessibilitySetValue(_:forAttribute:)' was deprecated in macOS 10.10: Use the NSAccessibility protocol methods instead (see NSAccessibilityProtocols.h) [#DeprecatedDeclaration]
 12 |             forAttribute: NSAccessibility.Attribute(rawValue: "AXEnhancedUserInterface"))
 13 |         let view = NSHostingView(rootView: DrawerTabStrip(selectedTab: "costs", attention: [:], select: { _ in })

/Users/admin/mortimer/source/macos/MortimerHost/Tests/MortimerHostTests/DrawerTabStripRenderingTests.swift:54:30: warning: 'accessibilitySetValue(_:forAttribute:)' was deprecated in macOS 10.10: Use the NSAccessibility protocol methods instead (see NSAccessibilityProtocols.h) [#DeprecatedDeclaration]
 52 |     func testNarrowMountedStripRevealsEverySelectionInBothDirections() throws {
 53 |         _ = NSApplication.shared
 54 |         NSApplication.shared.accessibilitySetValue(true,
    |                              `- warning: 'accessibilitySetValue(_:forAttribute:)' was deprecated in macOS 10.10: Use the NSAccessibility protocol methods instead (see NSAccessibilityProtocols.h) [#DeprecatedDeclaration]
 55 |             forAttribute: NSAccessibility.Attribute(rawValue: "AXEnhancedUserInterface"))
 56 |         let selection = HeaderSelection()

/Users/admin/mortimer/source/macos/MortimerHost/Tests/MortimerHostTests/DrawerTabStripRenderingTests.swift:102:30: warning: 'accessibilitySetValue(_:forAttribute:)' was deprecated in macOS 10.10: Use the NSAccessibility protocol methods instead (see NSAccessibilityProtocols.h) [#DeprecatedDeclaration]
100 |     func testLargeTextMountedStripRevealsEverySelection() throws {
101 |         _ = NSApplication.shared
102 |         NSApplication.shared.accessibilitySetValue(true,
    |                              `- warning: 'accessibilitySetValue(_:forAttribute:)' was deprecated in macOS 10.10: Use the NSAccessibility protocol methods instead (see NSAccessibilityProtocols.h) [#DeprecatedDeclaration]
103 |             forAttribute: NSAccessibility.Attribute(rawValue: "AXEnhancedUserInterface"))
104 |         let selection = HeaderSelection()

/Users/admin/mortimer/source/macos/MortimerHost/Tests/MortimerHostTests/DrawerTabStripRenderingTests.swift:156:30: warning: 'accessibilitySetValue(_:forAttribute:)' was deprecated in macOS 10.10: Use the NSAccessibility protocol methods instead (see NSAccessibilityProtocols.h) [#DeprecatedDeclaration]
154 |     func testOverflowButtonsReachBothEndsWithoutChangingSelection() throws {
155 |         _ = NSApplication.shared
156 |         NSApplication.shared.accessibilitySetValue(true,
    |                              `- warning: 'accessibilitySetValue(_:forAttribute:)' was deprecated in macOS 10.10: Use the NSAccessibility protocol methods instead (see NSAccessibilityProtocols.h) [#DeprecatedDeclaration]
157 |             forAttribute: NSAccessibility.Attribute(rawValue: "AXEnhancedUserInterface"))
158 |         let selection = HeaderSelection()

/Users/admin/mortimer/source/macos/MortimerHost/Tests/MortimerHostTests/DrawerTabStripRenderingTests.swift:207:30: warning: 'accessibilitySetValue(_:forAttribute:)' was deprecated in macOS 10.10: Use the NSAccessibility protocol methods instead (see NSAccessibilityProtocols.h) [#DeprecatedDeclaration]
205 |     func testWideHeaderExposesEveryLabel() throws {
206 |         _ = NSApplication.shared
207 |         NSApplication.shared.accessibilitySetValue(true,
    |                              `- warning: 'accessibilitySetValue(_:forAttribute:)' was deprecated in macOS 10.10: Use the NSAccessibility protocol methods instead (see NSAccessibilityProtocols.h) [#DeprecatedDeclaration]
208 |             forAttribute: NSAccessibility.Attribute(rawValue: "AXEnhancedUserInterface"))
209 |         let view = NSHostingView(rootView: DrawerTabStrip(selectedTab: "memory", attention: [:], select: { _ in })

/Users/admin/mortimer/source/macos/MortimerHost/Tests/MortimerHostTests/DrawerViewMinimumWidthTests.swift:23:30: warning: 'accessibilitySetValue(_:forAttribute:)' was deprecated in macOS 10.10: Use the NSAccessibility protocol methods instead (see NSAccessibilityProtocols.h) [#DeprecatedDeclaration]
21 |     private func checkDrawer(poppedOut: Bool) throws {
22 |         _ = NSApplication.shared
23 |         NSApplication.shared.accessibilitySetValue(true,
   |                              `- warning: 'accessibilitySetValue(_:forAttribute:)' was deprecated in macOS 10.10: Use the NSAccessibility protocol methods instead (see NSAccessibilityProtocols.h) [#DeprecatedDeclaration]
24 |             forAttribute: NSAccessibility.Attribute(rawValue: "AXEnhancedUserInterface"))
25 |         let suite = "drawer-min-width-" + UUID().uuidString

/Users/admin/mortimer/source/macos/MortimerHost/Tests/MortimerHostTests/FullConsoleRenderingTests.swift:35:30: warning: 'accessibilitySetValue(_:forAttribute:)' was deprecated in macOS 10.10: Use the NSAccessibility protocol methods instead (see NSAccessibilityProtocols.h) [#DeprecatedDeclaration]
 33 |     private func checkConsole(tabTextSize: Double, layoutVersion: Int = 1, startup: Bool = false) throws {
 34 |         _ = NSApplication.shared
 35 |         NSApplication.shared.accessibilitySetValue(true,
    |                              `- warning: 'accessibilitySetValue(_:forAttribute:)' was deprecated in macOS 10.10: Use the NSAccessibility protocol methods instead (see NSAccessibilityProtocols.h) [#DeprecatedDeclaration]
 36 |             forAttribute: NSAccessibility.Attribute(rawValue: "AXEnhancedUserInterface"))
 37 |         let suite = "full-console-" + UUID().uuidString

/Users/admin/mortimer/source/macos/MortimerHost/Tests/MortimerHostTests/KnowledgeAtlasTests.swift:33:30: warning: 'accessibilitySetValue(_:forAttribute:)' was deprecated in macOS 10.10: Use the NSAccessibility protocol methods instead (see NSAccessibilityProtocols.h) [#DeprecatedDeclaration]
 31 |     func testMountedAtlasResultControlExposesAccessibilityLabelAndValue() throws {
 32 |         _ = NSApplication.shared
 33 |         NSApplication.shared.accessibilitySetValue(true,
    |                              `- warning: 'accessibilitySetValue(_:forAttribute:)' was deprecated in macOS 10.10: Use the NSAccessibility protocol methods instead (see NSAccessibilityProtocols.h) [#DeprecatedDeclaration]
 34 |             forAttribute: NSAccessibility.Attribute(rawValue: "AXEnhancedUserInterface"))
 35 |         let card = AtlasCard(id: UUID(), title: "Weather", summary: "Rain after 4 PM",

[#DeprecatedDeclaration]: <https://docs.swift.org/compiler/documentation/diagnostics/deprecated-declaration>
[154/171] Compiling MortimerHostTests MemoryGraphFrameTimeTests.swift
/Users/admin/mortimer/source/macos/MortimerHost/Tests/MortimerHostTests/DrawerTabStripKeyboardTests.swift:13:30: warning: 'accessibilitySetValue(_:forAttribute:)' was deprecated in macOS 10.10: Use the NSAccessibility protocol methods instead (see NSAccessibilityProtocols.h) [#DeprecatedDeclaration]
 11 |     func testArrowAndHomeEndKeysMoveSelectionAndRevealTheSelectedLabel() throws {
 12 |         _ = NSApplication.shared
 13 |         NSApplication.shared.accessibilitySetValue(true,
    |                              `- warning: 'accessibilitySetValue(_:forAttribute:)' was deprecated in macOS 10.10: Use the NSAccessibility protocol methods instead (see NSAccessibilityProtocols.h) [#DeprecatedDeclaration]
 14 |             forAttribute: NSAccessibility.Attribute(rawValue: "AXEnhancedUserInterface"))
 15 |         let selection = KeyboardHeaderSelection()

/Users/admin/mortimer/source/macos/MortimerHost/Tests/MortimerHostTests/DrawerTabStripRenderingTests.swift:11:30: warning: 'accessibilitySetValue(_:forAttribute:)' was deprecated in macOS 10.10: Use the NSAccessibility protocol methods instead (see NSAccessibilityProtocols.h) [#DeprecatedDeclaration]
  9 |     func testNarrowStripRevealsEntireSelectedLastTab() throws {
 10 |         _ = NSApplication.shared
 11 |         NSApplication.shared.accessibilitySetValue(true,
    |                              `- warning: 'accessibilitySetValue(_:forAttribute:)' was deprecated in macOS 10.10: Use the NSAccessibility protocol methods instead (see NSAccessibilityProtocols.h) [#DeprecatedDeclaration]
 12 |             forAttribute: NSAccessibility.Attribute(rawValue: "AXEnhancedUserInterface"))
 13 |         let view = NSHostingView(rootView: DrawerTabStrip(selectedTab: "costs", attention: [:], select: { _ in })

/Users/admin/mortimer/source/macos/MortimerHost/Tests/MortimerHostTests/DrawerTabStripRenderingTests.swift:54:30: warning: 'accessibilitySetValue(_:forAttribute:)' was deprecated in macOS 10.10: Use the NSAccessibility protocol methods instead (see NSAccessibilityProtocols.h) [#DeprecatedDeclaration]
 52 |     func testNarrowMountedStripRevealsEverySelectionInBothDirections() throws {
 53 |         _ = NSApplication.shared
 54 |         NSApplication.shared.accessibilitySetValue(true,
    |                              `- warning: 'accessibilitySetValue(_:forAttribute:)' was deprecated in macOS 10.10: Use the NSAccessibility protocol methods instead (see NSAccessibilityProtocols.h) [#DeprecatedDeclaration]
 55 |             forAttribute: NSAccessibility.Attribute(rawValue: "AXEnhancedUserInterface"))
 56 |         let selection = HeaderSelection()

/Users/admin/mortimer/source/macos/MortimerHost/Tests/MortimerHostTests/DrawerTabStripRenderingTests.swift:102:30: warning: 'accessibilitySetValue(_:forAttribute:)' was deprecated in macOS 10.10: Use the NSAccessibility protocol methods instead (see NSAccessibilityProtocols.h) [#DeprecatedDeclaration]
100 |     func testLargeTextMountedStripRevealsEverySelection() throws {
101 |         _ = NSApplication.shared
102 |         NSApplication.shared.accessibilitySetValue(true,
    |                              `- warning: 'accessibilitySetValue(_:forAttribute:)' was deprecated in macOS 10.10: Use the NSAccessibility protocol methods instead (see NSAccessibilityProtocols.h) [#DeprecatedDeclaration]
103 |             forAttribute: NSAccessibility.Attribute(rawValue: "AXEnhancedUserInterface"))
104 |         let selection = HeaderSelection()

/Users/admin/mortimer/source/macos/MortimerHost/Tests/MortimerHostTests/DrawerTabStripRenderingTests.swift:156:30: warning: 'accessibilitySetValue(_:forAttribute:)' was deprecated in macOS 10.10: Use the NSAccessibility protocol methods instead (see NSAccessibilityProtocols.h) [#DeprecatedDeclaration]
154 |     func testOverflowButtonsReachBothEndsWithoutChangingSelection() throws {
155 |         _ = NSApplication.shared
156 |         NSApplication.shared.accessibilitySetValue(true,
    |                              `- warning: 'accessibilitySetValue(_:forAttribute:)' was deprecated in macOS 10.10: Use the NSAccessibility protocol methods instead (see NSAccessibilityProtocols.h) [#DeprecatedDeclaration]
157 |             forAttribute: NSAccessibility.Attribute(rawValue: "AXEnhancedUserInterface"))
158 |         let selection = HeaderSelection()

/Users/admin/mortimer/source/macos/MortimerHost/Tests/MortimerHostTests/DrawerTabStripRenderingTests.swift:207:30: warning: 'accessibilitySetValue(_:forAttribute:)' was deprecated in macOS 10.10: Use the NSAccessibility protocol methods instead (see NSAccessibilityProtocols.h) [#DeprecatedDeclaration]
205 |     func testWideHeaderExposesEveryLabel() throws {
206 |         _ = NSApplication.shared
207 |         NSApplication.shared.accessibilitySetValue(true,
    |                              `- warning: 'accessibilitySetValue(_:forAttribute:)' was deprecated in macOS 10.10: Use the NSAccessibility protocol methods instead (see NSAccessibilityProtocols.h) [#DeprecatedDeclaration]
208 |             forAttribute: NSAccessibility.Attribute(rawValue: "AXEnhancedUserInterface"))
209 |         let view = NSHostingView(rootView: DrawerTabStrip(selectedTab: "memory", attention: [:], select: { _ in })

/Users/admin/mortimer/source/macos/MortimerHost/Tests/MortimerHostTests/DrawerViewMinimumWidthTests.swift:23:30: warning: 'accessibilitySetValue(_:forAttribute:)' was deprecated in macOS 10.10: Use the NSAccessibility protocol methods instead (see NSAccessibilityProtocols.h) [#DeprecatedDeclaration]
21 |     private func checkDrawer(poppedOut: Bool) throws {
22 |         _ = NSApplication.shared
23 |         NSApplication.shared.accessibilitySetValue(true,
   |                              `- warning: 'accessibilitySetValue(_:forAttribute:)' was deprecated in macOS 10.10: Use the NSAccessibility protocol methods instead (see NSAccessibilityProtocols.h) [#DeprecatedDeclaration]
24 |             forAttribute: NSAccessibility.Attribute(rawValue: "AXEnhancedUserInterface"))
25 |         let suite = "drawer-min-width-" + UUID().uuidString

/Users/admin/mortimer/source/macos/MortimerHost/Tests/MortimerHostTests/FullConsoleRenderingTests.swift:35:30: warning: 'accessibilitySetValue(_:forAttribute:)' was deprecated in macOS 10.10: Use the NSAccessibility protocol methods instead (see NSAccessibilityProtocols.h) [#DeprecatedDeclaration]
 33 |     private func checkConsole(tabTextSize: Double, layoutVersion: Int = 1, startup: Bool = false) throws {
 34 |         _ = NSApplication.shared
 35 |         NSApplication.shared.accessibilitySetValue(true,
    |                              `- warning: 'accessibilitySetValue(_:forAttribute:)' was deprecated in macOS 10.10: Use the NSAccessibility protocol methods instead (see NSAccessibilityProtocols.h) [#DeprecatedDeclaration]
 36 |             forAttribute: NSAccessibility.Attribute(rawValue: "AXEnhancedUserInterface"))
 37 |         let suite = "full-console-" + UUID().uuidString

/Users/admin/mortimer/source/macos/MortimerHost/Tests/MortimerHostTests/KnowledgeAtlasTests.swift:33:30: warning: 'accessibilitySetValue(_:forAttribute:)' was deprecated in macOS 10.10: Use the NSAccessibility protocol methods instead (see NSAccessibilityProtocols.h) [#DeprecatedDeclaration]
 31 |     func testMountedAtlasResultControlExposesAccessibilityLabelAndValue() throws {
 32 |         _ = NSApplication.shared
 33 |         NSApplication.shared.accessibilitySetValue(true,
    |                              `- warning: 'accessibilitySetValue(_:forAttribute:)' was deprecated in macOS 10.10: Use the NSAccessibility protocol methods instead (see NSAccessibilityProtocols.h) [#DeprecatedDeclaration]
 34 |             forAttribute: NSAccessibility.Attribute(rawValue: "AXEnhancedUserInterface"))
 35 |         let card = AtlasCard(id: UUID(), title: "Weather", summary: "Rain after 4 PM",

[#DeprecatedDeclaration]: <https://docs.swift.org/compiler/documentation/diagnostics/deprecated-declaration>
[155/171] Compiling MortimerHostTests MemoryGraphImageStoreTests.swift
/Users/admin/mortimer/source/macos/MortimerHost/Tests/MortimerHostTests/DrawerTabStripKeyboardTests.swift:13:30: warning: 'accessibilitySetValue(_:forAttribute:)' was deprecated in macOS 10.10: Use the NSAccessibility protocol methods instead (see NSAccessibilityProtocols.h) [#DeprecatedDeclaration]
 11 |     func testArrowAndHomeEndKeysMoveSelectionAndRevealTheSelectedLabel() throws {
 12 |         _ = NSApplication.shared
 13 |         NSApplication.shared.accessibilitySetValue(true,
    |                              `- warning: 'accessibilitySetValue(_:forAttribute:)' was deprecated in macOS 10.10: Use the NSAccessibility protocol methods instead (see NSAccessibilityProtocols.h) [#DeprecatedDeclaration]
 14 |             forAttribute: NSAccessibility.Attribute(rawValue: "AXEnhancedUserInterface"))
 15 |         let selection = KeyboardHeaderSelection()

/Users/admin/mortimer/source/macos/MortimerHost/Tests/MortimerHostTests/DrawerTabStripRenderingTests.swift:11:30: warning: 'accessibilitySetValue(_:forAttribute:)' was deprecated in macOS 10.10: Use the NSAccessibility protocol methods instead (see NSAccessibilityProtocols.h) [#DeprecatedDeclaration]
  9 |     func testNarrowStripRevealsEntireSelectedLastTab() throws {
 10 |         _ = NSApplication.shared
 11 |         NSApplication.shared.accessibilitySetValue(true,
    |                              `- warning: 'accessibilitySetValue(_:forAttribute:)' was deprecated in macOS 10.10: Use the NSAccessibility protocol methods instead (see NSAccessibilityProtocols.h) [#DeprecatedDeclaration]
 12 |             forAttribute: NSAccessibility.Attribute(rawValue: "AXEnhancedUserInterface"))
 13 |         let view = NSHostingView(rootView: DrawerTabStrip(selectedTab: "costs", attention: [:], select: { _ in })

/Users/admin/mortimer/source/macos/MortimerHost/Tests/MortimerHostTests/DrawerTabStripRenderingTests.swift:54:30: warning: 'accessibilitySetValue(_:forAttribute:)' was deprecated in macOS 10.10: Use the NSAccessibility protocol methods instead (see NSAccessibilityProtocols.h) [#DeprecatedDeclaration]
 52 |     func testNarrowMountedStripRevealsEverySelectionInBothDirections() throws {
 53 |         _ = NSApplication.shared
 54 |         NSApplication.shared.accessibilitySetValue(true,
    |                              `- warning: 'accessibilitySetValue(_:forAttribute:)' was deprecated in macOS 10.10: Use the NSAccessibility protocol methods instead (see NSAccessibilityProtocols.h) [#DeprecatedDeclaration]
 55 |             forAttribute: NSAccessibility.Attribute(rawValue: "AXEnhancedUserInterface"))
 56 |         let selection = HeaderSelection()

/Users/admin/mortimer/source/macos/MortimerHost/Tests/MortimerHostTests/DrawerTabStripRenderingTests.swift:102:30: warning: 'accessibilitySetValue(_:forAttribute:)' was deprecated in macOS 10.10: Use the NSAccessibility protocol methods instead (see NSAccessibilityProtocols.h) [#DeprecatedDeclaration]
100 |     func testLargeTextMountedStripRevealsEverySelection() throws {
101 |         _ = NSApplication.shared
102 |         NSApplication.shared.accessibilitySetValue(true,
    |                              `- warning: 'accessibilitySetValue(_:forAttribute:)' was deprecated in macOS 10.10: Use the NSAccessibility protocol methods instead (see NSAccessibilityProtocols.h) [#DeprecatedDeclaration]
103 |             forAttribute: NSAccessibility.Attribute(rawValue: "AXEnhancedUserInterface"))
104 |         let selection = HeaderSelection()

/Users/admin/mortimer/source/macos/MortimerHost/Tests/MortimerHostTests/DrawerTabStripRenderingTests.swift:156:30: warning: 'accessibilitySetValue(_:forAttribute:)' was deprecated in macOS 10.10: Use the NSAccessibility protocol methods instead (see NSAccessibilityProtocols.h) [#DeprecatedDeclaration]
154 |     func testOverflowButtonsReachBothEndsWithoutChangingSelection() throws {
155 |         _ = NSApplication.shared
156 |         NSApplication.shared.accessibilitySetValue(true,
    |                              `- warning: 'accessibilitySetValue(_:forAttribute:)' was deprecated in macOS 10.10: Use the NSAccessibility protocol methods instead (see NSAccessibilityProtocols.h) [#DeprecatedDeclaration]
157 |             forAttribute: NSAccessibility.Attribute(rawValue: "AXEnhancedUserInterface"))
158 |         let selection = HeaderSelection()

/Users/admin/mortimer/source/macos/MortimerHost/Tests/MortimerHostTests/DrawerTabStripRenderingTests.swift:207:30: warning: 'accessibilitySetValue(_:forAttribute:)' was deprecated in macOS 10.10: Use the NSAccessibility protocol methods instead (see NSAccessibilityProtocols.h) [#DeprecatedDeclaration]
205 |     func testWideHeaderExposesEveryLabel() throws {
206 |         _ = NSApplication.shared
207 |         NSApplication.shared.accessibilitySetValue(true,
    |                              `- warning: 'accessibilitySetValue(_:forAttribute:)' was deprecated in macOS 10.10: Use the NSAccessibility protocol methods instead (see NSAccessibilityProtocols.h) [#DeprecatedDeclaration]
208 |             forAttribute: NSAccessibility.Attribute(rawValue: "AXEnhancedUserInterface"))
209 |         let view = NSHostingView(rootView: DrawerTabStrip(selectedTab: "memory", attention: [:], select: { _ in })

/Users/admin/mortimer/source/macos/MortimerHost/Tests/MortimerHostTests/DrawerViewMinimumWidthTests.swift:23:30: warning: 'accessibilitySetValue(_:forAttribute:)' was deprecated in macOS 10.10: Use the NSAccessibility protocol methods instead (see NSAccessibilityProtocols.h) [#DeprecatedDeclaration]
21 |     private func checkDrawer(poppedOut: Bool) throws {
22 |         _ = NSApplication.shared
23 |         NSApplication.shared.accessibilitySetValue(true,
   |                              `- warning: 'accessibilitySetValue(_:forAttribute:)' was deprecated in macOS 10.10: Use the NSAccessibility protocol methods instead (see NSAccessibilityProtocols.h) [#DeprecatedDeclaration]
24 |             forAttribute: NSAccessibility.Attribute(rawValue: "AXEnhancedUserInterface"))
25 |         let suite = "drawer-min-width-" + UUID().uuidString

/Users/admin/mortimer/source/macos/MortimerHost/Tests/MortimerHostTests/FullConsoleRenderingTests.swift:35:30: warning: 'accessibilitySetValue(_:forAttribute:)' was deprecated in macOS 10.10: Use the NSAccessibility protocol methods instead (see NSAccessibilityProtocols.h) [#DeprecatedDeclaration]
 33 |     private func checkConsole(tabTextSize: Double, layoutVersion: Int = 1, startup: Bool = false) throws {
 34 |         _ = NSApplication.shared
 35 |         NSApplication.shared.accessibilitySetValue(true,
    |                              `- warning: 'accessibilitySetValue(_:forAttribute:)' was deprecated in macOS 10.10: Use the NSAccessibility protocol methods instead (see NSAccessibilityProtocols.h) [#DeprecatedDeclaration]
 36 |             forAttribute: NSAccessibility.Attribute(rawValue: "AXEnhancedUserInterface"))
 37 |         let suite = "full-console-" + UUID().uuidString

/Users/admin/mortimer/source/macos/MortimerHost/Tests/MortimerHostTests/KnowledgeAtlasTests.swift:33:30: warning: 'accessibilitySetValue(_:forAttribute:)' was deprecated in macOS 10.10: Use the NSAccessibility protocol methods instead (see NSAccessibilityProtocols.h) [#DeprecatedDeclaration]
 31 |     func testMountedAtlasResultControlExposesAccessibilityLabelAndValue() throws {
 32 |         _ = NSApplication.shared
 33 |         NSApplication.shared.accessibilitySetValue(true,
    |                              `- warning: 'accessibilitySetValue(_:forAttribute:)' was deprecated in macOS 10.10: Use the NSAccessibility protocol methods instead (see NSAccessibilityProtocols.h) [#DeprecatedDeclaration]
 34 |             forAttribute: NSAccessibility.Attribute(rawValue: "AXEnhancedUserInterface"))
 35 |         let card = AtlasCard(id: UUID(), title: "Weather", summary: "Rain after 4 PM",

[#DeprecatedDeclaration]: <https://docs.swift.org/compiler/documentation/diagnostics/deprecated-declaration>
[156/171] Compiling MortimerHostTests AdaptiveInterfaceClosureC2Tests.swift
/Users/admin/mortimer/source/macos/MortimerHost/Tests/MortimerHostTests/AdaptiveInterfaceClosureC2Tests.swift:165:30: warning: 'accessibilitySetValue(_:forAttribute:)' was deprecated in macOS 10.10: Use the NSAccessibility protocol methods instead (see NSAccessibilityProtocols.h) [#DeprecatedDeclaration]
163 |     func testCompactRailRendersAgentActivityAffordance() throws {
164 |         _ = NSApplication.shared
165 |         NSApplication.shared.accessibilitySetValue(true,
    |                              `- warning: 'accessibilitySetValue(_:forAttribute:)' was deprecated in macOS 10.10: Use the NSAccessibility protocol methods instead (see NSAccessibilityProtocols.h) [#DeprecatedDeclaration]
166 |             forAttribute: NSAccessibility.Attribute(rawValue: "AXEnhancedUserInterface"))
167 |         let client = JarvisClient(config: JarvisConfig(botURL: URL(string: "http://127.0.0.1:7860")!,

/Users/admin/mortimer/source/macos/MortimerHost/Tests/MortimerHostTests/AdaptiveInterfaceClosureC2Tests.swift:191:30: warning: 'accessibilitySetValue(_:forAttribute:)' was deprecated in macOS 10.10: Use the NSAccessibility protocol methods instead (see NSAccessibilityProtocols.h) [#DeprecatedDeclaration]
189 |     func testCompactRailRendersWithReducedMotionWhileAgentIsActive() throws {
190 |         _ = NSApplication.shared
191 |         NSApplication.shared.accessibilitySetValue(true,
    |                              `- warning: 'accessibilitySetValue(_:forAttribute:)' was deprecated in macOS 10.10: Use the NSAccessibility protocol methods instead (see NSAccessibilityProtocols.h) [#DeprecatedDeclaration]
192 |             forAttribute: NSAccessibility.Attribute(rawValue: "AXEnhancedUserInterface"))
193 |         let client = JarvisClient(config: JarvisConfig(botURL: URL(string: "http://127.0.0.1:7860")!,

/Users/admin/mortimer/source/macos/MortimerHost/Tests/MortimerHostTests/AdaptiveInterfaceClosureC2Tests.swift:216:30: warning: 'accessibilitySetValue(_:forAttribute:)' was deprecated in macOS 10.10: Use the NSAccessibility protocol methods instead (see NSAccessibilityProtocols.h) [#DeprecatedDeclaration]
214 |     func testCompactRailPinsClockAboveAgentActivity() throws {
215 |         _ = NSApplication.shared
216 |         NSApplication.shared.accessibilitySetValue(true,
    |                              `- warning: 'accessibilitySetValue(_:forAttribute:)' was deprecated in macOS 10.10: Use the NSAccessibility protocol methods instead (see NSAccessibilityProtocols.h) [#DeprecatedDeclaration]
217 |             forAttribute: NSAccessibility.Attribute(rawValue: "AXEnhancedUserInterface"))
218 |         let client = JarvisClient(config: JarvisConfig(botURL: URL(string: "http://127.0.0.1:7860")!,

/Users/admin/mortimer/source/macos/MortimerHost/Tests/MortimerHostTests/CompactConversationTests.swift:11:30: warning: 'accessibilitySetValue(_:forAttribute:)' was deprecated in macOS 10.10: Use the NSAccessibility protocol methods instead (see NSAccessibilityProtocols.h) [#DeprecatedDeclaration]
 9 |     func testSavedCompactPreferenceChangesNativeConversationPresentation() throws {
10 |         _ = NSApplication.shared
11 |         NSApplication.shared.accessibilitySetValue(true,
   |                              `- warning: 'accessibilitySetValue(_:forAttribute:)' was deprecated in macOS 10.10: Use the NSAccessibility protocol methods instead (see NSAccessibilityProtocols.h) [#DeprecatedDeclaration]
12 |             forAttribute: NSAccessibility.Attribute(rawValue: "AXEnhancedUserInterface"))
13 |         let suite = "compact-conversation-" + UUID().uuidString

[#DeprecatedDeclaration]: <https://docs.swift.org/compiler/documentation/diagnostics/deprecated-declaration>
[157/171] Compiling MortimerHostTests AdaptiveLayoutMetricsTests.swift
/Users/admin/mortimer/source/macos/MortimerHost/Tests/MortimerHostTests/AdaptiveInterfaceClosureC2Tests.swift:165:30: warning: 'accessibilitySetValue(_:forAttribute:)' was deprecated in macOS 10.10: Use the NSAccessibility protocol methods instead (see NSAccessibilityProtocols.h) [#DeprecatedDeclaration]
163 |     func testCompactRailRendersAgentActivityAffordance() throws {
164 |         _ = NSApplication.shared
165 |         NSApplication.shared.accessibilitySetValue(true,
    |                              `- warning: 'accessibilitySetValue(_:forAttribute:)' was deprecated in macOS 10.10: Use the NSAccessibility protocol methods instead (see NSAccessibilityProtocols.h) [#DeprecatedDeclaration]
166 |             forAttribute: NSAccessibility.Attribute(rawValue: "AXEnhancedUserInterface"))
167 |         let client = JarvisClient(config: JarvisConfig(botURL: URL(string: "http://127.0.0.1:7860")!,

/Users/admin/mortimer/source/macos/MortimerHost/Tests/MortimerHostTests/AdaptiveInterfaceClosureC2Tests.swift:191:30: warning: 'accessibilitySetValue(_:forAttribute:)' was deprecated in macOS 10.10: Use the NSAccessibility protocol methods instead (see NSAccessibilityProtocols.h) [#DeprecatedDeclaration]
189 |     func testCompactRailRendersWithReducedMotionWhileAgentIsActive() throws {
190 |         _ = NSApplication.shared
191 |         NSApplication.shared.accessibilitySetValue(true,
    |                              `- warning: 'accessibilitySetValue(_:forAttribute:)' was deprecated in macOS 10.10: Use the NSAccessibility protocol methods instead (see NSAccessibilityProtocols.h) [#DeprecatedDeclaration]
192 |             forAttribute: NSAccessibility.Attribute(rawValue: "AXEnhancedUserInterface"))
193 |         let client = JarvisClient(config: JarvisConfig(botURL: URL(string: "http://127.0.0.1:7860")!,

/Users/admin/mortimer/source/macos/MortimerHost/Tests/MortimerHostTests/AdaptiveInterfaceClosureC2Tests.swift:216:30: warning: 'accessibilitySetValue(_:forAttribute:)' was deprecated in macOS 10.10: Use the NSAccessibility protocol methods instead (see NSAccessibilityProtocols.h) [#DeprecatedDeclaration]
214 |     func testCompactRailPinsClockAboveAgentActivity() throws {
215 |         _ = NSApplication.shared
216 |         NSApplication.shared.accessibilitySetValue(true,
    |                              `- warning: 'accessibilitySetValue(_:forAttribute:)' was deprecated in macOS 10.10: Use the NSAccessibility protocol methods instead (see NSAccessibilityProtocols.h) [#DeprecatedDeclaration]
217 |             forAttribute: NSAccessibility.Attribute(rawValue: "AXEnhancedUserInterface"))
218 |         let client = JarvisClient(config: JarvisConfig(botURL: URL(string: "http://127.0.0.1:7860")!,

/Users/admin/mortimer/source/macos/MortimerHost/Tests/MortimerHostTests/CompactConversationTests.swift:11:30: warning: 'accessibilitySetValue(_:forAttribute:)' was deprecated in macOS 10.10: Use the NSAccessibility protocol methods instead (see NSAccessibilityProtocols.h) [#DeprecatedDeclaration]
 9 |     func testSavedCompactPreferenceChangesNativeConversationPresentation() throws {
10 |         _ = NSApplication.shared
11 |         NSApplication.shared.accessibilitySetValue(true,
   |                              `- warning: 'accessibilitySetValue(_:forAttribute:)' was deprecated in macOS 10.10: Use the NSAccessibility protocol methods instead (see NSAccessibilityProtocols.h) [#DeprecatedDeclaration]
12 |             forAttribute: NSAccessibility.Attribute(rawValue: "AXEnhancedUserInterface"))
13 |         let suite = "compact-conversation-" + UUID().uuidString

[#DeprecatedDeclaration]: <https://docs.swift.org/compiler/documentation/diagnostics/deprecated-declaration>
[158/171] Compiling MortimerHostTests AgentRunStoreTests.swift
/Users/admin/mortimer/source/macos/MortimerHost/Tests/MortimerHostTests/AdaptiveInterfaceClosureC2Tests.swift:165:30: warning: 'accessibilitySetValue(_:forAttribute:)' was deprecated in macOS 10.10: Use the NSAccessibility protocol methods instead (see NSAccessibilityProtocols.h) [#DeprecatedDeclaration]
163 |     func testCompactRailRendersAgentActivityAffordance() throws {
164 |         _ = NSApplication.shared
165 |         NSApplication.shared.accessibilitySetValue(true,
    |                              `- warning: 'accessibilitySetValue(_:forAttribute:)' was deprecated in macOS 10.10: Use the NSAccessibility protocol methods instead (see NSAccessibilityProtocols.h) [#DeprecatedDeclaration]
166 |             forAttribute: NSAccessibility.Attribute(rawValue: "AXEnhancedUserInterface"))
167 |         let client = JarvisClient(config: JarvisConfig(botURL: URL(string: "http://127.0.0.1:7860")!,

/Users/admin/mortimer/source/macos/MortimerHost/Tests/MortimerHostTests/AdaptiveInterfaceClosureC2Tests.swift:191:30: warning: 'accessibilitySetValue(_:forAttribute:)' was deprecated in macOS 10.10: Use the NSAccessibility protocol methods instead (see NSAccessibilityProtocols.h) [#DeprecatedDeclaration]
189 |     func testCompactRailRendersWithReducedMotionWhileAgentIsActive() throws {
190 |         _ = NSApplication.shared
191 |         NSApplication.shared.accessibilitySetValue(true,
    |                              `- warning: 'accessibilitySetValue(_:forAttribute:)' was deprecated in macOS 10.10: Use the NSAccessibility protocol methods instead (see NSAccessibilityProtocols.h) [#DeprecatedDeclaration]
192 |             forAttribute: NSAccessibility.Attribute(rawValue: "AXEnhancedUserInterface"))
193 |         let client = JarvisClient(config: JarvisConfig(botURL: URL(string: "http://127.0.0.1:7860")!,

/Users/admin/mortimer/source/macos/MortimerHost/Tests/MortimerHostTests/AdaptiveInterfaceClosureC2Tests.swift:216:30: warning: 'accessibilitySetValue(_:forAttribute:)' was deprecated in macOS 10.10: Use the NSAccessibility protocol methods instead (see NSAccessibilityProtocols.h) [#DeprecatedDeclaration]
214 |     func testCompactRailPinsClockAboveAgentActivity() throws {
215 |         _ = NSApplication.shared
216 |         NSApplication.shared.accessibilitySetValue(true,
    |                              `- warning: 'accessibilitySetValue(_:forAttribute:)' was deprecated in macOS 10.10: Use the NSAccessibility protocol methods instead (see NSAccessibilityProtocols.h) [#DeprecatedDeclaration]
217 |             forAttribute: NSAccessibility.Attribute(rawValue: "AXEnhancedUserInterface"))
218 |         let client = JarvisClient(config: JarvisConfig(botURL: URL(string: "http://127.0.0.1:7860")!,

/Users/admin/mortimer/source/macos/MortimerHost/Tests/MortimerHostTests/CompactConversationTests.swift:11:30: warning: 'accessibilitySetValue(_:forAttribute:)' was deprecated in macOS 10.10: Use the NSAccessibility protocol methods instead (see NSAccessibilityProtocols.h) [#DeprecatedDeclaration]
 9 |     func testSavedCompactPreferenceChangesNativeConversationPresentation() throws {
10 |         _ = NSApplication.shared
11 |         NSApplication.shared.accessibilitySetValue(true,
   |                              `- warning: 'accessibilitySetValue(_:forAttribute:)' was deprecated in macOS 10.10: Use the NSAccessibility protocol methods instead (see NSAccessibilityProtocols.h) [#DeprecatedDeclaration]
12 |             forAttribute: NSAccessibility.Attribute(rawValue: "AXEnhancedUserInterface"))
13 |         let suite = "compact-conversation-" + UUID().uuidString

[#DeprecatedDeclaration]: <https://docs.swift.org/compiler/documentation/diagnostics/deprecated-declaration>
[159/171] Compiling MortimerHostTests AttachmentNormalizerTests.swift
/Users/admin/mortimer/source/macos/MortimerHost/Tests/MortimerHostTests/AdaptiveInterfaceClosureC2Tests.swift:165:30: warning: 'accessibilitySetValue(_:forAttribute:)' was deprecated in macOS 10.10: Use the NSAccessibility protocol methods instead (see NSAccessibilityProtocols.h) [#DeprecatedDeclaration]
163 |     func testCompactRailRendersAgentActivityAffordance() throws {
164 |         _ = NSApplication.shared
165 |         NSApplication.shared.accessibilitySetValue(true,
    |                              `- warning: 'accessibilitySetValue(_:forAttribute:)' was deprecated in macOS 10.10: Use the NSAccessibility protocol methods instead (see NSAccessibilityProtocols.h) [#DeprecatedDeclaration]
166 |             forAttribute: NSAccessibility.Attribute(rawValue: "AXEnhancedUserInterface"))
167 |         let client = JarvisClient(config: JarvisConfig(botURL: URL(string: "http://127.0.0.1:7860")!,

/Users/admin/mortimer/source/macos/MortimerHost/Tests/MortimerHostTests/AdaptiveInterfaceClosureC2Tests.swift:191:30: warning: 'accessibilitySetValue(_:forAttribute:)' was deprecated in macOS 10.10: Use the NSAccessibility protocol methods instead (see NSAccessibilityProtocols.h) [#DeprecatedDeclaration]
189 |     func testCompactRailRendersWithReducedMotionWhileAgentIsActive() throws {
190 |         _ = NSApplication.shared
191 |         NSApplication.shared.accessibilitySetValue(true,
    |                              `- warning: 'accessibilitySetValue(_:forAttribute:)' was deprecated in macOS 10.10: Use the NSAccessibility protocol methods instead (see NSAccessibilityProtocols.h) [#DeprecatedDeclaration]
192 |             forAttribute: NSAccessibility.Attribute(rawValue: "AXEnhancedUserInterface"))
193 |         let client = JarvisClient(config: JarvisConfig(botURL: URL(string: "http://127.0.0.1:7860")!,

/Users/admin/mortimer/source/macos/MortimerHost/Tests/MortimerHostTests/AdaptiveInterfaceClosureC2Tests.swift:216:30: warning: 'accessibilitySetValue(_:forAttribute:)' was deprecated in macOS 10.10: Use the NSAccessibility protocol methods instead (see NSAccessibilityProtocols.h) [#DeprecatedDeclaration]
214 |     func testCompactRailPinsClockAboveAgentActivity() throws {
215 |         _ = NSApplication.shared
216 |         NSApplication.shared.accessibilitySetValue(true,
    |                              `- warning: 'accessibilitySetValue(_:forAttribute:)' was deprecated in macOS 10.10: Use the NSAccessibility protocol methods instead (see NSAccessibilityProtocols.h) [#DeprecatedDeclaration]
217 |             forAttribute: NSAccessibility.Attribute(rawValue: "AXEnhancedUserInterface"))
218 |         let client = JarvisClient(config: JarvisConfig(botURL: URL(string: "http://127.0.0.1:7860")!,

/Users/admin/mortimer/source/macos/MortimerHost/Tests/MortimerHostTests/CompactConversationTests.swift:11:30: warning: 'accessibilitySetValue(_:forAttribute:)' was deprecated in macOS 10.10: Use the NSAccessibility protocol methods instead (see NSAccessibilityProtocols.h) [#DeprecatedDeclaration]
 9 |     func testSavedCompactPreferenceChangesNativeConversationPresentation() throws {
10 |         _ = NSApplication.shared
11 |         NSApplication.shared.accessibilitySetValue(true,
   |                              `- warning: 'accessibilitySetValue(_:forAttribute:)' was deprecated in macOS 10.10: Use the NSAccessibility protocol methods instead (see NSAccessibilityProtocols.h) [#DeprecatedDeclaration]
12 |             forAttribute: NSAccessibility.Attribute(rawValue: "AXEnhancedUserInterface"))
13 |         let suite = "compact-conversation-" + UUID().uuidString

[#DeprecatedDeclaration]: <https://docs.swift.org/compiler/documentation/diagnostics/deprecated-declaration>
[160/171] Compiling MortimerHostTests AttachmentStoreTests.swift
/Users/admin/mortimer/source/macos/MortimerHost/Tests/MortimerHostTests/AdaptiveInterfaceClosureC2Tests.swift:165:30: warning: 'accessibilitySetValue(_:forAttribute:)' was deprecated in macOS 10.10: Use the NSAccessibility protocol methods instead (see NSAccessibilityProtocols.h) [#DeprecatedDeclaration]
163 |     func testCompactRailRendersAgentActivityAffordance() throws {
164 |         _ = NSApplication.shared
165 |         NSApplication.shared.accessibilitySetValue(true,
    |                              `- warning: 'accessibilitySetValue(_:forAttribute:)' was deprecated in macOS 10.10: Use the NSAccessibility protocol methods instead (see NSAccessibilityProtocols.h) [#DeprecatedDeclaration]
166 |             forAttribute: NSAccessibility.Attribute(rawValue: "AXEnhancedUserInterface"))
167 |         let client = JarvisClient(config: JarvisConfig(botURL: URL(string: "http://127.0.0.1:7860")!,

/Users/admin/mortimer/source/macos/MortimerHost/Tests/MortimerHostTests/AdaptiveInterfaceClosureC2Tests.swift:191:30: warning: 'accessibilitySetValue(_:forAttribute:)' was deprecated in macOS 10.10: Use the NSAccessibility protocol methods instead (see NSAccessibilityProtocols.h) [#DeprecatedDeclaration]
189 |     func testCompactRailRendersWithReducedMotionWhileAgentIsActive() throws {
190 |         _ = NSApplication.shared
191 |         NSApplication.shared.accessibilitySetValue(true,
    |                              `- warning: 'accessibilitySetValue(_:forAttribute:)' was deprecated in macOS 10.10: Use the NSAccessibility protocol methods instead (see NSAccessibilityProtocols.h) [#DeprecatedDeclaration]
192 |             forAttribute: NSAccessibility.Attribute(rawValue: "AXEnhancedUserInterface"))
193 |         let client = JarvisClient(config: JarvisConfig(botURL: URL(string: "http://127.0.0.1:7860")!,

/Users/admin/mortimer/source/macos/MortimerHost/Tests/MortimerHostTests/AdaptiveInterfaceClosureC2Tests.swift:216:30: warning: 'accessibilitySetValue(_:forAttribute:)' was deprecated in macOS 10.10: Use the NSAccessibility protocol methods instead (see NSAccessibilityProtocols.h) [#DeprecatedDeclaration]
214 |     func testCompactRailPinsClockAboveAgentActivity() throws {
215 |         _ = NSApplication.shared
216 |         NSApplication.shared.accessibilitySetValue(true,
    |                              `- warning: 'accessibilitySetValue(_:forAttribute:)' was deprecated in macOS 10.10: Use the NSAccessibility protocol methods instead (see NSAccessibilityProtocols.h) [#DeprecatedDeclaration]
217 |             forAttribute: NSAccessibility.Attribute(rawValue: "AXEnhancedUserInterface"))
218 |         let client = JarvisClient(config: JarvisConfig(botURL: URL(string: "http://127.0.0.1:7860")!,

/Users/admin/mortimer/source/macos/MortimerHost/Tests/MortimerHostTests/CompactConversationTests.swift:11:30: warning: 'accessibilitySetValue(_:forAttribute:)' was deprecated in macOS 10.10: Use the NSAccessibility protocol methods instead (see NSAccessibilityProtocols.h) [#DeprecatedDeclaration]
 9 |     func testSavedCompactPreferenceChangesNativeConversationPresentation() throws {
10 |         _ = NSApplication.shared
11 |         NSApplication.shared.accessibilitySetValue(true,
   |                              `- warning: 'accessibilitySetValue(_:forAttribute:)' was deprecated in macOS 10.10: Use the NSAccessibility protocol methods instead (see NSAccessibilityProtocols.h) [#DeprecatedDeclaration]
12 |             forAttribute: NSAccessibility.Attribute(rawValue: "AXEnhancedUserInterface"))
13 |         let suite = "compact-conversation-" + UUID().uuidString

[#DeprecatedDeclaration]: <https://docs.swift.org/compiler/documentation/diagnostics/deprecated-declaration>
[161/171] Compiling MortimerHostTests AudioMeterLatencyReportTests.swift
/Users/admin/mortimer/source/macos/MortimerHost/Tests/MortimerHostTests/AdaptiveInterfaceClosureC2Tests.swift:165:30: warning: 'accessibilitySetValue(_:forAttribute:)' was deprecated in macOS 10.10: Use the NSAccessibility protocol methods instead (see NSAccessibilityProtocols.h) [#DeprecatedDeclaration]
163 |     func testCompactRailRendersAgentActivityAffordance() throws {
164 |         _ = NSApplication.shared
165 |         NSApplication.shared.accessibilitySetValue(true,
    |                              `- warning: 'accessibilitySetValue(_:forAttribute:)' was deprecated in macOS 10.10: Use the NSAccessibility protocol methods instead (see NSAccessibilityProtocols.h) [#DeprecatedDeclaration]
166 |             forAttribute: NSAccessibility.Attribute(rawValue: "AXEnhancedUserInterface"))
167 |         let client = JarvisClient(config: JarvisConfig(botURL: URL(string: "http://127.0.0.1:7860")!,

/Users/admin/mortimer/source/macos/MortimerHost/Tests/MortimerHostTests/AdaptiveInterfaceClosureC2Tests.swift:191:30: warning: 'accessibilitySetValue(_:forAttribute:)' was deprecated in macOS 10.10: Use the NSAccessibility protocol methods instead (see NSAccessibilityProtocols.h) [#DeprecatedDeclaration]
189 |     func testCompactRailRendersWithReducedMotionWhileAgentIsActive() throws {
190 |         _ = NSApplication.shared
191 |         NSApplication.shared.accessibilitySetValue(true,
    |                              `- warning: 'accessibilitySetValue(_:forAttribute:)' was deprecated in macOS 10.10: Use the NSAccessibility protocol methods instead (see NSAccessibilityProtocols.h) [#DeprecatedDeclaration]
192 |             forAttribute: NSAccessibility.Attribute(rawValue: "AXEnhancedUserInterface"))
193 |         let client = JarvisClient(config: JarvisConfig(botURL: URL(string: "http://127.0.0.1:7860")!,

/Users/admin/mortimer/source/macos/MortimerHost/Tests/MortimerHostTests/AdaptiveInterfaceClosureC2Tests.swift:216:30: warning: 'accessibilitySetValue(_:forAttribute:)' was deprecated in macOS 10.10: Use the NSAccessibility protocol methods instead (see NSAccessibilityProtocols.h) [#DeprecatedDeclaration]
214 |     func testCompactRailPinsClockAboveAgentActivity() throws {
215 |         _ = NSApplication.shared
216 |         NSApplication.shared.accessibilitySetValue(true,
    |                              `- warning: 'accessibilitySetValue(_:forAttribute:)' was deprecated in macOS 10.10: Use the NSAccessibility protocol methods instead (see NSAccessibilityProtocols.h) [#DeprecatedDeclaration]
217 |             forAttribute: NSAccessibility.Attribute(rawValue: "AXEnhancedUserInterface"))
218 |         let client = JarvisClient(config: JarvisConfig(botURL: URL(string: "http://127.0.0.1:7860")!,

/Users/admin/mortimer/source/macos/MortimerHost/Tests/MortimerHostTests/CompactConversationTests.swift:11:30: warning: 'accessibilitySetValue(_:forAttribute:)' was deprecated in macOS 10.10: Use the NSAccessibility protocol methods instead (see NSAccessibilityProtocols.h) [#DeprecatedDeclaration]
 9 |     func testSavedCompactPreferenceChangesNativeConversationPresentation() throws {
10 |         _ = NSApplication.shared
11 |         NSApplication.shared.accessibilitySetValue(true,
   |                              `- warning: 'accessibilitySetValue(_:forAttribute:)' was deprecated in macOS 10.10: Use the NSAccessibility protocol methods instead (see NSAccessibilityProtocols.h) [#DeprecatedDeclaration]
12 |             forAttribute: NSAccessibility.Attribute(rawValue: "AXEnhancedUserInterface"))
13 |         let suite = "compact-conversation-" + UUID().uuidString

[#DeprecatedDeclaration]: <https://docs.swift.org/compiler/documentation/diagnostics/deprecated-declaration>
[162/171] Compiling MortimerHostTests CompactConversationTests.swift
/Users/admin/mortimer/source/macos/MortimerHost/Tests/MortimerHostTests/AdaptiveInterfaceClosureC2Tests.swift:165:30: warning: 'accessibilitySetValue(_:forAttribute:)' was deprecated in macOS 10.10: Use the NSAccessibility protocol methods instead (see NSAccessibilityProtocols.h) [#DeprecatedDeclaration]
163 |     func testCompactRailRendersAgentActivityAffordance() throws {
164 |         _ = NSApplication.shared
165 |         NSApplication.shared.accessibilitySetValue(true,
    |                              `- warning: 'accessibilitySetValue(_:forAttribute:)' was deprecated in macOS 10.10: Use the NSAccessibility protocol methods instead (see NSAccessibilityProtocols.h) [#DeprecatedDeclaration]
166 |             forAttribute: NSAccessibility.Attribute(rawValue: "AXEnhancedUserInterface"))
167 |         let client = JarvisClient(config: JarvisConfig(botURL: URL(string: "http://127.0.0.1:7860")!,

/Users/admin/mortimer/source/macos/MortimerHost/Tests/MortimerHostTests/AdaptiveInterfaceClosureC2Tests.swift:191:30: warning: 'accessibilitySetValue(_:forAttribute:)' was deprecated in macOS 10.10: Use the NSAccessibility protocol methods instead (see NSAccessibilityProtocols.h) [#DeprecatedDeclaration]
189 |     func testCompactRailRendersWithReducedMotionWhileAgentIsActive() throws {
190 |         _ = NSApplication.shared
191 |         NSApplication.shared.accessibilitySetValue(true,
    |                              `- warning: 'accessibilitySetValue(_:forAttribute:)' was deprecated in macOS 10.10: Use the NSAccessibility protocol methods instead (see NSAccessibilityProtocols.h) [#DeprecatedDeclaration]
192 |             forAttribute: NSAccessibility.Attribute(rawValue: "AXEnhancedUserInterface"))
193 |         let client = JarvisClient(config: JarvisConfig(botURL: URL(string: "http://127.0.0.1:7860")!,

/Users/admin/mortimer/source/macos/MortimerHost/Tests/MortimerHostTests/AdaptiveInterfaceClosureC2Tests.swift:216:30: warning: 'accessibilitySetValue(_:forAttribute:)' was deprecated in macOS 10.10: Use the NSAccessibility protocol methods instead (see NSAccessibilityProtocols.h) [#DeprecatedDeclaration]
214 |     func testCompactRailPinsClockAboveAgentActivity() throws {
215 |         _ = NSApplication.shared
216 |         NSApplication.shared.accessibilitySetValue(true,
    |                              `- warning: 'accessibilitySetValue(_:forAttribute:)' was deprecated in macOS 10.10: Use the NSAccessibility protocol methods instead (see NSAccessibilityProtocols.h) [#DeprecatedDeclaration]
217 |             forAttribute: NSAccessibility.Attribute(rawValue: "AXEnhancedUserInterface"))
218 |         let client = JarvisClient(config: JarvisConfig(botURL: URL(string: "http://127.0.0.1:7860")!,

/Users/admin/mortimer/source/macos/MortimerHost/Tests/MortimerHostTests/CompactConversationTests.swift:11:30: warning: 'accessibilitySetValue(_:forAttribute:)' was deprecated in macOS 10.10: Use the NSAccessibility protocol methods instead (see NSAccessibilityProtocols.h) [#DeprecatedDeclaration]
 9 |     func testSavedCompactPreferenceChangesNativeConversationPresentation() throws {
10 |         _ = NSApplication.shared
11 |         NSApplication.shared.accessibilitySetValue(true,
   |                              `- warning: 'accessibilitySetValue(_:forAttribute:)' was deprecated in macOS 10.10: Use the NSAccessibility protocol methods instead (see NSAccessibilityProtocols.h) [#DeprecatedDeclaration]
12 |             forAttribute: NSAccessibility.Attribute(rawValue: "AXEnhancedUserInterface"))
13 |         let suite = "compact-conversation-" + UUID().uuidString

[#DeprecatedDeclaration]: <https://docs.swift.org/compiler/documentation/diagnostics/deprecated-declaration>
[163/171] Compiling MortimerHostTests ConsoleActionCoordinatorTests.swift
/Users/admin/mortimer/source/macos/MortimerHost/Tests/MortimerHostTests/AdaptiveInterfaceClosureC2Tests.swift:165:30: warning: 'accessibilitySetValue(_:forAttribute:)' was deprecated in macOS 10.10: Use the NSAccessibility protocol methods instead (see NSAccessibilityProtocols.h) [#DeprecatedDeclaration]
163 |     func testCompactRailRendersAgentActivityAffordance() throws {
164 |         _ = NSApplication.shared
165 |         NSApplication.shared.accessibilitySetValue(true,
    |                              `- warning: 'accessibilitySetValue(_:forAttribute:)' was deprecated in macOS 10.10: Use the NSAccessibility protocol methods instead (see NSAccessibilityProtocols.h) [#DeprecatedDeclaration]
166 |             forAttribute: NSAccessibility.Attribute(rawValue: "AXEnhancedUserInterface"))
167 |         let client = JarvisClient(config: JarvisConfig(botURL: URL(string: "http://127.0.0.1:7860")!,

/Users/admin/mortimer/source/macos/MortimerHost/Tests/MortimerHostTests/AdaptiveInterfaceClosureC2Tests.swift:191:30: warning: 'accessibilitySetValue(_:forAttribute:)' was deprecated in macOS 10.10: Use the NSAccessibility protocol methods instead (see NSAccessibilityProtocols.h) [#DeprecatedDeclaration]
189 |     func testCompactRailRendersWithReducedMotionWhileAgentIsActive() throws {
190 |         _ = NSApplication.shared
191 |         NSApplication.shared.accessibilitySetValue(true,
    |                              `- warning: 'accessibilitySetValue(_:forAttribute:)' was deprecated in macOS 10.10: Use the NSAccessibility protocol methods instead (see NSAccessibilityProtocols.h) [#DeprecatedDeclaration]
192 |             forAttribute: NSAccessibility.Attribute(rawValue: "AXEnhancedUserInterface"))
193 |         let client = JarvisClient(config: JarvisConfig(botURL: URL(string: "http://127.0.0.1:7860")!,

/Users/admin/mortimer/source/macos/MortimerHost/Tests/MortimerHostTests/AdaptiveInterfaceClosureC2Tests.swift:216:30: warning: 'accessibilitySetValue(_:forAttribute:)' was deprecated in macOS 10.10: Use the NSAccessibility protocol methods instead (see NSAccessibilityProtocols.h) [#DeprecatedDeclaration]
214 |     func testCompactRailPinsClockAboveAgentActivity() throws {
215 |         _ = NSApplication.shared
216 |         NSApplication.shared.accessibilitySetValue(true,
    |                              `- warning: 'accessibilitySetValue(_:forAttribute:)' was deprecated in macOS 10.10: Use the NSAccessibility protocol methods instead (see NSAccessibilityProtocols.h) [#DeprecatedDeclaration]
217 |             forAttribute: NSAccessibility.Attribute(rawValue: "AXEnhancedUserInterface"))
218 |         let client = JarvisClient(config: JarvisConfig(botURL: URL(string: "http://127.0.0.1:7860")!,

/Users/admin/mortimer/source/macos/MortimerHost/Tests/MortimerHostTests/CompactConversationTests.swift:11:30: warning: 'accessibilitySetValue(_:forAttribute:)' was deprecated in macOS 10.10: Use the NSAccessibility protocol methods instead (see NSAccessibilityProtocols.h) [#DeprecatedDeclaration]
 9 |     func testSavedCompactPreferenceChangesNativeConversationPresentation() throws {
10 |         _ = NSApplication.shared
11 |         NSApplication.shared.accessibilitySetValue(true,
   |                              `- warning: 'accessibilitySetValue(_:forAttribute:)' was deprecated in macOS 10.10: Use the NSAccessibility protocol methods instead (see NSAccessibilityProtocols.h) [#DeprecatedDeclaration]
12 |             forAttribute: NSAccessibility.Attribute(rawValue: "AXEnhancedUserInterface"))
13 |         let suite = "compact-conversation-" + UUID().uuidString

[#DeprecatedDeclaration]: <https://docs.swift.org/compiler/documentation/diagnostics/deprecated-declaration>
[164/171] Compiling MortimerHostTests ConsoleActionRegistryTests.swift
/Users/admin/mortimer/source/macos/MortimerHost/Tests/MortimerHostTests/AdaptiveInterfaceClosureC2Tests.swift:165:30: warning: 'accessibilitySetValue(_:forAttribute:)' was deprecated in macOS 10.10: Use the NSAccessibility protocol methods instead (see NSAccessibilityProtocols.h) [#DeprecatedDeclaration]
163 |     func testCompactRailRendersAgentActivityAffordance() throws {
164 |         _ = NSApplication.shared
165 |         NSApplication.shared.accessibilitySetValue(true,
    |                              `- warning: 'accessibilitySetValue(_:forAttribute:)' was deprecated in macOS 10.10: Use the NSAccessibility protocol methods instead (see NSAccessibilityProtocols.h) [#DeprecatedDeclaration]
166 |             forAttribute: NSAccessibility.Attribute(rawValue: "AXEnhancedUserInterface"))
167 |         let client = JarvisClient(config: JarvisConfig(botURL: URL(string: "http://127.0.0.1:7860")!,

/Users/admin/mortimer/source/macos/MortimerHost/Tests/MortimerHostTests/AdaptiveInterfaceClosureC2Tests.swift:191:30: warning: 'accessibilitySetValue(_:forAttribute:)' was deprecated in macOS 10.10: Use the NSAccessibility protocol methods instead (see NSAccessibilityProtocols.h) [#DeprecatedDeclaration]
189 |     func testCompactRailRendersWithReducedMotionWhileAgentIsActive() throws {
190 |         _ = NSApplication.shared
191 |         NSApplication.shared.accessibilitySetValue(true,
    |                              `- warning: 'accessibilitySetValue(_:forAttribute:)' was deprecated in macOS 10.10: Use the NSAccessibility protocol methods instead (see NSAccessibilityProtocols.h) [#DeprecatedDeclaration]
192 |             forAttribute: NSAccessibility.Attribute(rawValue: "AXEnhancedUserInterface"))
193 |         let client = JarvisClient(config: JarvisConfig(botURL: URL(string: "http://127.0.0.1:7860")!,

/Users/admin/mortimer/source/macos/MortimerHost/Tests/MortimerHostTests/AdaptiveInterfaceClosureC2Tests.swift:216:30: warning: 'accessibilitySetValue(_:forAttribute:)' was deprecated in macOS 10.10: Use the NSAccessibility protocol methods instead (see NSAccessibilityProtocols.h) [#DeprecatedDeclaration]
214 |     func testCompactRailPinsClockAboveAgentActivity() throws {
215 |         _ = NSApplication.shared
216 |         NSApplication.shared.accessibilitySetValue(true,
    |                              `- warning: 'accessibilitySetValue(_:forAttribute:)' was deprecated in macOS 10.10: Use the NSAccessibility protocol methods instead (see NSAccessibilityProtocols.h) [#DeprecatedDeclaration]
217 |             forAttribute: NSAccessibility.Attribute(rawValue: "AXEnhancedUserInterface"))
218 |         let client = JarvisClient(config: JarvisConfig(botURL: URL(string: "http://127.0.0.1:7860")!,

/Users/admin/mortimer/source/macos/MortimerHost/Tests/MortimerHostTests/CompactConversationTests.swift:11:30: warning: 'accessibilitySetValue(_:forAttribute:)' was deprecated in macOS 10.10: Use the NSAccessibility protocol methods instead (see NSAccessibilityProtocols.h) [#DeprecatedDeclaration]
 9 |     func testSavedCompactPreferenceChangesNativeConversationPresentation() throws {
10 |         _ = NSApplication.shared
11 |         NSApplication.shared.accessibilitySetValue(true,
   |                              `- warning: 'accessibilitySetValue(_:forAttribute:)' was deprecated in macOS 10.10: Use the NSAccessibility protocol methods instead (see NSAccessibilityProtocols.h) [#DeprecatedDeclaration]
12 |             forAttribute: NSAccessibility.Attribute(rawValue: "AXEnhancedUserInterface"))
13 |         let suite = "compact-conversation-" + UUID().uuidString

[#DeprecatedDeclaration]: <https://docs.swift.org/compiler/documentation/diagnostics/deprecated-declaration>
[165/171] Compiling MortimerHostTests ContentPanelTests.swift
/Users/admin/mortimer/source/macos/MortimerHost/Tests/MortimerHostTests/AdaptiveInterfaceClosureC2Tests.swift:165:30: warning: 'accessibilitySetValue(_:forAttribute:)' was deprecated in macOS 10.10: Use the NSAccessibility protocol methods instead (see NSAccessibilityProtocols.h) [#DeprecatedDeclaration]
163 |     func testCompactRailRendersAgentActivityAffordance() throws {
164 |         _ = NSApplication.shared
165 |         NSApplication.shared.accessibilitySetValue(true,
    |                              `- warning: 'accessibilitySetValue(_:forAttribute:)' was deprecated in macOS 10.10: Use the NSAccessibility protocol methods instead (see NSAccessibilityProtocols.h) [#DeprecatedDeclaration]
166 |             forAttribute: NSAccessibility.Attribute(rawValue: "AXEnhancedUserInterface"))
167 |         let client = JarvisClient(config: JarvisConfig(botURL: URL(string: "http://127.0.0.1:7860")!,

/Users/admin/mortimer/source/macos/MortimerHost/Tests/MortimerHostTests/AdaptiveInterfaceClosureC2Tests.swift:191:30: warning: 'accessibilitySetValue(_:forAttribute:)' was deprecated in macOS 10.10: Use the NSAccessibility protocol methods instead (see NSAccessibilityProtocols.h) [#DeprecatedDeclaration]
189 |     func testCompactRailRendersWithReducedMotionWhileAgentIsActive() throws {
190 |         _ = NSApplication.shared
191 |         NSApplication.shared.accessibilitySetValue(true,
    |                              `- warning: 'accessibilitySetValue(_:forAttribute:)' was deprecated in macOS 10.10: Use the NSAccessibility protocol methods instead (see NSAccessibilityProtocols.h) [#DeprecatedDeclaration]
192 |             forAttribute: NSAccessibility.Attribute(rawValue: "AXEnhancedUserInterface"))
193 |         let client = JarvisClient(config: JarvisConfig(botURL: URL(string: "http://127.0.0.1:7860")!,

/Users/admin/mortimer/source/macos/MortimerHost/Tests/MortimerHostTests/AdaptiveInterfaceClosureC2Tests.swift:216:30: warning: 'accessibilitySetValue(_:forAttribute:)' was deprecated in macOS 10.10: Use the NSAccessibility protocol methods instead (see NSAccessibilityProtocols.h) [#DeprecatedDeclaration]
214 |     func testCompactRailPinsClockAboveAgentActivity() throws {
215 |         _ = NSApplication.shared
216 |         NSApplication.shared.accessibilitySetValue(true,
    |                              `- warning: 'accessibilitySetValue(_:forAttribute:)' was deprecated in macOS 10.10: Use the NSAccessibility protocol methods instead (see NSAccessibilityProtocols.h) [#DeprecatedDeclaration]
217 |             forAttribute: NSAccessibility.Attribute(rawValue: "AXEnhancedUserInterface"))
218 |         let client = JarvisClient(config: JarvisConfig(botURL: URL(string: "http://127.0.0.1:7860")!,

/Users/admin/mortimer/source/macos/MortimerHost/Tests/MortimerHostTests/CompactConversationTests.swift:11:30: warning: 'accessibilitySetValue(_:forAttribute:)' was deprecated in macOS 10.10: Use the NSAccessibility protocol methods instead (see NSAccessibilityProtocols.h) [#DeprecatedDeclaration]
 9 |     func testSavedCompactPreferenceChangesNativeConversationPresentation() throws {
10 |         _ = NSApplication.shared
11 |         NSApplication.shared.accessibilitySetValue(true,
   |                              `- warning: 'accessibilitySetValue(_:forAttribute:)' was deprecated in macOS 10.10: Use the NSAccessibility protocol methods instead (see NSAccessibilityProtocols.h) [#DeprecatedDeclaration]
12 |             forAttribute: NSAccessibility.Attribute(rawValue: "AXEnhancedUserInterface"))
13 |         let suite = "compact-conversation-" + UUID().uuidString

[#DeprecatedDeclaration]: <https://docs.swift.org/compiler/documentation/diagnostics/deprecated-declaration>
[166/171] Compiling MortimerHostTests ContentWindowRegistryTests.swift
/Users/admin/mortimer/source/macos/MortimerHost/Tests/MortimerHostTests/AdaptiveInterfaceClosureC2Tests.swift:165:30: warning: 'accessibilitySetValue(_:forAttribute:)' was deprecated in macOS 10.10: Use the NSAccessibility protocol methods instead (see NSAccessibilityProtocols.h) [#DeprecatedDeclaration]
163 |     func testCompactRailRendersAgentActivityAffordance() throws {
164 |         _ = NSApplication.shared
165 |         NSApplication.shared.accessibilitySetValue(true,
    |                              `- warning: 'accessibilitySetValue(_:forAttribute:)' was deprecated in macOS 10.10: Use the NSAccessibility protocol methods instead (see NSAccessibilityProtocols.h) [#DeprecatedDeclaration]
166 |             forAttribute: NSAccessibility.Attribute(rawValue: "AXEnhancedUserInterface"))
167 |         let client = JarvisClient(config: JarvisConfig(botURL: URL(string: "http://127.0.0.1:7860")!,

/Users/admin/mortimer/source/macos/MortimerHost/Tests/MortimerHostTests/AdaptiveInterfaceClosureC2Tests.swift:191:30: warning: 'accessibilitySetValue(_:forAttribute:)' was deprecated in macOS 10.10: Use the NSAccessibility protocol methods instead (see NSAccessibilityProtocols.h) [#DeprecatedDeclaration]
189 |     func testCompactRailRendersWithReducedMotionWhileAgentIsActive() throws {
190 |         _ = NSApplication.shared
191 |         NSApplication.shared.accessibilitySetValue(true,
    |                              `- warning: 'accessibilitySetValue(_:forAttribute:)' was deprecated in macOS 10.10: Use the NSAccessibility protocol methods instead (see NSAccessibilityProtocols.h) [#DeprecatedDeclaration]
192 |             forAttribute: NSAccessibility.Attribute(rawValue: "AXEnhancedUserInterface"))
193 |         let client = JarvisClient(config: JarvisConfig(botURL: URL(string: "http://127.0.0.1:7860")!,

/Users/admin/mortimer/source/macos/MortimerHost/Tests/MortimerHostTests/AdaptiveInterfaceClosureC2Tests.swift:216:30: warning: 'accessibilitySetValue(_:forAttribute:)' was deprecated in macOS 10.10: Use the NSAccessibility protocol methods instead (see NSAccessibilityProtocols.h) [#DeprecatedDeclaration]
214 |     func testCompactRailPinsClockAboveAgentActivity() throws {
215 |         _ = NSApplication.shared
216 |         NSApplication.shared.accessibilitySetValue(true,
    |                              `- warning: 'accessibilitySetValue(_:forAttribute:)' was deprecated in macOS 10.10: Use the NSAccessibility protocol methods instead (see NSAccessibilityProtocols.h) [#DeprecatedDeclaration]
217 |             forAttribute: NSAccessibility.Attribute(rawValue: "AXEnhancedUserInterface"))
218 |         let client = JarvisClient(config: JarvisConfig(botURL: URL(string: "http://127.0.0.1:7860")!,

/Users/admin/mortimer/source/macos/MortimerHost/Tests/MortimerHostTests/CompactConversationTests.swift:11:30: warning: 'accessibilitySetValue(_:forAttribute:)' was deprecated in macOS 10.10: Use the NSAccessibility protocol methods instead (see NSAccessibilityProtocols.h) [#DeprecatedDeclaration]
 9 |     func testSavedCompactPreferenceChangesNativeConversationPresentation() throws {
10 |         _ = NSApplication.shared
11 |         NSApplication.shared.accessibilitySetValue(true,
   |                              `- warning: 'accessibilitySetValue(_:forAttribute:)' was deprecated in macOS 10.10: Use the NSAccessibility protocol methods instead (see NSAccessibilityProtocols.h) [#DeprecatedDeclaration]
12 |             forAttribute: NSAccessibility.Attribute(rawValue: "AXEnhancedUserInterface"))
13 |         let suite = "compact-conversation-" + UUID().uuidString

[#DeprecatedDeclaration]: <https://docs.swift.org/compiler/documentation/diagnostics/deprecated-declaration>
[167/171] Compiling MortimerHostTests CrystalOrbShellTests.swift
/Users/admin/mortimer/source/macos/MortimerHost/Tests/MortimerHostTests/AdaptiveInterfaceClosureC2Tests.swift:165:30: warning: 'accessibilitySetValue(_:forAttribute:)' was deprecated in macOS 10.10: Use the NSAccessibility protocol methods instead (see NSAccessibilityProtocols.h) [#DeprecatedDeclaration]
163 |     func testCompactRailRendersAgentActivityAffordance() throws {
164 |         _ = NSApplication.shared
165 |         NSApplication.shared.accessibilitySetValue(true,
    |                              `- warning: 'accessibilitySetValue(_:forAttribute:)' was deprecated in macOS 10.10: Use the NSAccessibility protocol methods instead (see NSAccessibilityProtocols.h) [#DeprecatedDeclaration]
166 |             forAttribute: NSAccessibility.Attribute(rawValue: "AXEnhancedUserInterface"))
167 |         let client = JarvisClient(config: JarvisConfig(botURL: URL(string: "http://127.0.0.1:7860")!,

/Users/admin/mortimer/source/macos/MortimerHost/Tests/MortimerHostTests/AdaptiveInterfaceClosureC2Tests.swift:191:30: warning: 'accessibilitySetValue(_:forAttribute:)' was deprecated in macOS 10.10: Use the NSAccessibility protocol methods instead (see NSAccessibilityProtocols.h) [#DeprecatedDeclaration]
189 |     func testCompactRailRendersWithReducedMotionWhileAgentIsActive() throws {
190 |         _ = NSApplication.shared
191 |         NSApplication.shared.accessibilitySetValue(true,
    |                              `- warning: 'accessibilitySetValue(_:forAttribute:)' was deprecated in macOS 10.10: Use the NSAccessibility protocol methods instead (see NSAccessibilityProtocols.h) [#DeprecatedDeclaration]
192 |             forAttribute: NSAccessibility.Attribute(rawValue: "AXEnhancedUserInterface"))
193 |         let client = JarvisClient(config: JarvisConfig(botURL: URL(string: "http://127.0.0.1:7860")!,

/Users/admin/mortimer/source/macos/MortimerHost/Tests/MortimerHostTests/AdaptiveInterfaceClosureC2Tests.swift:216:30: warning: 'accessibilitySetValue(_:forAttribute:)' was deprecated in macOS 10.10: Use the NSAccessibility protocol methods instead (see NSAccessibilityProtocols.h) [#DeprecatedDeclaration]
214 |     func testCompactRailPinsClockAboveAgentActivity() throws {
215 |         _ = NSApplication.shared
216 |         NSApplication.shared.accessibilitySetValue(true,
    |                              `- warning: 'accessibilitySetValue(_:forAttribute:)' was deprecated in macOS 10.10: Use the NSAccessibility protocol methods instead (see NSAccessibilityProtocols.h) [#DeprecatedDeclaration]
217 |             forAttribute: NSAccessibility.Attribute(rawValue: "AXEnhancedUserInterface"))
218 |         let client = JarvisClient(config: JarvisConfig(botURL: URL(string: "http://127.0.0.1:7860")!,

/Users/admin/mortimer/source/macos/MortimerHost/Tests/MortimerHostTests/CompactConversationTests.swift:11:30: warning: 'accessibilitySetValue(_:forAttribute:)' was deprecated in macOS 10.10: Use the NSAccessibility protocol methods instead (see NSAccessibilityProtocols.h) [#DeprecatedDeclaration]
 9 |     func testSavedCompactPreferenceChangesNativeConversationPresentation() throws {
10 |         _ = NSApplication.shared
11 |         NSApplication.shared.accessibilitySetValue(true,
   |                              `- warning: 'accessibilitySetValue(_:forAttribute:)' was deprecated in macOS 10.10: Use the NSAccessibility protocol methods instead (see NSAccessibilityProtocols.h) [#DeprecatedDeclaration]
12 |             forAttribute: NSAccessibility.Attribute(rawValue: "AXEnhancedUserInterface"))
13 |         let suite = "compact-conversation-" + UUID().uuidString

[#DeprecatedDeclaration]: <https://docs.swift.org/compiler/documentation/diagnostics/deprecated-declaration>
[168/171] Compiling MortimerHostTests DisplayPanelSizingTests.swift
/Users/admin/mortimer/source/macos/MortimerHost/Tests/MortimerHostTests/AdaptiveInterfaceClosureC2Tests.swift:165:30: warning: 'accessibilitySetValue(_:forAttribute:)' was deprecated in macOS 10.10: Use the NSAccessibility protocol methods instead (see NSAccessibilityProtocols.h) [#DeprecatedDeclaration]
163 |     func testCompactRailRendersAgentActivityAffordance() throws {
164 |         _ = NSApplication.shared
165 |         NSApplication.shared.accessibilitySetValue(true,
    |                              `- warning: 'accessibilitySetValue(_:forAttribute:)' was deprecated in macOS 10.10: Use the NSAccessibility protocol methods instead (see NSAccessibilityProtocols.h) [#DeprecatedDeclaration]
166 |             forAttribute: NSAccessibility.Attribute(rawValue: "AXEnhancedUserInterface"))
167 |         let client = JarvisClient(config: JarvisConfig(botURL: URL(string: "http://127.0.0.1:7860")!,

/Users/admin/mortimer/source/macos/MortimerHost/Tests/MortimerHostTests/AdaptiveInterfaceClosureC2Tests.swift:191:30: warning: 'accessibilitySetValue(_:forAttribute:)' was deprecated in macOS 10.10: Use the NSAccessibility protocol methods instead (see NSAccessibilityProtocols.h) [#DeprecatedDeclaration]
189 |     func testCompactRailRendersWithReducedMotionWhileAgentIsActive() throws {
190 |         _ = NSApplication.shared
191 |         NSApplication.shared.accessibilitySetValue(true,
    |                              `- warning: 'accessibilitySetValue(_:forAttribute:)' was deprecated in macOS 10.10: Use the NSAccessibility protocol methods instead (see NSAccessibilityProtocols.h) [#DeprecatedDeclaration]
192 |             forAttribute: NSAccessibility.Attribute(rawValue: "AXEnhancedUserInterface"))
193 |         let client = JarvisClient(config: JarvisConfig(botURL: URL(string: "http://127.0.0.1:7860")!,

/Users/admin/mortimer/source/macos/MortimerHost/Tests/MortimerHostTests/AdaptiveInterfaceClosureC2Tests.swift:216:30: warning: 'accessibilitySetValue(_:forAttribute:)' was deprecated in macOS 10.10: Use the NSAccessibility protocol methods instead (see NSAccessibilityProtocols.h) [#DeprecatedDeclaration]
214 |     func testCompactRailPinsClockAboveAgentActivity() throws {
215 |         _ = NSApplication.shared
216 |         NSApplication.shared.accessibilitySetValue(true,
    |                              `- warning: 'accessibilitySetValue(_:forAttribute:)' was deprecated in macOS 10.10: Use the NSAccessibility protocol methods instead (see NSAccessibilityProtocols.h) [#DeprecatedDeclaration]
217 |             forAttribute: NSAccessibility.Attribute(rawValue: "AXEnhancedUserInterface"))
218 |         let client = JarvisClient(config: JarvisConfig(botURL: URL(string: "http://127.0.0.1:7860")!,

/Users/admin/mortimer/source/macos/MortimerHost/Tests/MortimerHostTests/CompactConversationTests.swift:11:30: warning: 'accessibilitySetValue(_:forAttribute:)' was deprecated in macOS 10.10: Use the NSAccessibility protocol methods instead (see NSAccessibilityProtocols.h) [#DeprecatedDeclaration]
 9 |     func testSavedCompactPreferenceChangesNativeConversationPresentation() throws {
10 |         _ = NSApplication.shared
11 |         NSApplication.shared.accessibilitySetValue(true,
   |                              `- warning: 'accessibilitySetValue(_:forAttribute:)' was deprecated in macOS 10.10: Use the NSAccessibility protocol methods instead (see NSAccessibilityProtocols.h) [#DeprecatedDeclaration]
12 |             forAttribute: NSAccessibility.Attribute(rawValue: "AXEnhancedUserInterface"))
13 |         let suite = "compact-conversation-" + UUID().uuidString

[#DeprecatedDeclaration]: <https://docs.swift.org/compiler/documentation/diagnostics/deprecated-declaration>
[169/171] Compiling MortimerHostTests DisplayPlacementPolicyTests.swift
/Users/admin/mortimer/source/macos/MortimerHost/Tests/MortimerHostTests/AdaptiveInterfaceClosureC2Tests.swift:165:30: warning: 'accessibilitySetValue(_:forAttribute:)' was deprecated in macOS 10.10: Use the NSAccessibility protocol methods instead (see NSAccessibilityProtocols.h) [#DeprecatedDeclaration]
163 |     func testCompactRailRendersAgentActivityAffordance() throws {
164 |         _ = NSApplication.shared
165 |         NSApplication.shared.accessibilitySetValue(true,
    |                              `- warning: 'accessibilitySetValue(_:forAttribute:)' was deprecated in macOS 10.10: Use the NSAccessibility protocol methods instead (see NSAccessibilityProtocols.h) [#DeprecatedDeclaration]
166 |             forAttribute: NSAccessibility.Attribute(rawValue: "AXEnhancedUserInterface"))
167 |         let client = JarvisClient(config: JarvisConfig(botURL: URL(string: "http://127.0.0.1:7860")!,

/Users/admin/mortimer/source/macos/MortimerHost/Tests/MortimerHostTests/AdaptiveInterfaceClosureC2Tests.swift:191:30: warning: 'accessibilitySetValue(_:forAttribute:)' was deprecated in macOS 10.10: Use the NSAccessibility protocol methods instead (see NSAccessibilityProtocols.h) [#DeprecatedDeclaration]
189 |     func testCompactRailRendersWithReducedMotionWhileAgentIsActive() throws {
190 |         _ = NSApplication.shared
191 |         NSApplication.shared.accessibilitySetValue(true,
    |                              `- warning: 'accessibilitySetValue(_:forAttribute:)' was deprecated in macOS 10.10: Use the NSAccessibility protocol methods instead (see NSAccessibilityProtocols.h) [#DeprecatedDeclaration]
192 |             forAttribute: NSAccessibility.Attribute(rawValue: "AXEnhancedUserInterface"))
193 |         let client = JarvisClient(config: JarvisConfig(botURL: URL(string: "http://127.0.0.1:7860")!,

/Users/admin/mortimer/source/macos/MortimerHost/Tests/MortimerHostTests/AdaptiveInterfaceClosureC2Tests.swift:216:30: warning: 'accessibilitySetValue(_:forAttribute:)' was deprecated in macOS 10.10: Use the NSAccessibility protocol methods instead (see NSAccessibilityProtocols.h) [#DeprecatedDeclaration]
214 |     func testCompactRailPinsClockAboveAgentActivity() throws {
215 |         _ = NSApplication.shared
216 |         NSApplication.shared.accessibilitySetValue(true,
    |                              `- warning: 'accessibilitySetValue(_:forAttribute:)' was deprecated in macOS 10.10: Use the NSAccessibility protocol methods instead (see NSAccessibilityProtocols.h) [#DeprecatedDeclaration]
217 |             forAttribute: NSAccessibility.Attribute(rawValue: "AXEnhancedUserInterface"))
218 |         let client = JarvisClient(config: JarvisConfig(botURL: URL(string: "http://127.0.0.1:7860")!,

/Users/admin/mortimer/source/macos/MortimerHost/Tests/MortimerHostTests/CompactConversationTests.swift:11:30: warning: 'accessibilitySetValue(_:forAttribute:)' was deprecated in macOS 10.10: Use the NSAccessibility protocol methods instead (see NSAccessibilityProtocols.h) [#DeprecatedDeclaration]
 9 |     func testSavedCompactPreferenceChangesNativeConversationPresentation() throws {
10 |         _ = NSApplication.shared
11 |         NSApplication.shared.accessibilitySetValue(true,
   |                              `- warning: 'accessibilitySetValue(_:forAttribute:)' was deprecated in macOS 10.10: Use the NSAccessibility protocol methods instead (see NSAccessibilityProtocols.h) [#DeprecatedDeclaration]
12 |             forAttribute: NSAccessibility.Attribute(rawValue: "AXEnhancedUserInterface"))
13 |         let suite = "compact-conversation-" + UUID().uuidString

[#DeprecatedDeclaration]: <https://docs.swift.org/compiler/documentation/diagnostics/deprecated-declaration>
[170/184] Compiling MortimerHostTests SkillsWorkspacePresentationPolicyTests.swift
/Users/admin/mortimer/source/macos/MortimerHost/Tests/MortimerHostTests/SkillsWorkspaceRenderingTests.swift:478:30: warning: 'accessibilitySetValue(_:forAttribute:)' was deprecated in macOS 10.10: Use the NSAccessibility protocol methods instead (see NSAccessibilityProtocols.h) [#DeprecatedDeclaration]
476 |     func testLibraryAndSelectedProcessStepRenderAtWideAndNarrowWidths() throws {
477 |         _ = NSApplication.shared
478 |         NSApplication.shared.accessibilitySetValue(true,
    |                              `- warning: 'accessibilitySetValue(_:forAttribute:)' was deprecated in macOS 10.10: Use the NSAccessibility protocol methods instead (see NSAccessibilityProtocols.h) [#DeprecatedDeclaration]
479 |             forAttribute: NSAccessibility.Attribute(rawValue: "AXEnhancedUserInterface"))
480 |         let client = JarvisClient(config: JarvisConfig(

/Users/admin/mortimer/source/macos/MortimerHost/Tests/MortimerHostTests/SkillsWorkspaceRenderingTests.swift:611:30: warning: 'accessibilitySetValue(_:forAttribute:)' was deprecated in macOS 10.10: Use the NSAccessibility protocol methods instead (see NSAccessibilityProtocols.h) [#DeprecatedDeclaration]
609 |     func testAccessibilitySizeEnvironmentKeepsProcessDetailsExposedInCompactLayout() throws {
610 |         _ = NSApplication.shared
611 |         NSApplication.shared.accessibilitySetValue(true,
    |                              `- warning: 'accessibilitySetValue(_:forAttribute:)' was deprecated in macOS 10.10: Use the NSAccessibility protocol methods instead (see NSAccessibilityProtocols.h) [#DeprecatedDeclaration]
612 |             forAttribute: NSAccessibility.Attribute(rawValue: "AXEnhancedUserInterface"))
613 |         let client = JarvisClient(config: JarvisConfig(

/Users/admin/mortimer/source/macos/MortimerHost/Tests/MortimerHostTests/SkillsWorkspaceRenderingTests.swift:782:30: warning: 'accessibilitySetValue(_:forAttribute:)' was deprecated in macOS 10.10: Use the NSAccessibility protocol methods instead (see NSAccessibilityProtocols.h) [#DeprecatedDeclaration]
780 |     func testVersionsViewSeparatesInstalledPinFromCandidateAndDisclaimsHistory() throws {
781 |         _ = NSApplication.shared
782 |         NSApplication.shared.accessibilitySetValue(true,
    |                              `- warning: 'accessibilitySetValue(_:forAttribute:)' was deprecated in macOS 10.10: Use the NSAccessibility protocol methods instead (see NSAccessibilityProtocols.h) [#DeprecatedDeclaration]
783 |             forAttribute: NSAccessibility.Attribute(rawValue: "AXEnhancedUserInterface"))
784 |         let client = JarvisClient(config: JarvisConfig(

/Users/admin/mortimer/source/macos/MortimerHost/Tests/MortimerHostTests/SupportingDisplayAcceptanceTests.swift:13:30: warning: 'accessibilitySetValue(_:forAttribute:)' was deprecated in macOS 10.10: Use the NSAccessibility protocol methods instead (see NSAccessibilityProtocols.h) [#DeprecatedDeclaration]
 11 |     func testStreamedResponseRendersOnlyOnSupportingDisplayThenReturnsToMain() throws {
 12 |         _ = NSApplication.shared
 13 |         NSApplication.shared.accessibilitySetValue(true,
    |                              `- warning: 'accessibilitySetValue(_:forAttribute:)' was deprecated in macOS 10.10: Use the NSAccessibility protocol methods instead (see NSAccessibilityProtocols.h) [#DeprecatedDeclaration]
 14 |             forAttribute: NSAccessibility.Attribute(rawValue: "AXEnhancedUserInterface"))
 15 |         let screens = NSScreen.screens

/Users/admin/mortimer/source/macos/MortimerHost/Tests/MortimerHostTests/SupportingDisplayAcceptanceTests.swift:67:30: warning: 'accessibilitySetValue(_:forAttribute:)' was deprecated in macOS 10.10: Use the NSAccessibility protocol methods instead (see NSAccessibilityProtocols.h) [#DeprecatedDeclaration]
 65 |     func testPointerSelectedResultSharesStageOnConnectedDisplays() throws {
 66 |         _ = NSApplication.shared
 67 |         NSApplication.shared.accessibilitySetValue(true,
    |                              `- warning: 'accessibilitySetValue(_:forAttribute:)' was deprecated in macOS 10.10: Use the NSAccessibility protocol methods instead (see NSAccessibilityProtocols.h) [#DeprecatedDeclaration]
 68 |             forAttribute: NSAccessibility.Attribute(rawValue: "AXEnhancedUserInterface"))
 69 |         let screens = NSScreen.screens

/Users/admin/mortimer/source/macos/MortimerHost/Tests/MortimerHostTests/SupportingDisplayAcceptanceTests.swift:125:30: warning: 'accessibilitySetValue(_:forAttribute:)' was deprecated in macOS 10.10: Use the NSAccessibility protocol methods instead (see NSAccessibilityProtocols.h) [#DeprecatedDeclaration]
123 |     func testReturningToOriginalPanelsPreservesResearchPinsAndReadingState() throws {
124 |         _ = NSApplication.shared
125 |         NSApplication.shared.accessibilitySetValue(true,
    |                              `- warning: 'accessibilitySetValue(_:forAttribute:)' was deprecated in macOS 10.10: Use the NSAccessibility protocol methods instead (see NSAccessibilityProtocols.h) [#DeprecatedDeclaration]
126 |             forAttribute: NSAccessibility.Attribute(rawValue: "AXEnhancedUserInterface"))
127 |         let suite = "supporting-display-" + UUID().uuidString

[#DeprecatedDeclaration]: <https://docs.swift.org/compiler/documentation/diagnostics/deprecated-declaration>
[171/184] Compiling MortimerHostTests SkillsWorkspaceRenderingTests.swift
/Users/admin/mortimer/source/macos/MortimerHost/Tests/MortimerHostTests/SkillsWorkspaceRenderingTests.swift:478:30: warning: 'accessibilitySetValue(_:forAttribute:)' was deprecated in macOS 10.10: Use the NSAccessibility protocol methods instead (see NSAccessibilityProtocols.h) [#DeprecatedDeclaration]
476 |     func testLibraryAndSelectedProcessStepRenderAtWideAndNarrowWidths() throws {
477 |         _ = NSApplication.shared
478 |         NSApplication.shared.accessibilitySetValue(true,
    |                              `- warning: 'accessibilitySetValue(_:forAttribute:)' was deprecated in macOS 10.10: Use the NSAccessibility protocol methods instead (see NSAccessibilityProtocols.h) [#DeprecatedDeclaration]
479 |             forAttribute: NSAccessibility.Attribute(rawValue: "AXEnhancedUserInterface"))
480 |         let client = JarvisClient(config: JarvisConfig(

/Users/admin/mortimer/source/macos/MortimerHost/Tests/MortimerHostTests/SkillsWorkspaceRenderingTests.swift:611:30: warning: 'accessibilitySetValue(_:forAttribute:)' was deprecated in macOS 10.10: Use the NSAccessibility protocol methods instead (see NSAccessibilityProtocols.h) [#DeprecatedDeclaration]
609 |     func testAccessibilitySizeEnvironmentKeepsProcessDetailsExposedInCompactLayout() throws {
610 |         _ = NSApplication.shared
611 |         NSApplication.shared.accessibilitySetValue(true,
    |                              `- warning: 'accessibilitySetValue(_:forAttribute:)' was deprecated in macOS 10.10: Use the NSAccessibility protocol methods instead (see NSAccessibilityProtocols.h) [#DeprecatedDeclaration]
612 |             forAttribute: NSAccessibility.Attribute(rawValue: "AXEnhancedUserInterface"))
613 |         let client = JarvisClient(config: JarvisConfig(

/Users/admin/mortimer/source/macos/MortimerHost/Tests/MortimerHostTests/SkillsWorkspaceRenderingTests.swift:782:30: warning: 'accessibilitySetValue(_:forAttribute:)' was deprecated in macOS 10.10: Use the NSAccessibility protocol methods instead (see NSAccessibilityProtocols.h) [#DeprecatedDeclaration]
780 |     func testVersionsViewSeparatesInstalledPinFromCandidateAndDisclaimsHistory() throws {
781 |         _ = NSApplication.shared
782 |         NSApplication.shared.accessibilitySetValue(true,
    |                              `- warning: 'accessibilitySetValue(_:forAttribute:)' was deprecated in macOS 10.10: Use the NSAccessibility protocol methods instead (see NSAccessibilityProtocols.h) [#DeprecatedDeclaration]
783 |             forAttribute: NSAccessibility.Attribute(rawValue: "AXEnhancedUserInterface"))
784 |         let client = JarvisClient(config: JarvisConfig(

/Users/admin/mortimer/source/macos/MortimerHost/Tests/MortimerHostTests/SupportingDisplayAcceptanceTests.swift:13:30: warning: 'accessibilitySetValue(_:forAttribute:)' was deprecated in macOS 10.10: Use the NSAccessibility protocol methods instead (see NSAccessibilityProtocols.h) [#DeprecatedDeclaration]
 11 |     func testStreamedResponseRendersOnlyOnSupportingDisplayThenReturnsToMain() throws {
 12 |         _ = NSApplication.shared
 13 |         NSApplication.shared.accessibilitySetValue(true,
    |                              `- warning: 'accessibilitySetValue(_:forAttribute:)' was deprecated in macOS 10.10: Use the NSAccessibility protocol methods instead (see NSAccessibilityProtocols.h) [#DeprecatedDeclaration]
 14 |             forAttribute: NSAccessibility.Attribute(rawValue: "AXEnhancedUserInterface"))
 15 |         let screens = NSScreen.screens

/Users/admin/mortimer/source/macos/MortimerHost/Tests/MortimerHostTests/SupportingDisplayAcceptanceTests.swift:67:30: warning: 'accessibilitySetValue(_:forAttribute:)' was deprecated in macOS 10.10: Use the NSAccessibility protocol methods instead (see NSAccessibilityProtocols.h) [#DeprecatedDeclaration]
 65 |     func testPointerSelectedResultSharesStageOnConnectedDisplays() throws {
 66 |         _ = NSApplication.shared
 67 |         NSApplication.shared.accessibilitySetValue(true,
    |                              `- warning: 'accessibilitySetValue(_:forAttribute:)' was deprecated in macOS 10.10: Use the NSAccessibility protocol methods instead (see NSAccessibilityProtocols.h) [#DeprecatedDeclaration]
 68 |             forAttribute: NSAccessibility.Attribute(rawValue: "AXEnhancedUserInterface"))
 69 |         let screens = NSScreen.screens

/Users/admin/mortimer/source/macos/MortimerHost/Tests/MortimerHostTests/SupportingDisplayAcceptanceTests.swift:125:30: warning: 'accessibilitySetValue(_:forAttribute:)' was deprecated in macOS 10.10: Use the NSAccessibility protocol methods instead (see NSAccessibilityProtocols.h) [#DeprecatedDeclaration]
123 |     func testReturningToOriginalPanelsPreservesResearchPinsAndReadingState() throws {
124 |         _ = NSApplication.shared
125 |         NSApplication.shared.accessibilitySetValue(true,
    |                              `- warning: 'accessibilitySetValue(_:forAttribute:)' was deprecated in macOS 10.10: Use the NSAccessibility protocol methods instead (see NSAccessibilityProtocols.h) [#DeprecatedDeclaration]
126 |             forAttribute: NSAccessibility.Attribute(rawValue: "AXEnhancedUserInterface"))
127 |         let suite = "supporting-display-" + UUID().uuidString

[#DeprecatedDeclaration]: <https://docs.swift.org/compiler/documentation/diagnostics/deprecated-declaration>
[172/184] Compiling MortimerHostTests SupportingDisplayAcceptanceTests.swift
/Users/admin/mortimer/source/macos/MortimerHost/Tests/MortimerHostTests/SkillsWorkspaceRenderingTests.swift:478:30: warning: 'accessibilitySetValue(_:forAttribute:)' was deprecated in macOS 10.10: Use the NSAccessibility protocol methods instead (see NSAccessibilityProtocols.h) [#DeprecatedDeclaration]
476 |     func testLibraryAndSelectedProcessStepRenderAtWideAndNarrowWidths() throws {
477 |         _ = NSApplication.shared
478 |         NSApplication.shared.accessibilitySetValue(true,
    |                              `- warning: 'accessibilitySetValue(_:forAttribute:)' was deprecated in macOS 10.10: Use the NSAccessibility protocol methods instead (see NSAccessibilityProtocols.h) [#DeprecatedDeclaration]
479 |             forAttribute: NSAccessibility.Attribute(rawValue: "AXEnhancedUserInterface"))
480 |         let client = JarvisClient(config: JarvisConfig(

/Users/admin/mortimer/source/macos/MortimerHost/Tests/MortimerHostTests/SkillsWorkspaceRenderingTests.swift:611:30: warning: 'accessibilitySetValue(_:forAttribute:)' was deprecated in macOS 10.10: Use the NSAccessibility protocol methods instead (see NSAccessibilityProtocols.h) [#DeprecatedDeclaration]
609 |     func testAccessibilitySizeEnvironmentKeepsProcessDetailsExposedInCompactLayout() throws {
610 |         _ = NSApplication.shared
611 |         NSApplication.shared.accessibilitySetValue(true,
    |                              `- warning: 'accessibilitySetValue(_:forAttribute:)' was deprecated in macOS 10.10: Use the NSAccessibility protocol methods instead (see NSAccessibilityProtocols.h) [#DeprecatedDeclaration]
612 |             forAttribute: NSAccessibility.Attribute(rawValue: "AXEnhancedUserInterface"))
613 |         let client = JarvisClient(config: JarvisConfig(

/Users/admin/mortimer/source/macos/MortimerHost/Tests/MortimerHostTests/SkillsWorkspaceRenderingTests.swift:782:30: warning: 'accessibilitySetValue(_:forAttribute:)' was deprecated in macOS 10.10: Use the NSAccessibility protocol methods instead (see NSAccessibilityProtocols.h) [#DeprecatedDeclaration]
780 |     func testVersionsViewSeparatesInstalledPinFromCandidateAndDisclaimsHistory() throws {
781 |         _ = NSApplication.shared
782 |         NSApplication.shared.accessibilitySetValue(true,
    |                              `- warning: 'accessibilitySetValue(_:forAttribute:)' was deprecated in macOS 10.10: Use the NSAccessibility protocol methods instead (see NSAccessibilityProtocols.h) [#DeprecatedDeclaration]
783 |             forAttribute: NSAccessibility.Attribute(rawValue: "AXEnhancedUserInterface"))
784 |         let client = JarvisClient(config: JarvisConfig(

/Users/admin/mortimer/source/macos/MortimerHost/Tests/MortimerHostTests/SupportingDisplayAcceptanceTests.swift:13:30: warning: 'accessibilitySetValue(_:forAttribute:)' was deprecated in macOS 10.10: Use the NSAccessibility protocol methods instead (see NSAccessibilityProtocols.h) [#DeprecatedDeclaration]
 11 |     func testStreamedResponseRendersOnlyOnSupportingDisplayThenReturnsToMain() throws {
 12 |         _ = NSApplication.shared
 13 |         NSApplication.shared.accessibilitySetValue(true,
    |                              `- warning: 'accessibilitySetValue(_:forAttribute:)' was deprecated in macOS 10.10: Use the NSAccessibility protocol methods instead (see NSAccessibilityProtocols.h) [#DeprecatedDeclaration]
 14 |             forAttribute: NSAccessibility.Attribute(rawValue: "AXEnhancedUserInterface"))
 15 |         let screens = NSScreen.screens

/Users/admin/mortimer/source/macos/MortimerHost/Tests/MortimerHostTests/SupportingDisplayAcceptanceTests.swift:67:30: warning: 'accessibilitySetValue(_:forAttribute:)' was deprecated in macOS 10.10: Use the NSAccessibility protocol methods instead (see NSAccessibilityProtocols.h) [#DeprecatedDeclaration]
 65 |     func testPointerSelectedResultSharesStageOnConnectedDisplays() throws {
 66 |         _ = NSApplication.shared
 67 |         NSApplication.shared.accessibilitySetValue(true,
    |                              `- warning: 'accessibilitySetValue(_:forAttribute:)' was deprecated in macOS 10.10: Use the NSAccessibility protocol methods instead (see NSAccessibilityProtocols.h) [#DeprecatedDeclaration]
 68 |             forAttribute: NSAccessibility.Attribute(rawValue: "AXEnhancedUserInterface"))
 69 |         let screens = NSScreen.screens

/Users/admin/mortimer/source/macos/MortimerHost/Tests/MortimerHostTests/SupportingDisplayAcceptanceTests.swift:125:30: warning: 'accessibilitySetValue(_:forAttribute:)' was deprecated in macOS 10.10: Use the NSAccessibility protocol methods instead (see NSAccessibilityProtocols.h) [#DeprecatedDeclaration]
123 |     func testReturningToOriginalPanelsPreservesResearchPinsAndReadingState() throws {
124 |         _ = NSApplication.shared
125 |         NSApplication.shared.accessibilitySetValue(true,
    |                              `- warning: 'accessibilitySetValue(_:forAttribute:)' was deprecated in macOS 10.10: Use the NSAccessibility protocol methods instead (see NSAccessibilityProtocols.h) [#DeprecatedDeclaration]
126 |             forAttribute: NSAccessibility.Attribute(rawValue: "AXEnhancedUserInterface"))
127 |         let suite = "supporting-display-" + UUID().uuidString

[#DeprecatedDeclaration]: <https://docs.swift.org/compiler/documentation/diagnostics/deprecated-declaration>
[173/184] Compiling MortimerHostTests TabStateTests.swift
/Users/admin/mortimer/source/macos/MortimerHost/Tests/MortimerHostTests/SkillsWorkspaceRenderingTests.swift:478:30: warning: 'accessibilitySetValue(_:forAttribute:)' was deprecated in macOS 10.10: Use the NSAccessibility protocol methods instead (see NSAccessibilityProtocols.h) [#DeprecatedDeclaration]
476 |     func testLibraryAndSelectedProcessStepRenderAtWideAndNarrowWidths() throws {
477 |         _ = NSApplication.shared
478 |         NSApplication.shared.accessibilitySetValue(true,
    |                              `- warning: 'accessibilitySetValue(_:forAttribute:)' was deprecated in macOS 10.10: Use the NSAccessibility protocol methods instead (see NSAccessibilityProtocols.h) [#DeprecatedDeclaration]
479 |             forAttribute: NSAccessibility.Attribute(rawValue: "AXEnhancedUserInterface"))
480 |         let client = JarvisClient(config: JarvisConfig(

/Users/admin/mortimer/source/macos/MortimerHost/Tests/MortimerHostTests/SkillsWorkspaceRenderingTests.swift:611:30: warning: 'accessibilitySetValue(_:forAttribute:)' was deprecated in macOS 10.10: Use the NSAccessibility protocol methods instead (see NSAccessibilityProtocols.h) [#DeprecatedDeclaration]
609 |     func testAccessibilitySizeEnvironmentKeepsProcessDetailsExposedInCompactLayout() throws {
610 |         _ = NSApplication.shared
611 |         NSApplication.shared.accessibilitySetValue(true,
    |                              `- warning: 'accessibilitySetValue(_:forAttribute:)' was deprecated in macOS 10.10: Use the NSAccessibility protocol methods instead (see NSAccessibilityProtocols.h) [#DeprecatedDeclaration]
612 |             forAttribute: NSAccessibility.Attribute(rawValue: "AXEnhancedUserInterface"))
613 |         let client = JarvisClient(config: JarvisConfig(

/Users/admin/mortimer/source/macos/MortimerHost/Tests/MortimerHostTests/SkillsWorkspaceRenderingTests.swift:782:30: warning: 'accessibilitySetValue(_:forAttribute:)' was deprecated in macOS 10.10: Use the NSAccessibility protocol methods instead (see NSAccessibilityProtocols.h) [#DeprecatedDeclaration]
780 |     func testVersionsViewSeparatesInstalledPinFromCandidateAndDisclaimsHistory() throws {
781 |         _ = NSApplication.shared
782 |         NSApplication.shared.accessibilitySetValue(true,
    |                              `- warning: 'accessibilitySetValue(_:forAttribute:)' was deprecated in macOS 10.10: Use the NSAccessibility protocol methods instead (see NSAccessibilityProtocols.h) [#DeprecatedDeclaration]
783 |             forAttribute: NSAccessibility.Attribute(rawValue: "AXEnhancedUserInterface"))
784 |         let client = JarvisClient(config: JarvisConfig(

/Users/admin/mortimer/source/macos/MortimerHost/Tests/MortimerHostTests/SupportingDisplayAcceptanceTests.swift:13:30: warning: 'accessibilitySetValue(_:forAttribute:)' was deprecated in macOS 10.10: Use the NSAccessibility protocol methods instead (see NSAccessibilityProtocols.h) [#DeprecatedDeclaration]
 11 |     func testStreamedResponseRendersOnlyOnSupportingDisplayThenReturnsToMain() throws {
 12 |         _ = NSApplication.shared
 13 |         NSApplication.shared.accessibilitySetValue(true,
    |                              `- warning: 'accessibilitySetValue(_:forAttribute:)' was deprecated in macOS 10.10: Use the NSAccessibility protocol methods instead (see NSAccessibilityProtocols.h) [#DeprecatedDeclaration]
 14 |             forAttribute: NSAccessibility.Attribute(rawValue: "AXEnhancedUserInterface"))
 15 |         let screens = NSScreen.screens

/Users/admin/mortimer/source/macos/MortimerHost/Tests/MortimerHostTests/SupportingDisplayAcceptanceTests.swift:67:30: warning: 'accessibilitySetValue(_:forAttribute:)' was deprecated in macOS 10.10: Use the NSAccessibility protocol methods instead (see NSAccessibilityProtocols.h) [#DeprecatedDeclaration]
 65 |     func testPointerSelectedResultSharesStageOnConnectedDisplays() throws {
 66 |         _ = NSApplication.shared
 67 |         NSApplication.shared.accessibilitySetValue(true,
    |                              `- warning: 'accessibilitySetValue(_:forAttribute:)' was deprecated in macOS 10.10: Use the NSAccessibility protocol methods instead (see NSAccessibilityProtocols.h) [#DeprecatedDeclaration]
 68 |             forAttribute: NSAccessibility.Attribute(rawValue: "AXEnhancedUserInterface"))
 69 |         let screens = NSScreen.screens

/Users/admin/mortimer/source/macos/MortimerHost/Tests/MortimerHostTests/SupportingDisplayAcceptanceTests.swift:125:30: warning: 'accessibilitySetValue(_:forAttribute:)' was deprecated in macOS 10.10: Use the NSAccessibility protocol methods instead (see NSAccessibilityProtocols.h) [#DeprecatedDeclaration]
123 |     func testReturningToOriginalPanelsPreservesResearchPinsAndReadingState() throws {
124 |         _ = NSApplication.shared
125 |         NSApplication.shared.accessibilitySetValue(true,
    |                              `- warning: 'accessibilitySetValue(_:forAttribute:)' was deprecated in macOS 10.10: Use the NSAccessibility protocol methods instead (see NSAccessibilityProtocols.h) [#DeprecatedDeclaration]
126 |             forAttribute: NSAccessibility.Attribute(rawValue: "AXEnhancedUserInterface"))
127 |         let suite = "supporting-display-" + UUID().uuidString

[#DeprecatedDeclaration]: <https://docs.swift.org/compiler/documentation/diagnostics/deprecated-declaration>
[174/184] Compiling MortimerHostTests TabStripViewportTests.swift
/Users/admin/mortimer/source/macos/MortimerHost/Tests/MortimerHostTests/SkillsWorkspaceRenderingTests.swift:478:30: warning: 'accessibilitySetValue(_:forAttribute:)' was deprecated in macOS 10.10: Use the NSAccessibility protocol methods instead (see NSAccessibilityProtocols.h) [#DeprecatedDeclaration]
476 |     func testLibraryAndSelectedProcessStepRenderAtWideAndNarrowWidths() throws {
477 |         _ = NSApplication.shared
478 |         NSApplication.shared.accessibilitySetValue(true,
    |                              `- warning: 'accessibilitySetValue(_:forAttribute:)' was deprecated in macOS 10.10: Use the NSAccessibility protocol methods instead (see NSAccessibilityProtocols.h) [#DeprecatedDeclaration]
479 |             forAttribute: NSAccessibility.Attribute(rawValue: "AXEnhancedUserInterface"))
480 |         let client = JarvisClient(config: JarvisConfig(

/Users/admin/mortimer/source/macos/MortimerHost/Tests/MortimerHostTests/SkillsWorkspaceRenderingTests.swift:611:30: warning: 'accessibilitySetValue(_:forAttribute:)' was deprecated in macOS 10.10: Use the NSAccessibility protocol methods instead (see NSAccessibilityProtocols.h) [#DeprecatedDeclaration]
609 |     func testAccessibilitySizeEnvironmentKeepsProcessDetailsExposedInCompactLayout() throws {
610 |         _ = NSApplication.shared
611 |         NSApplication.shared.accessibilitySetValue(true,
    |                              `- warning: 'accessibilitySetValue(_:forAttribute:)' was deprecated in macOS 10.10: Use the NSAccessibility protocol methods instead (see NSAccessibilityProtocols.h) [#DeprecatedDeclaration]
612 |             forAttribute: NSAccessibility.Attribute(rawValue: "AXEnhancedUserInterface"))
613 |         let client = JarvisClient(config: JarvisConfig(

/Users/admin/mortimer/source/macos/MortimerHost/Tests/MortimerHostTests/SkillsWorkspaceRenderingTests.swift:782:30: warning: 'accessibilitySetValue(_:forAttribute:)' was deprecated in macOS 10.10: Use the NSAccessibility protocol methods instead (see NSAccessibilityProtocols.h) [#DeprecatedDeclaration]
780 |     func testVersionsViewSeparatesInstalledPinFromCandidateAndDisclaimsHistory() throws {
781 |         _ = NSApplication.shared
782 |         NSApplication.shared.accessibilitySetValue(true,
    |                              `- warning: 'accessibilitySetValue(_:forAttribute:)' was deprecated in macOS 10.10: Use the NSAccessibility protocol methods instead (see NSAccessibilityProtocols.h) [#DeprecatedDeclaration]
783 |             forAttribute: NSAccessibility.Attribute(rawValue: "AXEnhancedUserInterface"))
784 |         let client = JarvisClient(config: JarvisConfig(

/Users/admin/mortimer/source/macos/MortimerHost/Tests/MortimerHostTests/SupportingDisplayAcceptanceTests.swift:13:30: warning: 'accessibilitySetValue(_:forAttribute:)' was deprecated in macOS 10.10: Use the NSAccessibility protocol methods instead (see NSAccessibilityProtocols.h) [#DeprecatedDeclaration]
 11 |     func testStreamedResponseRendersOnlyOnSupportingDisplayThenReturnsToMain() throws {
 12 |         _ = NSApplication.shared
 13 |         NSApplication.shared.accessibilitySetValue(true,
    |                              `- warning: 'accessibilitySetValue(_:forAttribute:)' was deprecated in macOS 10.10: Use the NSAccessibility protocol methods instead (see NSAccessibilityProtocols.h) [#DeprecatedDeclaration]
 14 |             forAttribute: NSAccessibility.Attribute(rawValue: "AXEnhancedUserInterface"))
 15 |         let screens = NSScreen.screens

/Users/admin/mortimer/source/macos/MortimerHost/Tests/MortimerHostTests/SupportingDisplayAcceptanceTests.swift:67:30: warning: 'accessibilitySetValue(_:forAttribute:)' was deprecated in macOS 10.10: Use the NSAccessibility protocol methods instead (see NSAccessibilityProtocols.h) [#DeprecatedDeclaration]
 65 |     func testPointerSelectedResultSharesStageOnConnectedDisplays() throws {
 66 |         _ = NSApplication.shared
 67 |         NSApplication.shared.accessibilitySetValue(true,
    |                              `- warning: 'accessibilitySetValue(_:forAttribute:)' was deprecated in macOS 10.10: Use the NSAccessibility protocol methods instead (see NSAccessibilityProtocols.h) [#DeprecatedDeclaration]
 68 |             forAttribute: NSAccessibility.Attribute(rawValue: "AXEnhancedUserInterface"))
 69 |         let screens = NSScreen.screens

/Users/admin/mortimer/source/macos/MortimerHost/Tests/MortimerHostTests/SupportingDisplayAcceptanceTests.swift:125:30: warning: 'accessibilitySetValue(_:forAttribute:)' was deprecated in macOS 10.10: Use the NSAccessibility protocol methods instead (see NSAccessibilityProtocols.h) [#DeprecatedDeclaration]
123 |     func testReturningToOriginalPanelsPreservesResearchPinsAndReadingState() throws {
124 |         _ = NSApplication.shared
125 |         NSApplication.shared.accessibilitySetValue(true,
    |                              `- warning: 'accessibilitySetValue(_:forAttribute:)' was deprecated in macOS 10.10: Use the NSAccessibility protocol methods instead (see NSAccessibilityProtocols.h) [#DeprecatedDeclaration]
126 |             forAttribute: NSAccessibility.Attribute(rawValue: "AXEnhancedUserInterface"))
127 |         let suite = "supporting-display-" + UUID().uuidString

[#DeprecatedDeclaration]: <https://docs.swift.org/compiler/documentation/diagnostics/deprecated-declaration>
[175/184] Compiling MortimerHostTests UICommandRouterTests.swift
/Users/admin/mortimer/source/macos/MortimerHost/Tests/MortimerHostTests/SkillsWorkspaceRenderingTests.swift:478:30: warning: 'accessibilitySetValue(_:forAttribute:)' was deprecated in macOS 10.10: Use the NSAccessibility protocol methods instead (see NSAccessibilityProtocols.h) [#DeprecatedDeclaration]
476 |     func testLibraryAndSelectedProcessStepRenderAtWideAndNarrowWidths() throws {
477 |         _ = NSApplication.shared
478 |         NSApplication.shared.accessibilitySetValue(true,
    |                              `- warning: 'accessibilitySetValue(_:forAttribute:)' was deprecated in macOS 10.10: Use the NSAccessibility protocol methods instead (see NSAccessibilityProtocols.h) [#DeprecatedDeclaration]
479 |             forAttribute: NSAccessibility.Attribute(rawValue: "AXEnhancedUserInterface"))
480 |         let client = JarvisClient(config: JarvisConfig(

/Users/admin/mortimer/source/macos/MortimerHost/Tests/MortimerHostTests/SkillsWorkspaceRenderingTests.swift:611:30: warning: 'accessibilitySetValue(_:forAttribute:)' was deprecated in macOS 10.10: Use the NSAccessibility protocol methods instead (see NSAccessibilityProtocols.h) [#DeprecatedDeclaration]
609 |     func testAccessibilitySizeEnvironmentKeepsProcessDetailsExposedInCompactLayout() throws {
610 |         _ = NSApplication.shared
611 |         NSApplication.shared.accessibilitySetValue(true,
    |                              `- warning: 'accessibilitySetValue(_:forAttribute:)' was deprecated in macOS 10.10: Use the NSAccessibility protocol methods instead (see NSAccessibilityProtocols.h) [#DeprecatedDeclaration]
612 |             forAttribute: NSAccessibility.Attribute(rawValue: "AXEnhancedUserInterface"))
613 |         let client = JarvisClient(config: JarvisConfig(

/Users/admin/mortimer/source/macos/MortimerHost/Tests/MortimerHostTests/SkillsWorkspaceRenderingTests.swift:782:30: warning: 'accessibilitySetValue(_:forAttribute:)' was deprecated in macOS 10.10: Use the NSAccessibility protocol methods instead (see NSAccessibilityProtocols.h) [#DeprecatedDeclaration]
780 |     func testVersionsViewSeparatesInstalledPinFromCandidateAndDisclaimsHistory() throws {
781 |         _ = NSApplication.shared
782 |         NSApplication.shared.accessibilitySetValue(true,
    |                              `- warning: 'accessibilitySetValue(_:forAttribute:)' was deprecated in macOS 10.10: Use the NSAccessibility protocol methods instead (see NSAccessibilityProtocols.h) [#DeprecatedDeclaration]
783 |             forAttribute: NSAccessibility.Attribute(rawValue: "AXEnhancedUserInterface"))
784 |         let client = JarvisClient(config: JarvisConfig(

/Users/admin/mortimer/source/macos/MortimerHost/Tests/MortimerHostTests/SupportingDisplayAcceptanceTests.swift:13:30: warning: 'accessibilitySetValue(_:forAttribute:)' was deprecated in macOS 10.10: Use the NSAccessibility protocol methods instead (see NSAccessibilityProtocols.h) [#DeprecatedDeclaration]
 11 |     func testStreamedResponseRendersOnlyOnSupportingDisplayThenReturnsToMain() throws {
 12 |         _ = NSApplication.shared
 13 |         NSApplication.shared.accessibilitySetValue(true,
    |                              `- warning: 'accessibilitySetValue(_:forAttribute:)' was deprecated in macOS 10.10: Use the NSAccessibility protocol methods instead (see NSAccessibilityProtocols.h) [#DeprecatedDeclaration]
 14 |             forAttribute: NSAccessibility.Attribute(rawValue: "AXEnhancedUserInterface"))
 15 |         let screens = NSScreen.screens

/Users/admin/mortimer/source/macos/MortimerHost/Tests/MortimerHostTests/SupportingDisplayAcceptanceTests.swift:67:30: warning: 'accessibilitySetValue(_:forAttribute:)' was deprecated in macOS 10.10: Use the NSAccessibility protocol methods instead (see NSAccessibilityProtocols.h) [#DeprecatedDeclaration]
 65 |     func testPointerSelectedResultSharesStageOnConnectedDisplays() throws {
 66 |         _ = NSApplication.shared
 67 |         NSApplication.shared.accessibilitySetValue(true,
    |                              `- warning: 'accessibilitySetValue(_:forAttribute:)' was deprecated in macOS 10.10: Use the NSAccessibility protocol methods instead (see NSAccessibilityProtocols.h) [#DeprecatedDeclaration]
 68 |             forAttribute: NSAccessibility.Attribute(rawValue: "AXEnhancedUserInterface"))
 69 |         let screens = NSScreen.screens

/Users/admin/mortimer/source/macos/MortimerHost/Tests/MortimerHostTests/SupportingDisplayAcceptanceTests.swift:125:30: warning: 'accessibilitySetValue(_:forAttribute:)' was deprecated in macOS 10.10: Use the NSAccessibility protocol methods instead (see NSAccessibilityProtocols.h) [#DeprecatedDeclaration]
123 |     func testReturningToOriginalPanelsPreservesResearchPinsAndReadingState() throws {
124 |         _ = NSApplication.shared
125 |         NSApplication.shared.accessibilitySetValue(true,
    |                              `- warning: 'accessibilitySetValue(_:forAttribute:)' was deprecated in macOS 10.10: Use the NSAccessibility protocol methods instead (see NSAccessibilityProtocols.h) [#DeprecatedDeclaration]
126 |             forAttribute: NSAccessibility.Attribute(rawValue: "AXEnhancedUserInterface"))
127 |         let suite = "supporting-display-" + UUID().uuidString

[#DeprecatedDeclaration]: <https://docs.swift.org/compiler/documentation/diagnostics/deprecated-declaration>
[176/184] Compiling MortimerHostTests VoicePresentationStateTests.swift
/Users/admin/mortimer/source/macos/MortimerHost/Tests/MortimerHostTests/SkillsWorkspaceRenderingTests.swift:478:30: warning: 'accessibilitySetValue(_:forAttribute:)' was deprecated in macOS 10.10: Use the NSAccessibility protocol methods instead (see NSAccessibilityProtocols.h) [#DeprecatedDeclaration]
476 |     func testLibraryAndSelectedProcessStepRenderAtWideAndNarrowWidths() throws {
477 |         _ = NSApplication.shared
478 |         NSApplication.shared.accessibilitySetValue(true,
    |                              `- warning: 'accessibilitySetValue(_:forAttribute:)' was deprecated in macOS 10.10: Use the NSAccessibility protocol methods instead (see NSAccessibilityProtocols.h) [#DeprecatedDeclaration]
479 |             forAttribute: NSAccessibility.Attribute(rawValue: "AXEnhancedUserInterface"))
480 |         let client = JarvisClient(config: JarvisConfig(

/Users/admin/mortimer/source/macos/MortimerHost/Tests/MortimerHostTests/SkillsWorkspaceRenderingTests.swift:611:30: warning: 'accessibilitySetValue(_:forAttribute:)' was deprecated in macOS 10.10: Use the NSAccessibility protocol methods instead (see NSAccessibilityProtocols.h) [#DeprecatedDeclaration]
609 |     func testAccessibilitySizeEnvironmentKeepsProcessDetailsExposedInCompactLayout() throws {
610 |         _ = NSApplication.shared
611 |         NSApplication.shared.accessibilitySetValue(true,
    |                              `- warning: 'accessibilitySetValue(_:forAttribute:)' was deprecated in macOS 10.10: Use the NSAccessibility protocol methods instead (see NSAccessibilityProtocols.h) [#DeprecatedDeclaration]
612 |             forAttribute: NSAccessibility.Attribute(rawValue: "AXEnhancedUserInterface"))
613 |         let client = JarvisClient(config: JarvisConfig(

/Users/admin/mortimer/source/macos/MortimerHost/Tests/MortimerHostTests/SkillsWorkspaceRenderingTests.swift:782:30: warning: 'accessibilitySetValue(_:forAttribute:)' was deprecated in macOS 10.10: Use the NSAccessibility protocol methods instead (see NSAccessibilityProtocols.h) [#DeprecatedDeclaration]
780 |     func testVersionsViewSeparatesInstalledPinFromCandidateAndDisclaimsHistory() throws {
781 |         _ = NSApplication.shared
782 |         NSApplication.shared.accessibilitySetValue(true,
    |                              `- warning: 'accessibilitySetValue(_:forAttribute:)' was deprecated in macOS 10.10: Use the NSAccessibility protocol methods instead (see NSAccessibilityProtocols.h) [#DeprecatedDeclaration]
783 |             forAttribute: NSAccessibility.Attribute(rawValue: "AXEnhancedUserInterface"))
784 |         let client = JarvisClient(config: JarvisConfig(

/Users/admin/mortimer/source/macos/MortimerHost/Tests/MortimerHostTests/SupportingDisplayAcceptanceTests.swift:13:30: warning: 'accessibilitySetValue(_:forAttribute:)' was deprecated in macOS 10.10: Use the NSAccessibility protocol methods instead (see NSAccessibilityProtocols.h) [#DeprecatedDeclaration]
 11 |     func testStreamedResponseRendersOnlyOnSupportingDisplayThenReturnsToMain() throws {
 12 |         _ = NSApplication.shared
 13 |         NSApplication.shared.accessibilitySetValue(true,
    |                              `- warning: 'accessibilitySetValue(_:forAttribute:)' was deprecated in macOS 10.10: Use the NSAccessibility protocol methods instead (see NSAccessibilityProtocols.h) [#DeprecatedDeclaration]
 14 |             forAttribute: NSAccessibility.Attribute(rawValue: "AXEnhancedUserInterface"))
 15 |         let screens = NSScreen.screens

/Users/admin/mortimer/source/macos/MortimerHost/Tests/MortimerHostTests/SupportingDisplayAcceptanceTests.swift:67:30: warning: 'accessibilitySetValue(_:forAttribute:)' was deprecated in macOS 10.10: Use the NSAccessibility protocol methods instead (see NSAccessibilityProtocols.h) [#DeprecatedDeclaration]
 65 |     func testPointerSelectedResultSharesStageOnConnectedDisplays() throws {
 66 |         _ = NSApplication.shared
 67 |         NSApplication.shared.accessibilitySetValue(true,
    |                              `- warning: 'accessibilitySetValue(_:forAttribute:)' was deprecated in macOS 10.10: Use the NSAccessibility protocol methods instead (see NSAccessibilityProtocols.h) [#DeprecatedDeclaration]
 68 |             forAttribute: NSAccessibility.Attribute(rawValue: "AXEnhancedUserInterface"))
 69 |         let screens = NSScreen.screens

/Users/admin/mortimer/source/macos/MortimerHost/Tests/MortimerHostTests/SupportingDisplayAcceptanceTests.swift:125:30: warning: 'accessibilitySetValue(_:forAttribute:)' was deprecated in macOS 10.10: Use the NSAccessibility protocol methods instead (see NSAccessibilityProtocols.h) [#DeprecatedDeclaration]
123 |     func testReturningToOriginalPanelsPreservesResearchPinsAndReadingState() throws {
124 |         _ = NSApplication.shared
125 |         NSApplication.shared.accessibilitySetValue(true,
    |                              `- warning: 'accessibilitySetValue(_:forAttribute:)' was deprecated in macOS 10.10: Use the NSAccessibility protocol methods instead (see NSAccessibilityProtocols.h) [#DeprecatedDeclaration]
126 |             forAttribute: NSAccessibility.Attribute(rawValue: "AXEnhancedUserInterface"))
127 |         let suite = "supporting-display-" + UUID().uuidString

[#DeprecatedDeclaration]: <https://docs.swift.org/compiler/documentation/diagnostics/deprecated-declaration>
[177/184] Compiling MortimerHostTests VoiceWaveRenderingTests.swift
/Users/admin/mortimer/source/macos/MortimerHost/Tests/MortimerHostTests/SkillsWorkspaceRenderingTests.swift:478:30: warning: 'accessibilitySetValue(_:forAttribute:)' was deprecated in macOS 10.10: Use the NSAccessibility protocol methods instead (see NSAccessibilityProtocols.h) [#DeprecatedDeclaration]
476 |     func testLibraryAndSelectedProcessStepRenderAtWideAndNarrowWidths() throws {
477 |         _ = NSApplication.shared
478 |         NSApplication.shared.accessibilitySetValue(true,
    |                              `- warning: 'accessibilitySetValue(_:forAttribute:)' was deprecated in macOS 10.10: Use the NSAccessibility protocol methods instead (see NSAccessibilityProtocols.h) [#DeprecatedDeclaration]
479 |             forAttribute: NSAccessibility.Attribute(rawValue: "AXEnhancedUserInterface"))
480 |         let client = JarvisClient(config: JarvisConfig(

/Users/admin/mortimer/source/macos/MortimerHost/Tests/MortimerHostTests/SkillsWorkspaceRenderingTests.swift:611:30: warning: 'accessibilitySetValue(_:forAttribute:)' was deprecated in macOS 10.10: Use the NSAccessibility protocol methods instead (see NSAccessibilityProtocols.h) [#DeprecatedDeclaration]
609 |     func testAccessibilitySizeEnvironmentKeepsProcessDetailsExposedInCompactLayout() throws {
610 |         _ = NSApplication.shared
611 |         NSApplication.shared.accessibilitySetValue(true,
    |                              `- warning: 'accessibilitySetValue(_:forAttribute:)' was deprecated in macOS 10.10: Use the NSAccessibility protocol methods instead (see NSAccessibilityProtocols.h) [#DeprecatedDeclaration]
612 |             forAttribute: NSAccessibility.Attribute(rawValue: "AXEnhancedUserInterface"))
613 |         let client = JarvisClient(config: JarvisConfig(

/Users/admin/mortimer/source/macos/MortimerHost/Tests/MortimerHostTests/SkillsWorkspaceRenderingTests.swift:782:30: warning: 'accessibilitySetValue(_:forAttribute:)' was deprecated in macOS 10.10: Use the NSAccessibility protocol methods instead (see NSAccessibilityProtocols.h) [#DeprecatedDeclaration]
780 |     func testVersionsViewSeparatesInstalledPinFromCandidateAndDisclaimsHistory() throws {
781 |         _ = NSApplication.shared
782 |         NSApplication.shared.accessibilitySetValue(true,
    |                              `- warning: 'accessibilitySetValue(_:forAttribute:)' was deprecated in macOS 10.10: Use the NSAccessibility protocol methods instead (see NSAccessibilityProtocols.h) [#DeprecatedDeclaration]
783 |             forAttribute: NSAccessibility.Attribute(rawValue: "AXEnhancedUserInterface"))
784 |         let client = JarvisClient(config: JarvisConfig(

/Users/admin/mortimer/source/macos/MortimerHost/Tests/MortimerHostTests/SupportingDisplayAcceptanceTests.swift:13:30: warning: 'accessibilitySetValue(_:forAttribute:)' was deprecated in macOS 10.10: Use the NSAccessibility protocol methods instead (see NSAccessibilityProtocols.h) [#DeprecatedDeclaration]
 11 |     func testStreamedResponseRendersOnlyOnSupportingDisplayThenReturnsToMain() throws {
 12 |         _ = NSApplication.shared
 13 |         NSApplication.shared.accessibilitySetValue(true,
    |                              `- warning: 'accessibilitySetValue(_:forAttribute:)' was deprecated in macOS 10.10: Use the NSAccessibility protocol methods instead (see NSAccessibilityProtocols.h) [#DeprecatedDeclaration]
 14 |             forAttribute: NSAccessibility.Attribute(rawValue: "AXEnhancedUserInterface"))
 15 |         let screens = NSScreen.screens

/Users/admin/mortimer/source/macos/MortimerHost/Tests/MortimerHostTests/SupportingDisplayAcceptanceTests.swift:67:30: warning: 'accessibilitySetValue(_:forAttribute:)' was deprecated in macOS 10.10: Use the NSAccessibility protocol methods instead (see NSAccessibilityProtocols.h) [#DeprecatedDeclaration]
 65 |     func testPointerSelectedResultSharesStageOnConnectedDisplays() throws {
 66 |         _ = NSApplication.shared
 67 |         NSApplication.shared.accessibilitySetValue(true,
    |                              `- warning: 'accessibilitySetValue(_:forAttribute:)' was deprecated in macOS 10.10: Use the NSAccessibility protocol methods instead (see NSAccessibilityProtocols.h) [#DeprecatedDeclaration]
 68 |             forAttribute: NSAccessibility.Attribute(rawValue: "AXEnhancedUserInterface"))
 69 |         let screens = NSScreen.screens

/Users/admin/mortimer/source/macos/MortimerHost/Tests/MortimerHostTests/SupportingDisplayAcceptanceTests.swift:125:30: warning: 'accessibilitySetValue(_:forAttribute:)' was deprecated in macOS 10.10: Use the NSAccessibility protocol methods instead (see NSAccessibilityProtocols.h) [#DeprecatedDeclaration]
123 |     func testReturningToOriginalPanelsPreservesResearchPinsAndReadingState() throws {
124 |         _ = NSApplication.shared
125 |         NSApplication.shared.accessibilitySetValue(true,
    |                              `- warning: 'accessibilitySetValue(_:forAttribute:)' was deprecated in macOS 10.10: Use the NSAccessibility protocol methods instead (see NSAccessibilityProtocols.h) [#DeprecatedDeclaration]
126 |             forAttribute: NSAccessibility.Attribute(rawValue: "AXEnhancedUserInterface"))
127 |         let suite = "supporting-display-" + UUID().uuidString

[#DeprecatedDeclaration]: <https://docs.swift.org/compiler/documentation/diagnostics/deprecated-declaration>
[178/184] Compiling MortimerHostTests WindowVisibilityTests.swift
/Users/admin/mortimer/source/macos/MortimerHost/Tests/MortimerHostTests/SkillsWorkspaceRenderingTests.swift:478:30: warning: 'accessibilitySetValue(_:forAttribute:)' was deprecated in macOS 10.10: Use the NSAccessibility protocol methods instead (see NSAccessibilityProtocols.h) [#DeprecatedDeclaration]
476 |     func testLibraryAndSelectedProcessStepRenderAtWideAndNarrowWidths() throws {
477 |         _ = NSApplication.shared
478 |         NSApplication.shared.accessibilitySetValue(true,
    |                              `- warning: 'accessibilitySetValue(_:forAttribute:)' was deprecated in macOS 10.10: Use the NSAccessibility protocol methods instead (see NSAccessibilityProtocols.h) [#DeprecatedDeclaration]
479 |             forAttribute: NSAccessibility.Attribute(rawValue: "AXEnhancedUserInterface"))
480 |         let client = JarvisClient(config: JarvisConfig(

/Users/admin/mortimer/source/macos/MortimerHost/Tests/MortimerHostTests/SkillsWorkspaceRenderingTests.swift:611:30: warning: 'accessibilitySetValue(_:forAttribute:)' was deprecated in macOS 10.10: Use the NSAccessibility protocol methods instead (see NSAccessibilityProtocols.h) [#DeprecatedDeclaration]
609 |     func testAccessibilitySizeEnvironmentKeepsProcessDetailsExposedInCompactLayout() throws {
610 |         _ = NSApplication.shared
611 |         NSApplication.shared.accessibilitySetValue(true,
    |                              `- warning: 'accessibilitySetValue(_:forAttribute:)' was deprecated in macOS 10.10: Use the NSAccessibility protocol methods instead (see NSAccessibilityProtocols.h) [#DeprecatedDeclaration]
612 |             forAttribute: NSAccessibility.Attribute(rawValue: "AXEnhancedUserInterface"))
613 |         let client = JarvisClient(config: JarvisConfig(

/Users/admin/mortimer/source/macos/MortimerHost/Tests/MortimerHostTests/SkillsWorkspaceRenderingTests.swift:782:30: warning: 'accessibilitySetValue(_:forAttribute:)' was deprecated in macOS 10.10: Use the NSAccessibility protocol methods instead (see NSAccessibilityProtocols.h) [#DeprecatedDeclaration]
780 |     func testVersionsViewSeparatesInstalledPinFromCandidateAndDisclaimsHistory() throws {
781 |         _ = NSApplication.shared
782 |         NSApplication.shared.accessibilitySetValue(true,
    |                              `- warning: 'accessibilitySetValue(_:forAttribute:)' was deprecated in macOS 10.10: Use the NSAccessibility protocol methods instead (see NSAccessibilityProtocols.h) [#DeprecatedDeclaration]
783 |             forAttribute: NSAccessibility.Attribute(rawValue: "AXEnhancedUserInterface"))
784 |         let client = JarvisClient(config: JarvisConfig(

/Users/admin/mortimer/source/macos/MortimerHost/Tests/MortimerHostTests/SupportingDisplayAcceptanceTests.swift:13:30: warning: 'accessibilitySetValue(_:forAttribute:)' was deprecated in macOS 10.10: Use the NSAccessibility protocol methods instead (see NSAccessibilityProtocols.h) [#DeprecatedDeclaration]
 11 |     func testStreamedResponseRendersOnlyOnSupportingDisplayThenReturnsToMain() throws {
 12 |         _ = NSApplication.shared
 13 |         NSApplication.shared.accessibilitySetValue(true,
    |                              `- warning: 'accessibilitySetValue(_:forAttribute:)' was deprecated in macOS 10.10: Use the NSAccessibility protocol methods instead (see NSAccessibilityProtocols.h) [#DeprecatedDeclaration]
 14 |             forAttribute: NSAccessibility.Attribute(rawValue: "AXEnhancedUserInterface"))
 15 |         let screens = NSScreen.screens

/Users/admin/mortimer/source/macos/MortimerHost/Tests/MortimerHostTests/SupportingDisplayAcceptanceTests.swift:67:30: warning: 'accessibilitySetValue(_:forAttribute:)' was deprecated in macOS 10.10: Use the NSAccessibility protocol methods instead (see NSAccessibilityProtocols.h) [#DeprecatedDeclaration]
 65 |     func testPointerSelectedResultSharesStageOnConnectedDisplays() throws {
 66 |         _ = NSApplication.shared
 67 |         NSApplication.shared.accessibilitySetValue(true,
    |                              `- warning: 'accessibilitySetValue(_:forAttribute:)' was deprecated in macOS 10.10: Use the NSAccessibility protocol methods instead (see NSAccessibilityProtocols.h) [#DeprecatedDeclaration]
 68 |             forAttribute: NSAccessibility.Attribute(rawValue: "AXEnhancedUserInterface"))
 69 |         let screens = NSScreen.screens

/Users/admin/mortimer/source/macos/MortimerHost/Tests/MortimerHostTests/SupportingDisplayAcceptanceTests.swift:125:30: warning: 'accessibilitySetValue(_:forAttribute:)' was deprecated in macOS 10.10: Use the NSAccessibility protocol methods instead (see NSAccessibilityProtocols.h) [#DeprecatedDeclaration]
123 |     func testReturningToOriginalPanelsPreservesResearchPinsAndReadingState() throws {
124 |         _ = NSApplication.shared
125 |         NSApplication.shared.accessibilitySetValue(true,
    |                              `- warning: 'accessibilitySetValue(_:forAttribute:)' was deprecated in macOS 10.10: Use the NSAccessibility protocol methods instead (see NSAccessibilityProtocols.h) [#DeprecatedDeclaration]
126 |             forAttribute: NSAccessibility.Attribute(rawValue: "AXEnhancedUserInterface"))
127 |         let suite = "supporting-display-" + UUID().uuidString

[#DeprecatedDeclaration]: <https://docs.swift.org/compiler/documentation/diagnostics/deprecated-declaration>
[179/184] Compiling MortimerHostTests WorkspaceRenderingTests.swift
/Users/admin/mortimer/source/macos/MortimerHost/Tests/MortimerHostTests/SkillsWorkspaceRenderingTests.swift:478:30: warning: 'accessibilitySetValue(_:forAttribute:)' was deprecated in macOS 10.10: Use the NSAccessibility protocol methods instead (see NSAccessibilityProtocols.h) [#DeprecatedDeclaration]
476 |     func testLibraryAndSelectedProcessStepRenderAtWideAndNarrowWidths() throws {
477 |         _ = NSApplication.shared
478 |         NSApplication.shared.accessibilitySetValue(true,
    |                              `- warning: 'accessibilitySetValue(_:forAttribute:)' was deprecated in macOS 10.10: Use the NSAccessibility protocol methods instead (see NSAccessibilityProtocols.h) [#DeprecatedDeclaration]
479 |             forAttribute: NSAccessibility.Attribute(rawValue: "AXEnhancedUserInterface"))
480 |         let client = JarvisClient(config: JarvisConfig(

/Users/admin/mortimer/source/macos/MortimerHost/Tests/MortimerHostTests/SkillsWorkspaceRenderingTests.swift:611:30: warning: 'accessibilitySetValue(_:forAttribute:)' was deprecated in macOS 10.10: Use the NSAccessibility protocol methods instead (see NSAccessibilityProtocols.h) [#DeprecatedDeclaration]
609 |     func testAccessibilitySizeEnvironmentKeepsProcessDetailsExposedInCompactLayout() throws {
610 |         _ = NSApplication.shared
611 |         NSApplication.shared.accessibilitySetValue(true,
    |                              `- warning: 'accessibilitySetValue(_:forAttribute:)' was deprecated in macOS 10.10: Use the NSAccessibility protocol methods instead (see NSAccessibilityProtocols.h) [#DeprecatedDeclaration]
612 |             forAttribute: NSAccessibility.Attribute(rawValue: "AXEnhancedUserInterface"))
613 |         let client = JarvisClient(config: JarvisConfig(

/Users/admin/mortimer/source/macos/MortimerHost/Tests/MortimerHostTests/SkillsWorkspaceRenderingTests.swift:782:30: warning: 'accessibilitySetValue(_:forAttribute:)' was deprecated in macOS 10.10: Use the NSAccessibility protocol methods instead (see NSAccessibilityProtocols.h) [#DeprecatedDeclaration]
780 |     func testVersionsViewSeparatesInstalledPinFromCandidateAndDisclaimsHistory() throws {
781 |         _ = NSApplication.shared
782 |         NSApplication.shared.accessibilitySetValue(true,
    |                              `- warning: 'accessibilitySetValue(_:forAttribute:)' was deprecated in macOS 10.10: Use the NSAccessibility protocol methods instead (see NSAccessibilityProtocols.h) [#DeprecatedDeclaration]
783 |             forAttribute: NSAccessibility.Attribute(rawValue: "AXEnhancedUserInterface"))
784 |         let client = JarvisClient(config: JarvisConfig(

/Users/admin/mortimer/source/macos/MortimerHost/Tests/MortimerHostTests/SupportingDisplayAcceptanceTests.swift:13:30: warning: 'accessibilitySetValue(_:forAttribute:)' was deprecated in macOS 10.10: Use the NSAccessibility protocol methods instead (see NSAccessibilityProtocols.h) [#DeprecatedDeclaration]
 11 |     func testStreamedResponseRendersOnlyOnSupportingDisplayThenReturnsToMain() throws {
 12 |         _ = NSApplication.shared
 13 |         NSApplication.shared.accessibilitySetValue(true,
    |                              `- warning: 'accessibilitySetValue(_:forAttribute:)' was deprecated in macOS 10.10: Use the NSAccessibility protocol methods instead (see NSAccessibilityProtocols.h) [#DeprecatedDeclaration]
 14 |             forAttribute: NSAccessibility.Attribute(rawValue: "AXEnhancedUserInterface"))
 15 |         let screens = NSScreen.screens

/Users/admin/mortimer/source/macos/MortimerHost/Tests/MortimerHostTests/SupportingDisplayAcceptanceTests.swift:67:30: warning: 'accessibilitySetValue(_:forAttribute:)' was deprecated in macOS 10.10: Use the NSAccessibility protocol methods instead (see NSAccessibilityProtocols.h) [#DeprecatedDeclaration]
 65 |     func testPointerSelectedResultSharesStageOnConnectedDisplays() throws {
 66 |         _ = NSApplication.shared
 67 |         NSApplication.shared.accessibilitySetValue(true,
    |                              `- warning: 'accessibilitySetValue(_:forAttribute:)' was deprecated in macOS 10.10: Use the NSAccessibility protocol methods instead (see NSAccessibilityProtocols.h) [#DeprecatedDeclaration]
 68 |             forAttribute: NSAccessibility.Attribute(rawValue: "AXEnhancedUserInterface"))
 69 |         let screens = NSScreen.screens

/Users/admin/mortimer/source/macos/MortimerHost/Tests/MortimerHostTests/SupportingDisplayAcceptanceTests.swift:125:30: warning: 'accessibilitySetValue(_:forAttribute:)' was deprecated in macOS 10.10: Use the NSAccessibility protocol methods instead (see NSAccessibilityProtocols.h) [#DeprecatedDeclaration]
123 |     func testReturningToOriginalPanelsPreservesResearchPinsAndReadingState() throws {
124 |         _ = NSApplication.shared
125 |         NSApplication.shared.accessibilitySetValue(true,
    |                              `- warning: 'accessibilitySetValue(_:forAttribute:)' was deprecated in macOS 10.10: Use the NSAccessibility protocol methods instead (see NSAccessibilityProtocols.h) [#DeprecatedDeclaration]
126 |             forAttribute: NSAccessibility.Attribute(rawValue: "AXEnhancedUserInterface"))
127 |         let suite = "supporting-display-" + UUID().uuidString

[#DeprecatedDeclaration]: <https://docs.swift.org/compiler/documentation/diagnostics/deprecated-declaration>
[180/184] Compiling MortimerHostTests WorkspaceResultDetailsTests.swift
/Users/admin/mortimer/source/macos/MortimerHost/Tests/MortimerHostTests/SkillsWorkspaceRenderingTests.swift:478:30: warning: 'accessibilitySetValue(_:forAttribute:)' was deprecated in macOS 10.10: Use the NSAccessibility protocol methods instead (see NSAccessibilityProtocols.h) [#DeprecatedDeclaration]
476 |     func testLibraryAndSelectedProcessStepRenderAtWideAndNarrowWidths() throws {
477 |         _ = NSApplication.shared
478 |         NSApplication.shared.accessibilitySetValue(true,
    |                              `- warning: 'accessibilitySetValue(_:forAttribute:)' was deprecated in macOS 10.10: Use the NSAccessibility protocol methods instead (see NSAccessibilityProtocols.h) [#DeprecatedDeclaration]
479 |             forAttribute: NSAccessibility.Attribute(rawValue: "AXEnhancedUserInterface"))
480 |         let client = JarvisClient(config: JarvisConfig(

/Users/admin/mortimer/source/macos/MortimerHost/Tests/MortimerHostTests/SkillsWorkspaceRenderingTests.swift:611:30: warning: 'accessibilitySetValue(_:forAttribute:)' was deprecated in macOS 10.10: Use the NSAccessibility protocol methods instead (see NSAccessibilityProtocols.h) [#DeprecatedDeclaration]
609 |     func testAccessibilitySizeEnvironmentKeepsProcessDetailsExposedInCompactLayout() throws {
610 |         _ = NSApplication.shared
611 |         NSApplication.shared.accessibilitySetValue(true,
    |                              `- warning: 'accessibilitySetValue(_:forAttribute:)' was deprecated in macOS 10.10: Use the NSAccessibility protocol methods instead (see NSAccessibilityProtocols.h) [#DeprecatedDeclaration]
612 |             forAttribute: NSAccessibility.Attribute(rawValue: "AXEnhancedUserInterface"))
613 |         let client = JarvisClient(config: JarvisConfig(

/Users/admin/mortimer/source/macos/MortimerHost/Tests/MortimerHostTests/SkillsWorkspaceRenderingTests.swift:782:30: warning: 'accessibilitySetValue(_:forAttribute:)' was deprecated in macOS 10.10: Use the NSAccessibility protocol methods instead (see NSAccessibilityProtocols.h) [#DeprecatedDeclaration]
780 |     func testVersionsViewSeparatesInstalledPinFromCandidateAndDisclaimsHistory() throws {
781 |         _ = NSApplication.shared
782 |         NSApplication.shared.accessibilitySetValue(true,
    |                              `- warning: 'accessibilitySetValue(_:forAttribute:)' was deprecated in macOS 10.10: Use the NSAccessibility protocol methods instead (see NSAccessibilityProtocols.h) [#DeprecatedDeclaration]
783 |             forAttribute: NSAccessibility.Attribute(rawValue: "AXEnhancedUserInterface"))
784 |         let client = JarvisClient(config: JarvisConfig(

/Users/admin/mortimer/source/macos/MortimerHost/Tests/MortimerHostTests/SupportingDisplayAcceptanceTests.swift:13:30: warning: 'accessibilitySetValue(_:forAttribute:)' was deprecated in macOS 10.10: Use the NSAccessibility protocol methods instead (see NSAccessibilityProtocols.h) [#DeprecatedDeclaration]
 11 |     func testStreamedResponseRendersOnlyOnSupportingDisplayThenReturnsToMain() throws {
 12 |         _ = NSApplication.shared
 13 |         NSApplication.shared.accessibilitySetValue(true,
    |                              `- warning: 'accessibilitySetValue(_:forAttribute:)' was deprecated in macOS 10.10: Use the NSAccessibility protocol methods instead (see NSAccessibilityProtocols.h) [#DeprecatedDeclaration]
 14 |             forAttribute: NSAccessibility.Attribute(rawValue: "AXEnhancedUserInterface"))
 15 |         let screens = NSScreen.screens

/Users/admin/mortimer/source/macos/MortimerHost/Tests/MortimerHostTests/SupportingDisplayAcceptanceTests.swift:67:30: warning: 'accessibilitySetValue(_:forAttribute:)' was deprecated in macOS 10.10: Use the NSAccessibility protocol methods instead (see NSAccessibilityProtocols.h) [#DeprecatedDeclaration]
 65 |     func testPointerSelectedResultSharesStageOnConnectedDisplays() throws {
 66 |         _ = NSApplication.shared
 67 |         NSApplication.shared.accessibilitySetValue(true,
    |                              `- warning: 'accessibilitySetValue(_:forAttribute:)' was deprecated in macOS 10.10: Use the NSAccessibility protocol methods instead (see NSAccessibilityProtocols.h) [#DeprecatedDeclaration]
 68 |             forAttribute: NSAccessibility.Attribute(rawValue: "AXEnhancedUserInterface"))
 69 |         let screens = NSScreen.screens

/Users/admin/mortimer/source/macos/MortimerHost/Tests/MortimerHostTests/SupportingDisplayAcceptanceTests.swift:125:30: warning: 'accessibilitySetValue(_:forAttribute:)' was deprecated in macOS 10.10: Use the NSAccessibility protocol methods instead (see NSAccessibilityProtocols.h) [#DeprecatedDeclaration]
123 |     func testReturningToOriginalPanelsPreservesResearchPinsAndReadingState() throws {
124 |         _ = NSApplication.shared
125 |         NSApplication.shared.accessibilitySetValue(true,
    |                              `- warning: 'accessibilitySetValue(_:forAttribute:)' was deprecated in macOS 10.10: Use the NSAccessibility protocol methods instead (see NSAccessibilityProtocols.h) [#DeprecatedDeclaration]
126 |             forAttribute: NSAccessibility.Attribute(rawValue: "AXEnhancedUserInterface"))
127 |         let suite = "supporting-display-" + UUID().uuidString

[#DeprecatedDeclaration]: <https://docs.swift.org/compiler/documentation/diagnostics/deprecated-declaration>
[181/184] Compiling MortimerHostTests WorkspaceSourcesRenderingTests.swift
/Users/admin/mortimer/source/macos/MortimerHost/Tests/MortimerHostTests/SkillsWorkspaceRenderingTests.swift:478:30: warning: 'accessibilitySetValue(_:forAttribute:)' was deprecated in macOS 10.10: Use the NSAccessibility protocol methods instead (see NSAccessibilityProtocols.h) [#DeprecatedDeclaration]
476 |     func testLibraryAndSelectedProcessStepRenderAtWideAndNarrowWidths() throws {
477 |         _ = NSApplication.shared
478 |         NSApplication.shared.accessibilitySetValue(true,
    |                              `- warning: 'accessibilitySetValue(_:forAttribute:)' was deprecated in macOS 10.10: Use the NSAccessibility protocol methods instead (see NSAccessibilityProtocols.h) [#DeprecatedDeclaration]
479 |             forAttribute: NSAccessibility.Attribute(rawValue: "AXEnhancedUserInterface"))
480 |         let client = JarvisClient(config: JarvisConfig(

/Users/admin/mortimer/source/macos/MortimerHost/Tests/MortimerHostTests/SkillsWorkspaceRenderingTests.swift:611:30: warning: 'accessibilitySetValue(_:forAttribute:)' was deprecated in macOS 10.10: Use the NSAccessibility protocol methods instead (see NSAccessibilityProtocols.h) [#DeprecatedDeclaration]
609 |     func testAccessibilitySizeEnvironmentKeepsProcessDetailsExposedInCompactLayout() throws {
610 |         _ = NSApplication.shared
611 |         NSApplication.shared.accessibilitySetValue(true,
    |                              `- warning: 'accessibilitySetValue(_:forAttribute:)' was deprecated in macOS 10.10: Use the NSAccessibility protocol methods instead (see NSAccessibilityProtocols.h) [#DeprecatedDeclaration]
612 |             forAttribute: NSAccessibility.Attribute(rawValue: "AXEnhancedUserInterface"))
613 |         let client = JarvisClient(config: JarvisConfig(

/Users/admin/mortimer/source/macos/MortimerHost/Tests/MortimerHostTests/SkillsWorkspaceRenderingTests.swift:782:30: warning: 'accessibilitySetValue(_:forAttribute:)' was deprecated in macOS 10.10: Use the NSAccessibility protocol methods instead (see NSAccessibilityProtocols.h) [#DeprecatedDeclaration]
780 |     func testVersionsViewSeparatesInstalledPinFromCandidateAndDisclaimsHistory() throws {
781 |         _ = NSApplication.shared
782 |         NSApplication.shared.accessibilitySetValue(true,
    |                              `- warning: 'accessibilitySetValue(_:forAttribute:)' was deprecated in macOS 10.10: Use the NSAccessibility protocol methods instead (see NSAccessibilityProtocols.h) [#DeprecatedDeclaration]
783 |             forAttribute: NSAccessibility.Attribute(rawValue: "AXEnhancedUserInterface"))
784 |         let client = JarvisClient(config: JarvisConfig(

/Users/admin/mortimer/source/macos/MortimerHost/Tests/MortimerHostTests/SupportingDisplayAcceptanceTests.swift:13:30: warning: 'accessibilitySetValue(_:forAttribute:)' was deprecated in macOS 10.10: Use the NSAccessibility protocol methods instead (see NSAccessibilityProtocols.h) [#DeprecatedDeclaration]
 11 |     func testStreamedResponseRendersOnlyOnSupportingDisplayThenReturnsToMain() throws {
 12 |         _ = NSApplication.shared
 13 |         NSApplication.shared.accessibilitySetValue(true,
    |                              `- warning: 'accessibilitySetValue(_:forAttribute:)' was deprecated in macOS 10.10: Use the NSAccessibility protocol methods instead (see NSAccessibilityProtocols.h) [#DeprecatedDeclaration]
 14 |             forAttribute: NSAccessibility.Attribute(rawValue: "AXEnhancedUserInterface"))
 15 |         let screens = NSScreen.screens

/Users/admin/mortimer/source/macos/MortimerHost/Tests/MortimerHostTests/SupportingDisplayAcceptanceTests.swift:67:30: warning: 'accessibilitySetValue(_:forAttribute:)' was deprecated in macOS 10.10: Use the NSAccessibility protocol methods instead (see NSAccessibilityProtocols.h) [#DeprecatedDeclaration]
 65 |     func testPointerSelectedResultSharesStageOnConnectedDisplays() throws {
 66 |         _ = NSApplication.shared
 67 |         NSApplication.shared.accessibilitySetValue(true,
    |                              `- warning: 'accessibilitySetValue(_:forAttribute:)' was deprecated in macOS 10.10: Use the NSAccessibility protocol methods instead (see NSAccessibilityProtocols.h) [#DeprecatedDeclaration]
 68 |             forAttribute: NSAccessibility.Attribute(rawValue: "AXEnhancedUserInterface"))
 69 |         let screens = NSScreen.screens

/Users/admin/mortimer/source/macos/MortimerHost/Tests/MortimerHostTests/SupportingDisplayAcceptanceTests.swift:125:30: warning: 'accessibilitySetValue(_:forAttribute:)' was deprecated in macOS 10.10: Use the NSAccessibility protocol methods instead (see NSAccessibilityProtocols.h) [#DeprecatedDeclaration]
123 |     func testReturningToOriginalPanelsPreservesResearchPinsAndReadingState() throws {
124 |         _ = NSApplication.shared
125 |         NSApplication.shared.accessibilitySetValue(true,
    |                              `- warning: 'accessibilitySetValue(_:forAttribute:)' was deprecated in macOS 10.10: Use the NSAccessibility protocol methods instead (see NSAccessibilityProtocols.h) [#DeprecatedDeclaration]
126 |             forAttribute: NSAccessibility.Attribute(rawValue: "AXEnhancedUserInterface"))
127 |         let suite = "supporting-display-" + UUID().uuidString

[#DeprecatedDeclaration]: <https://docs.swift.org/compiler/documentation/diagnostics/deprecated-declaration>
[182/184] Compiling MortimerHostTests WorkspaceStoreTests.swift
/Users/admin/mortimer/source/macos/MortimerHost/Tests/MortimerHostTests/SkillsWorkspaceRenderingTests.swift:478:30: warning: 'accessibilitySetValue(_:forAttribute:)' was deprecated in macOS 10.10: Use the NSAccessibility protocol methods instead (see NSAccessibilityProtocols.h) [#DeprecatedDeclaration]
476 |     func testLibraryAndSelectedProcessStepRenderAtWideAndNarrowWidths() throws {
477 |         _ = NSApplication.shared
478 |         NSApplication.shared.accessibilitySetValue(true,
    |                              `- warning: 'accessibilitySetValue(_:forAttribute:)' was deprecated in macOS 10.10: Use the NSAccessibility protocol methods instead (see NSAccessibilityProtocols.h) [#DeprecatedDeclaration]
479 |             forAttribute: NSAccessibility.Attribute(rawValue: "AXEnhancedUserInterface"))
480 |         let client = JarvisClient(config: JarvisConfig(

/Users/admin/mortimer/source/macos/MortimerHost/Tests/MortimerHostTests/SkillsWorkspaceRenderingTests.swift:611:30: warning: 'accessibilitySetValue(_:forAttribute:)' was deprecated in macOS 10.10: Use the NSAccessibility protocol methods instead (see NSAccessibilityProtocols.h) [#DeprecatedDeclaration]
609 |     func testAccessibilitySizeEnvironmentKeepsProcessDetailsExposedInCompactLayout() throws {
610 |         _ = NSApplication.shared
611 |         NSApplication.shared.accessibilitySetValue(true,
    |                              `- warning: 'accessibilitySetValue(_:forAttribute:)' was deprecated in macOS 10.10: Use the NSAccessibility protocol methods instead (see NSAccessibilityProtocols.h) [#DeprecatedDeclaration]
612 |             forAttribute: NSAccessibility.Attribute(rawValue: "AXEnhancedUserInterface"))
613 |         let client = JarvisClient(config: JarvisConfig(

/Users/admin/mortimer/source/macos/MortimerHost/Tests/MortimerHostTests/SkillsWorkspaceRenderingTests.swift:782:30: warning: 'accessibilitySetValue(_:forAttribute:)' was deprecated in macOS 10.10: Use the NSAccessibility protocol methods instead (see NSAccessibilityProtocols.h) [#DeprecatedDeclaration]
780 |     func testVersionsViewSeparatesInstalledPinFromCandidateAndDisclaimsHistory() throws {
781 |         _ = NSApplication.shared
782 |         NSApplication.shared.accessibilitySetValue(true,
    |                              `- warning: 'accessibilitySetValue(_:forAttribute:)' was deprecated in macOS 10.10: Use the NSAccessibility protocol methods instead (see NSAccessibilityProtocols.h) [#DeprecatedDeclaration]
783 |             forAttribute: NSAccessibility.Attribute(rawValue: "AXEnhancedUserInterface"))
784 |         let client = JarvisClient(config: JarvisConfig(

/Users/admin/mortimer/source/macos/MortimerHost/Tests/MortimerHostTests/SupportingDisplayAcceptanceTests.swift:13:30: warning: 'accessibilitySetValue(_:forAttribute:)' was deprecated in macOS 10.10: Use the NSAccessibility protocol methods instead (see NSAccessibilityProtocols.h) [#DeprecatedDeclaration]
 11 |     func testStreamedResponseRendersOnlyOnSupportingDisplayThenReturnsToMain() throws {
 12 |         _ = NSApplication.shared
 13 |         NSApplication.shared.accessibilitySetValue(true,
    |                              `- warning: 'accessibilitySetValue(_:forAttribute:)' was deprecated in macOS 10.10: Use the NSAccessibility protocol methods instead (see NSAccessibilityProtocols.h) [#DeprecatedDeclaration]
 14 |             forAttribute: NSAccessibility.Attribute(rawValue: "AXEnhancedUserInterface"))
 15 |         let screens = NSScreen.screens

/Users/admin/mortimer/source/macos/MortimerHost/Tests/MortimerHostTests/SupportingDisplayAcceptanceTests.swift:67:30: warning: 'accessibilitySetValue(_:forAttribute:)' was deprecated in macOS 10.10: Use the NSAccessibility protocol methods instead (see NSAccessibilityProtocols.h) [#DeprecatedDeclaration]
 65 |     func testPointerSelectedResultSharesStageOnConnectedDisplays() throws {
 66 |         _ = NSApplication.shared
 67 |         NSApplication.shared.accessibilitySetValue(true,
    |                              `- warning: 'accessibilitySetValue(_:forAttribute:)' was deprecated in macOS 10.10: Use the NSAccessibility protocol methods instead (see NSAccessibilityProtocols.h) [#DeprecatedDeclaration]
 68 |             forAttribute: NSAccessibility.Attribute(rawValue: "AXEnhancedUserInterface"))
 69 |         let screens = NSScreen.screens

/Users/admin/mortimer/source/macos/MortimerHost/Tests/MortimerHostTests/SupportingDisplayAcceptanceTests.swift:125:30: warning: 'accessibilitySetValue(_:forAttribute:)' was deprecated in macOS 10.10: Use the NSAccessibility protocol methods instead (see NSAccessibilityProtocols.h) [#DeprecatedDeclaration]
123 |     func testReturningToOriginalPanelsPreservesResearchPinsAndReadingState() throws {
124 |         _ = NSApplication.shared
125 |         NSApplication.shared.accessibilitySetValue(true,
    |                              `- warning: 'accessibilitySetValue(_:forAttribute:)' was deprecated in macOS 10.10: Use the NSAccessibility protocol methods instead (see NSAccessibilityProtocols.h) [#DeprecatedDeclaration]
126 |             forAttribute: NSAccessibility.Attribute(rawValue: "AXEnhancedUserInterface"))
127 |         let suite = "supporting-display-" + UUID().uuidString

[#DeprecatedDeclaration]: <https://docs.swift.org/compiler/documentation/diagnostics/deprecated-declaration>
[183/186] Emitting module MortimerHostPackageTests
[184/186] Compiling MortimerHostPackageTests runner.swift
[184/186] Write Objects.LinkFileList
[185/186] Linking MortimerHostPackageTests
Build complete! (28.29s)
